id,name,start,end,median,mean,q025,q975,q25,q75,iqr,med_lin,q025_lin,q975_lin,med_year,q025_year,q975_year,population
0,Göttingen,325.0,275.0,-0.0018658003080259666,-0.00673596701831167,-0.03308745165425109,0.0,-0.009052620287559043,0.0,0.009052620287559043,-11.11111111111111,-200.0,0.0,1642.0,277.0,324.0,5000.0
0,Göttingen,375.0,325.0,0.0,0.0,0.0,0.0,0.0,0.0,0.0,0.0,0.0,0.0,1600.5,326.0,373.0,7000.0
0,Göttingen,425.0,375.0,0.0,0.0,0.0,0.0,0.0,0.0,0.0,0.0,0.0,0.0,1550.0,376.0,423.525,7000.0
0,Göttingen,500.0,425.0,0.0037455776157904186,0.005133965818809171,0.002165825127119264,0.018392801882601385,0.0028986177673395175,0.0052712229634732655,0.002372605196133748,22.22222222222222,12.859801488833748,108.3333333333332,1489.5,427.0,498.0,7000.0
0,Göttingen,600.0,500.0,-0.006417723755382743,-0.01065807500971671,-0.04591294867132789,-0.003117593531999197,-0.010221629493857493,-0.00473625978701786,0.005485369706839632,-41.0958904109589,-300.0,-19.930463576158942,1400.5,503.0,597.525,5000.0
0,Göttingen,700.0,600.0,,,0.15462928525803052,79999.0,0.3459492470940049,5.5641978794547065,5.218248632360702,,101.88123214865303,7999.9,1319.5,601.0,693.0,8000.0
50,Einbeck,325.0,275.0,0.0,0.0,0.0,0.0,0.0,0.0,0.0,0.0,0.0,0.0,1643.0,277.975,324.0,4000.0
50,Einbeck,375.0,325.0,-0.004452927215533697,-0.006027076492473422,-0.02112396402864784,-0.002532509946232553,-0.006012757378045408,-0.0034805467948112456,0.0025322105832341624,-20.0,-95.68181818181817,-11.363636363636363,1601.0,325.475,373.0,4000.0
50,Einbeck,425.0,375.0,-0.005500753449975804,-0.007330006991470638,-0.02374722096275672,-0.00301252539957094,-0.007794400622751385,-0.004197070535029934,0.003597330087721451,-32.78688524590164,-142.85714285714286,-17.933558558558563,1550.0,376.0,423.0,5000.0
50,Einbeck,500.0,425.0,0.009674886800466354,0.01289872291663276,0.005481406041985215,0.04026636125949767,0.007379020745735154,0.013380294606980814,0.0060012738612456595,45.45454545454545,25.806451612903224,186.36363636363618,1489.5,426.475,497.0,7000.0
50,Einbeck,600.0,500.0,0.005569770364137305,0.011134825510754526,0.0026973338393508905,0.031681116530724474,0.004145969914096881,0.009102714753431995,0.004956744839335114,13.698630136986301,6.643487858719647,76.92307692307692,1398.0,503.0,596.0,3000.0
50,Einbeck,700.0,600.0,,,0.1391803889186347,19999.0,0.2809310403725769,2.4484882412482154,2.1675572008756383,,26.314473684210526,1999.9,1321.0,600.0,694.0,2000.0
65,Aachen,325.0,275.0,-0.0010843635707892263,-0.0037561468709730317,-0.02100462399079217,0.0,-0.005150346298033015,0.0,0.005150346298033015,-22.727272727272727,-444.44444444444446,0.0,1642.0,276.0,324.0,19000.0
65,Aachen,375.0,325.0,0.0026404977703102794,0.0037262503224093483,0.001589465754369801,0.010808917430489284,0.0020499742739278903,0.003784492970916986,0.0017345186969890958,56.60377358490566,34.09090909090909,230.76923076923077,1602.0,326.0,373.0,23000.0
65,Aachen,425.0,375.0,0.0017287140745065877,0.0025041492832957586,0.0009582817284314871,0.00881870060450729,0.0013516885503630505,0.0026374849512158516,0.0012857964008528011,32.78688524590164,18.181818181818183,166.66666666666666,1548.5,376.0,423.0,20000.0
65,Aachen,500.0,425.0,0.00685813872300689,0.009524628812452807,0.0037993714135402534,0.029825461723499425,0.005203737620303406,0.010012276617167748,0.004808538996864342,93.02325581395348,51.61290322580645,400.0,1488.0,425.475,498.0,18000.0
65,Aachen,600.0,500.0,-0.007460065406865668,-0.011990682498978398,-0.04780194234648161,-0.003760773746738444,-0.011686904639817919,-0.005529811210223334,0.0061570934295945845,-101.91496267445635,-666.6666666666666,-51.282051282051285,1400.0,501.475,596.0,10000.0
65,Aachen,700.0,600.0,,,0.17259576797429288,179999.0,0.39952219977712633,3.538465758279022,3.1389435585018957,,236.84078947368423,17999.9,1315.5,600.0,695.0,18000.0
68,Aalborg,325.0,275.0,-0.000989896835059012,-0.003822386109713149,-0.020054137073244327,0.0,-0.004786443997759293,0.0,0.004786443997759293,-5.434782608695652,-111.11111111111111,0.0,1642.0,278.0,324.0,5000.0
68,Aalborg,375.0,325.0,0.013683900322685627,0.01968965813903939,0.0076460851390429685,0.06504108943996267,0.010360752348765823,0.02059590957958668,0.010235157230820857,58.8235294117647,32.967032967032964,272.72727272727275,1600.0,326.0,372.0,6000.0
68,Aalborg,425.0,375.0,0.006456709352256285,0.008698810255374757,0.00365951855834723,0.02938526445012246,0.004941974581209874,0.008853420605916984,0.00391144602470711,15.873015873015873,9.00900900900901,71.42857142857143,1549.0,376.0,423.0,3000.0
68,Aalborg,500.0,425.0,0.008092418974347648,0.010480851444776468,0.004481931237688697,0.03059554475200943,0.006139363372389406,0.011475765144395966,0.00533640177200656,11.627906976744185,6.451612903225806,43.47826086956522,1484.0,427.0,497.0,2000.0
68,Aalborg,600.0,500.0,-0.00971513651191136,-0.015566727407549009,-0.05872097337879976,-0.0049913361403915125,-0.014639596005697975,-0.007194279508731083,0.007445316496966892,-14.084507042253522,-87.31060606060605,-7.219007402773435,1399.0,502.0,597.525,1000.0
68,Aalborg,700.0,600.0,,,0.13627045781138794,19999.0,0.28704932729203325,3.1155971378360787,2.8285478105440456,,25.797910839160842,1999.9,1319.0,600.0,694.0,2000.0
69,Aalst (Vlaanderen),325.0,275.0,0.0,0.0,0.0,0.0,0.0,0.0,0.0,0.0,0.0,0.0,1641.0,277.0,324.0,7000.0
69,Aalst (Vlaanderen),375.0,325.0,0.0030877709707235468,0.005166774100488986,0.0017726320456368683,0.016448456596793854,0.0024022213592902464,0.004544136943253729,0.002141915583963483,20.0,11.489164904862578,105.83333333333309,1599.0,326.0,373.0,7000.0
69,Aalst (Vlaanderen),425.0,375.0,0.0028981846051745475,0.00393479595502438,0.0016438862497256679,0.014123543114045178,0.0022816183987428573,0.003971377206025695,0.0016897588072828373,15.873015873015873,9.00900900900901,76.92307692307692,1550.0,375.475,423.0,6000.0
69,Aalst (Vlaanderen),500.0,425.0,0.0025681604948701864,0.003395884032294244,0.0014223070257568526,0.010682538587555745,0.0018928362021146672,0.0035625744758956412,0.001669738273780974,11.494252873563218,6.369426751592357,47.61904761904762,1489.0,426.0,497.0,5000.0
69,Aalst (Vlaanderen),600.0,500.0,0.0,0.0,0.0,0.0,0.0,0.0,0.0,0.0,0.0,0.0,1400.0,502.475,597.0,4000.0
69,Aalst (Vlaanderen),700.0,600.0,,,0.13356952291870322,39999.0,0.3033213205630634,3.5439876423907704,3.2406663218277068,,47.3237468487395,3999.9,1320.0,600.0,696.0,4000.0
72,Aarhus,325.0,275.0,-0.001198258391156004,-0.004531549695406604,-0.022127772871167753,0.0,-0.0061792613312130484,0.0,0.0061792613312130484,-5.376344086021505,-100.27777777777776,0.0,1641.5,277.0,324.0,4000.0
72,Aarhus,375.0,325.0,0.004472844466388848,0.006425830110394882,0.0025103766455460974,0.018769265121506118,0.0034388771294375786,0.00621768201324735,0.002778804883809771,20.0,11.235955056179776,83.33333333333333,1603.0,326.0,373.0,5000.0
72,Aarhus,425.0,375.0,0.004576823912877392,0.005930221631507816,0.00266727375503506,0.01814274521212278,0.003472062759659167,0.006559649797480471,0.0030875870378213044,15.873015873015873,9.25925925925926,62.5,1551.0,375.0,422.525,4000.0
72,Aarhus,500.0,425.0,0.004725842294654337,0.006367028465293062,0.002602515988875398,0.022781461820273075,0.0035630440784122364,0.006669109111452354,0.0031060650330401174,11.627906976744185,6.410256410256411,55.55555555555556,1487.0,427.0,496.0,3000.0
72,Aarhus,600.0,500.0,-0.005218361847136144,-0.009333299336180151,-0.036189388115712484,-0.002654208128132411,-0.009172787033247531,-0.003967257676113167,0.005205529357134364,-12.903762903762903,-90.9090909090909,-6.554786273329323,1401.5,502.0,597.0,2000.0
72,Aarhus,700.0,600.0,,,0.13841511218016606,29999.0,0.3025607302937148,4.574255561017864,4.271694830724149,,37.72421716772152,2999.9,1318.0,600.0,695.0,3000.0
132,Olsztyn,325.0,275.0,0.0,0.0,0.0,0.0,0.0,0.0,0.0,0.0,0.0,0.0,1642.0,277.0,324.0,1000.0
132,Olsztyn,375.0,325.0,0.0,0.0,0.0,0.0,0.0,0.0,0.0,0.0,0.0,0.0,1600.0,326.0,373.525,1000.0
132,Olsztyn,425.0,375.0,0.0,0.0,0.0,0.0,0.0,0.0,0.0,0.0,0.0,0.0,1551.0,376.0,423.0,1000.0
132,Olsztyn,500.0,425.0,0.0,0.0,0.0,0.0,0.0,0.0,0.0,0.0,0.0,0.0,1486.5,427.0,498.0,1000.0
132,Olsztyn,600.0,500.0,,,0.1203666768768292,9999.0,0.2915496650148839,2.72759372031494,2.436044055300056,,12.338705030487805,999.9,1421.5,500.0,595.0,1000.0
186,Altenburg ,325.0,275.0,0.0012275679298473507,0.004584049709322292,0.0,0.02262864421090602,0.0,0.00621768201324735,0.00621768201324735,5.4945054945054945,0.0,100.27777777777753,1642.0,277.0,324.0,5000.0
186,Altenburg ,375.0,325.0,0.005888331169939143,0.007743412372780775,0.003183081747005362,0.022376061343984732,0.004576823912877392,0.0082533605159536,0.003676536603076208,20.408163265306122,11.047008547008547,76.92307692307692,1600.0,326.0,373.0,4000.0
186,Altenburg ,425.0,375.0,0.0,0.0,0.0,0.0,0.0,0.0,0.0,0.0,0.0,0.0,1550.0,376.0,423.0,3000.0
186,Altenburg ,500.0,425.0,0.0,0.0,0.0,0.0,0.0,0.0,0.0,0.0,0.0,0.0,1487.0,426.0,497.0,3000.0
186,Altenburg ,600.0,500.0,0.01581826615963977,0.024573709043259725,0.007302109393320322,0.0816334003527659,0.011361060706561843,0.02715764707645074,0.0157965863698889,28.571428571428573,13.245033112582782,142.85714285714286,1398.0,502.0,597.525,3000.0
186,Altenburg ,700.0,600.0,,,0.12790588178316764,9999.0,0.25020554058065503,2.1622776601683795,1.9120721195877244,,13.066875000000001,999.9,1320.0,600.0,694.0,1000.0
244,Amersfoort,325.0,275.0,0.0013529800997847952,0.00558262441665382,0.0,0.031912940515340216,0.0,0.006815401707661817,0.006815401707661817,10.75268817204301,0.0,250.0,1642.0,277.0,324.0,9000.0
244,Amersfoort,375.0,325.0,0.0031508858794473404,0.004360394474682731,0.0017335309409398647,0.012928752866029347,0.002411507390084555,0.004544136943253729,0.002132629553169174,20.408163265306122,11.235955056179776,83.33333333333333,1601.0,326.0,373.0,7000.0
244,Amersfoort,425.0,375.0,-0.00244384512411433,-0.0034556899173100366,-0.012300126533849067,-0.001375398626723312,-0.003517591395300834,-0.001811893944409615,0.0017056974508912193,-15.873015873015873,-80.28846153846152,-8.928571428571429,1551.0,375.475,423.0,6000.0
244,Amersfoort,500.0,425.0,0.014760580343480934,0.020217575653863753,0.008112804083376024,0.06010534190357033,0.011248173943752438,0.0226228693045738,0.011374695360821363,58.48153214774281,32.249000999001,232.9545454545452,1486.0,426.0,497.0,7000.0
244,Amersfoort,600.0,500.0,-0.005251940705303326,-0.00871506930796315,-0.03322429427293372,-0.0027544655208595614,-0.00824065622001302,-0.003967257676113167,0.004273398543899853,-12.987012987012987,-83.33333333333333,-6.802721088435374,1403.0,502.0,597.525,2000.0
244,Amersfoort,700.0,600.0,,,0.1462590056856541,29999.0,0.35419135474646546,3.6643339533861425,3.3101425986396773,,39.7223600877193,2999.9,1319.0,600.0,695.0,3000.0
250,Amsterdam,325.0,275.0,0.0029660008960471496,0.01184401342053221,0.0,0.07117458792398335,0.0,0.014580172325237672,0.014580172325237672,236.55913978494624,0.0,5500.0,1642.0,277.0,324.0,104000.0
250,Amsterdam,375.0,325.0,0.01609835840505891,0.022828908889591673,0.009115244190287308,0.0763237822490657,0.012360501072511187,0.023248429466172893,0.010887928393661706,660.0,375.0,3038.7499999999873,1600.0,326.0,373.0,60000.0
250,Amsterdam,425.0,375.0,0.012955107800172172,0.019155180531645995,0.007202185472102718,0.07650634159907366,0.009938454523041429,0.019975681924389255,0.010037227401347826,238.0952380952381,132.7433628318584,1363.6363636363637,1549.0,376.0,423.0,27000.0
250,Amsterdam,500.0,425.0,0.015350632896039551,0.023438858189119696,0.009042550492122992,0.07382995247033493,0.011919143304855329,0.024296950292834685,0.012377806987979356,98.9010989010989,58.44155844155844,462.43421052631527,1487.0,426.0,498.0,12000.0
250,Amsterdam,600.0,500.0,0.014755973964525326,0.02296726468199866,0.007398329233012718,0.07895260692974121,0.011273400682350054,0.022793340815152496,0.011519940132802442,26.666666666666668,13.41891891891892,138.33333333333312,1398.0,502.0,596.0,3000.0
250,Amsterdam,700.0,600.0,,,0.11735910194850852,9999.0,0.2742749857031337,2.72759372031494,2.4533187346118064,,12.046987951807228,999.9,1317.0,600.0,694.0,1000.0
253,Andernach,325.0,275.0,0.0,0.0,0.0,0.0,0.0,0.0,0.0,0.0,0.0,0.0,1643.0,277.0,324.0,3000.0
253,Andernach,375.0,325.0,0.0,0.0,0.0,0.0,0.0,0.0,0.0,0.0,0.0,0.0,1600.0,326.0,373.0,3000.0
253,Andernach,425.0,375.0,0.0,0.0,0.0,0.0,0.0,0.0,0.0,0.0,0.0,0.0,1550.5,376.0,423.0,3000.0
253,Andernach,500.0,425.0,0.004618189163819064,0.008047034773347773,0.002593802065528872,0.031681116530724474,0.00362678510604475,0.006780636928134465,0.003153851822089715,11.363636363636363,6.388820839457782,76.92307692307692,1486.0,427.0,497.525,3000.0
253,Andernach,600.0,500.0,-0.005184782988968961,-0.007681679689065864,-0.02666893922145752,-0.0026712823092151414,-0.00824065622001302,-0.003919390502529457,0.004321265717483563,-12.820512820512821,-66.66666666666667,-6.597010372178162,1399.0,501.0,595.525,2000.0
253,Andernach,700.0,600.0,,,0.1452742339423847,29999.0,0.311653070932316,2.627773439663084,2.3161203687307683,,39.472368421052636,2999.9,1315.0,600.0,696.0,3000.0
258,Anklam,325.0,275.0,-0.0029271774898368963,-0.010333548908114467,-0.05517769163081476,0.0,-0.013352828924830251,0.0,0.013352828924830251,-11.494252873563218,-222.22222222222223,0.0,1642.0,277.975,324.0,3000.0
258,Anklam,375.0,325.0,0.010479542501580674,0.01289414558969142,0.005853595990514465,0.03464155347127251,0.007982645897707363,0.013901842220686689,0.005919196322979325,40.816326530612244,22.851358411703238,133.33333333333334,1601.0,326.0,372.0,5000.0
258,Anklam,425.0,375.0,0.006615149920522256,0.008962586402371606,0.003761362793079037,0.030590586792438465,0.004956941626377054,0.009474018174702836,0.004517076548325782,16.261237440507667,9.25925925925926,74.31318681318669,1550.0,375.475,423.0,3000.0
258,Anklam,500.0,425.0,0.007907775099265324,0.010552807501300965,0.004570592257936212,0.03200827973420961,0.006264107164007271,0.010762969341457151,0.0044988621774498805,11.363636363636363,6.578947368421052,45.45454545454545,1487.0,427.0,497.525,2000.0
258,Anklam,600.0,500.0,-0.00919938673477072,-0.013311538400819287,-0.046810282811976876,-0.0047846107879033544,-0.014046278251899968,-0.006977033367622565,0.007069244884277404,-13.333333333333334,-69.16666666666666,-6.919300766283526,1401.0,502.0,597.0,1000.0
258,Anklam,700.0,600.0,,,0.1391100884913047,19999.0,0.2977319584968121,3.1155971378360787,2.8178651793392664,,26.301715151515154,1999.9,1320.0,600.0,696.025,2000.0
266,nan,325.0,275.0,0.0016560818099657926,0.007235149435408338,0.0,0.03661464962807748,0.0,0.007805496438260562,0.007805496438260562,5.747126436781609,0.0,125.0,1642.0,277.0,324.0,4000.0
266,nan,375.0,325.0,0.0,0.0,0.0,0.0,0.0,0.0,0.0,0.0,0.0,0.0,1601.0,326.0,373.0,3000.0
266,nan,425.0,375.0,0.006355503360101045,0.008780202951065913,0.00365951855834723,0.02938526445012246,0.004956941626377054,0.009257705998790833,0.004300764372413779,15.625,9.00900900900901,71.42857142857143,1551.0,376.0,422.0,3000.0
266,nan,500.0,425.0,0.008188012619719132,0.011050004208311264,0.0043954269233966335,0.03200827973420961,0.006152897631075405,0.011619440301922523,0.005466542670847119,11.764705882352942,6.3273644994592,45.45454545454545,1486.0,426.0,498.0,2000.0
266,nan,600.0,500.0,0.0,0.0,0.0,0.0,0.0,0.0,0.0,0.0,0.0,0.0,1401.0,502.0,596.525,1000.0
266,nan,700.0,600.0,,,0.13155540862114612,9999.0,0.2826498305280605,2.72759372031494,2.444943889786879,,13.417577027027026,999.9,1320.0,600.0,695.0,1000.0
268,Antwerpen,325.0,275.0,0.0009428453091997469,0.003378306390499341,0.0,0.017674791564427528,0.0,0.00450251855210837,0.00450251855210837,48.38709677419355,0.0,900.0,1642.0,276.0,324.0,56000.0
268,Antwerpen,375.0,325.0,0.0043474113047614615,0.007215580797430673,0.0024183905318067023,0.02275174236243448,0.0034342940753699924,0.006462045318803122,0.00302775124343313,183.6734693877551,102.27272727272727,952.4999999999977,1601.0,327.0,373.0,47000.0
268,Antwerpen,425.0,375.0,0.0035880699187793574,0.005084789468385923,0.0021512996230699244,0.017028268571412264,0.002784915139281363,0.005042217879920763,0.0022573027406393997,121.21212121212122,72.72727272727273,571.4285714285714,1554.0,375.0,423.0,38000.0
268,Antwerpen,500.0,425.0,0.008188012619719132,0.012808677339482644,0.00442347844146237,0.052248171191651226,0.006321233202251975,0.012022509754104904,0.00570127655185293,176.47058823529412,95.51484907497566,1101.562499999993,1486.0,426.0,498.0,30000.0
268,Antwerpen,600.0,500.0,0.01007860906260305,0.01974991763885738,0.0050748677433815614,0.08401177155496214,0.007555849116683944,0.015359565048547186,0.007803715931863242,105.26315789473684,53.134934652066406,846.6666666666647,1401.0,502.0,597.0,15000.0
268,Antwerpen,700.0,600.0,,,0.15695593670235186,69999.0,0.34122790317461327,3.033083884198029,2.6918559810234157,,91.4759659090909,6999.9,1317.0,600.0,694.0,7000.0
272,Apeldoorn,325.0,275.0,0.0,0.0,0.0,0.0,0.0,0.0,0.0,0.0,0.0,0.0,1642.0,277.0,324.0,1000.0
272,Apeldoorn,375.0,325.0,0.0,0.0,0.0,0.0,0.0,0.0,0.0,0.0,0.0,0.0,1600.0,326.0,373.0,1000.0
272,Apeldoorn,425.0,375.0,0.0,0.0,0.0,0.0,0.0,0.0,0.0,0.0,0.0,0.0,1549.0,376.0,423.0,1000.0
272,Apeldoorn,500.0,425.0,0.0,0.0,0.0,0.0,0.0,0.0,0.0,0.0,0.0,0.0,1489.0,427.0,498.0,1000.0
272,Apeldoorn,600.0,500.0,-0.008847134054860262,-0.015043082456602627,-0.07072510506918898,-0.004534220280215427,-0.014336801359812412,-0.006706991333789714,0.007629810026022699,-12.820512820512821,-105.83333333333331,-6.556372549019609,1403.0,502.0,596.0,1000.0
272,Apeldoorn,700.0,600.0,,,0.14968241133298044,19999.0,0.2977319584968121,3.389199680773787,3.091467722276975,,28.16760563380282,1999.9,1316.0,600.0,694.0,2000.0
296,Arnhem,325.0,275.0,0.0,0.0,0.0,0.0,0.0,0.0,0.0,0.0,0.0,0.0,1641.0,277.0,324.0,7000.0
296,Arnhem,375.0,325.0,0.006752138322153822,0.00929798908945661,0.0037043412809907306,0.026220339705550266,0.005189917151443568,0.008954217121948493,0.003764299970504925,40.0,21.978021978021978,153.84615384615384,1601.0,326.0,374.0,7000.0
296,Arnhem,425.0,375.0,-0.003034080459655475,-0.003907518207172387,-0.011015528654364871,-0.0016786210118888843,-0.004436994564335883,-0.0023650113692817998,0.0020719831950540835,-16.666666666666668,-60.75367647058823,-9.21466190961604,1549.0,376.0,423.0,5000.0
296,Arnhem,500.0,425.0,0.007731369217151451,0.010133018548859493,0.004540651386895078,0.025557855154985706,0.005993295084069983,0.010720863771376044,0.004727568687306061,33.333333333333336,19.607843137254903,109.22619047619038,1490.0,427.0,497.0,6000.0
296,Arnhem,600.0,500.0,0.005569770364137305,0.009001811441558368,0.0027620735572391197,0.03436608313191658,0.004062882299923132,0.009257705998790833,0.005194823698867701,13.698630136986301,6.802721088435374,83.33333333333333,1399.0,503.0,597.0,3000.0
296,Arnhem,700.0,600.0,,,0.14319950298086326,19999.0,0.3069051036156929,4.210007309586913,3.9031022059712197,,27.02567567567568,1999.9,1319.0,600.0,696.0,2000.0
317,Aschaffenburg,325.0,275.0,0.0,0.0,0.0,0.0,0.0,0.0,0.0,0.0,0.0,0.0,1641.0,277.0,324.0,2000.0
317,Aschaffenburg,375.0,325.0,0.014246386967327274,0.02111581017918021,0.007999031637823784,0.06857558531553601,0.011063084486895525,0.021897148654116627,0.010834064167221102,20.408163265306122,11.494252873563218,95.68181818181797,1599.0,326.0,374.0,2000.0
317,Aschaffenburg,425.0,375.0,0.0,0.0,0.0,0.0,0.0,0.0,0.0,0.0,0.0,0.0,1552.5,376.0,423.525,1000.0
317,Aschaffenburg,500.0,425.0,0.0,0.0,0.0,0.0,0.0,0.0,0.0,0.0,0.0,0.0,1488.0,427.475,498.525,1000.0
317,Aschaffenburg,600.0,500.0,-0.00971513651191136,-0.015417452284446399,-0.06106908933829369,-0.004562969135440591,-0.014718561120305007,-0.006977033367622565,0.007741527752682442,-14.084507042253522,-90.9090909090909,-6.598039215686278,1398.0,502.475,597.525,1000.0
317,Aschaffenburg,700.0,600.0,,,0.13538044560631102,19999.0,0.32704781514661274,4.210007309586913,3.8829594944403,,25.639743589743592,1999.9,1318.0,600.0,693.0,2000.0
322,Aschersleben,325.0,275.0,0.0023907865762341496,0.008403120682597893,0.0,0.04608191864321465,0.0,0.011018780911828951,0.011018780911828951,5.882352941176471,0.0,111.11111111111111,1641.0,277.0,324.0,3000.0
322,Aschersleben,375.0,325.0,0.013683900322685627,0.01871243978087866,0.007999031637823784,0.06857558531553601,0.010889286051700475,0.019440643702144822,0.008551357650444347,19.607843137254903,11.494252873563218,95.68181818181797,1600.0,326.0,373.0,2000.0
322,Aschersleben,425.0,375.0,0.0,0.0,0.0,0.0,0.0,0.0,0.0,0.0,0.0,0.0,1550.0,376.0,423.0,1000.0
322,Aschersleben,500.0,425.0,0.0,0.0,0.0,0.0,0.0,0.0,0.0,0.0,0.0,0.0,1487.0,426.475,497.0,1000.0
322,Aschersleben,600.0,500.0,-0.010292149893498692,-0.0182591391521418,-0.08299595679532878,-0.004902384690683799,-0.016084872972755154,-0.007505897480557411,0.008578975492197743,-14.925373134328359,-125.0,-7.090040241448695,1398.5,503.0,598.0,1000.0
322,Aschersleben,700.0,600.0,,,0.13627045781138794,19999.0,0.2890887562651854,6.247796636776956,5.958707880511771,,25.797910839160842,1999.9,1326.0,600.0,694.0,2000.0
355,Ústí nad Labem,325.0,275.0,0.0,0.0,0.0,0.0,0.0,0.0,0.0,0.0,0.0,0.0,1642.0,277.0,324.0,2000.0
355,Ústí nad Labem,375.0,325.0,0.014102933378678184,0.020609978829870024,0.007731369217151451,0.06504108943996267,0.010847180481619367,0.019580885131908365,0.008733704650288998,20.20408163265306,11.11111111111111,90.9090909090909,1599.5,326.0,373.525,2000.0
355,Ústí nad Labem,425.0,375.0,0.0,0.0,0.0,0.0,0.0,0.0,0.0,0.0,0.0,0.0,1550.0,376.0,423.0,1000.0
355,Ústí nad Labem,500.0,425.0,0.0,0.0,0.0,0.0,0.0,0.0,0.0,0.0,0.0,0.0,1488.5,427.0,497.0,1000.0
355,Ústí nad Labem,600.0,500.0,-0.00971513651191136,-0.015203679538922224,-0.05192248566082858,-0.004834003071959915,-0.015037904114486772,-0.006907504562964073,0.008130399551522699,-14.084507042253522,-76.92307692307692,-6.990903755868547,1397.0,502.475,596.0,1000.0
355,Ústí nad Labem,700.0,600.0,,,0.13262531894754884,19999.0,0.2977319584968121,3.1155971378360787,2.8178651793392664,,25.14905893987342,1999.9,1319.5,600.0,695.0,2000.0
403,Bamberg,325.0,275.0,-0.0004831629419035366,-0.0019347129132879254,-0.009621346579011925,0.0,-0.002482951705946479,0.0,0.002482951705946479,-5.555555555555555,-111.11111111111111,0.0,1640.0,277.0,324.0,11000.0
403,Bamberg,375.0,325.0,0.005602221800847906,0.007461325928527428,0.0032744638420139083,0.02336679902741204,0.004368332749805415,0.007805496438260562,0.003437163688455147,58.2579185520362,34.09090909090909,240.8653846153842,1602.0,326.0,373.0,12000.0
403,Bamberg,425.0,375.0,0.004061684894982598,0.0054512321036137516,0.002235949788148012,0.01489301364623885,0.0030695114331340534,0.006038322305699617,0.0029688108725655638,32.25806451612903,17.774178255372945,117.6470588235294,1549.0,375.475,423.0,9000.0
403,Bamberg,500.0,425.0,0.003920131561488738,0.005215965617336952,0.0021454334209451975,0.015613357224854503,0.003056611248752894,0.005946989054464946,0.002890377805712052,23.25581395348837,12.738853503184714,92.08333333333296,1486.0,426.0,498.0,7000.0
403,Bamberg,600.0,500.0,-0.0061651751129901955,-0.010200889701503133,-0.037031652569854634,-0.003202566535342403,-0.009795530115928514,-0.004689008405802775,0.005106521710125739,-39.473684210526315,-240.86538461538458,-20.474559686888455,1403.0,503.475,596.525,5000.0
403,Bamberg,700.0,600.0,,,0.16245067272595426,79999.0,0.31700541514409575,5.5641978794547065,5.2471924643106105,,106.66533333333332,7999.9,1319.0,600.0,694.0,8000.0
476,Bautzen,325.0,275.0,-0.0011730615143566991,-0.004548514834402757,-0.022067231457071457,0.0,-0.0061792613312130484,0.0,0.0061792613312130484,-5.2631578947368425,-100.0,0.0,1642.0,277.0,324.0,4000.0
476,Bautzen,375.0,325.0,0.0,0.0,0.0,0.0,0.0,0.0,0.0,0.0,0.0,0.0,1601.0,326.0,373.0,5000.0
476,Bautzen,425.0,375.0,0.0,0.0,0.0,0.0,0.0,0.0,0.0,0.0,0.0,0.0,1550.0,375.475,423.0,5000.0
476,Bautzen,500.0,425.0,0.0,0.0,0.0,0.0,0.0,0.0,0.0,0.0,0.0,0.0,1487.0,427.0,498.0,5000.0
476,Bautzen,600.0,500.0,0.007022151774518148,0.011681550309952047,0.003376955788184477,0.05840007284126747,0.005173189761867425,0.010268879222139482,0.005095689460272057,27.397260273972602,13.199285465318926,222.22222222222223,1402.0,502.0,597.0,5000.0
476,Bautzen,700.0,600.0,,,0.14029624193697868,29999.0,0.29195429623451224,2.627773439663084,2.335819143428572,,38.204666098669264,2999.9,1318.0,600.0,695.025,3000.0
479,Bayreuth,325.0,275.0,0.002335697795680214,0.00932534588832968,0.0,0.05198950550864412,0.0,0.011018780911828951,0.011018780911828951,5.747126436781609,0.0,125.0,1641.0,277.0,324.0,3000.0
479,Bayreuth,375.0,325.0,0.0,0.0,0.0,0.0,0.0,0.0,0.0,0.0,0.0,0.0,1600.0,325.0,373.0,2000.0
479,Bayreuth,425.0,375.0,0.0,0.0,0.0,0.0,0.0,0.0,0.0,0.0,0.0,0.0,1549.0,376.0,423.0,2000.0
479,Bayreuth,500.0,425.0,0.007907775099265324,0.01223044359780425,0.004553769660870322,0.03200827973420961,0.006194227700365373,0.011242520665180722,0.0050482929648153485,11.363636363636363,6.55478627332932,45.45454545454545,1487.0,427.0,497.0,2000.0
479,Bayreuth,600.0,500.0,0.0,0.0,0.0,0.0,0.0,0.0,0.0,0.0,0.0,0.0,1399.0,503.0,596.0,1000.0
479,Bayreuth,700.0,600.0,,,0.11730339657059341,9999.0,0.2826498305280605,2.72759372031494,2.444943889786879,,12.041478658536585,999.9,1320.0,600.0,695.0,1000.0
485,Beckum (Werse),325.0,275.0,0.0,0.0,0.0,0.0,0.0,0.0,0.0,0.0,0.0,0.0,1642.0,277.0,324.0,2000.0
485,Beckum (Werse),375.0,325.0,0.014545334937523746,0.01895777708329222,0.007731369217151451,0.05723201086741209,0.011019634878096762,0.020001609421198996,0.008981974543102234,20.833333333333332,11.11111111111111,80.28846153846139,1601.0,326.0,373.0,2000.0
485,Beckum (Werse),425.0,375.0,0.0,0.0,0.0,0.0,0.0,0.0,0.0,0.0,0.0,0.0,1551.5,376.0,423.525,1000.0
485,Beckum (Werse),500.0,425.0,0.0,0.0,0.0,0.0,0.0,0.0,0.0,0.0,0.0,0.0,1488.0,426.0,497.0,1000.0
485,Beckum (Werse),600.0,500.0,-0.00932312146765335,-0.014341034876185845,-0.05612568731830647,-0.0047689178123264675,-0.014336801359812412,-0.006977033367622565,0.007359767992189847,-13.513513513513514,-83.33333333333333,-6.896551724137931,1402.0,503.0,597.0,1000.0
485,Beckum (Werse),700.0,600.0,,,0.1335571422695565,19999.0,0.2977319584968121,4.210007309586913,3.9122753510901003,,25.315189873417722,1999.9,1321.0,600.0,693.025,2000.0
565,Bergen op Zoom,325.0,275.0,0.0,0.0,0.0,0.0,0.0,0.0,0.0,0.0,0.0,0.0,1641.0,277.0,324.0,2000.0
565,Bergen op Zoom,375.0,325.0,0.013959479790029095,0.01954380047536007,0.007907775099265324,0.06504108943996267,0.010557571994472825,0.020001609421198996,0.00944403742672617,20.0,11.363636363636363,90.9090909090909,1601.0,326.0,374.0,2000.0
565,Bergen op Zoom,425.0,375.0,0.0,0.0,0.0,0.0,0.0,0.0,0.0,0.0,0.0,0.0,1550.0,376.0,423.0,1000.0
565,Bergen op Zoom,500.0,425.0,0.0,0.0,0.0,0.0,0.0,0.0,0.0,0.0,0.0,0.0,1487.0,427.0,497.0,1000.0
565,Bergen op Zoom,600.0,500.0,0.0,0.0,0.0,0.0,0.0,0.0,0.0,0.0,0.0,0.0,1400.0,502.0,595.0,1000.0
565,Bergen op Zoom,700.0,600.0,,,0.1354190550832535,9999.0,0.2742749857031337,2.72759372031494,2.4533187346118064,,13.787624143835616,999.9,1321.0,600.0,694.025,1000.0
573,Bergisch Gladbach,325.0,275.0,0.0,0.0,0.0,0.0,0.0,0.0,0.0,0.0,0.0,0.0,1641.0,277.0,324.0,1000.0
573,Bergisch Gladbach,375.0,325.0,0.0,0.0,0.0,0.0,0.0,0.0,0.0,0.0,0.0,0.0,1600.0,326.0,374.0,1000.0
573,Bergisch Gladbach,425.0,375.0,0.0,0.0,0.0,0.0,0.0,0.0,0.0,0.0,0.0,0.0,1550.0,375.475,423.0,1000.0
573,Bergisch Gladbach,500.0,425.0,,,0.16735717345623627,9999.0,0.4022693051722122,3.6415888336127784,3.239319528440566,,16.799167372881357,999.9,1501.0,425.0,496.0,1000.0
579,Berlin,325.0,275.0,0.004809821118306634,0.018837720052483232,0.0,0.09696300628523202,0.0,0.021586329491436462,0.021586329491436462,74.71264367816092,0.0,1444.4444444444443,1642.0,277.0,324.0,23000.0
579,Berlin,375.0,325.0,0.002109432041083714,0.0029641906687985485,0.0011713579006018549,0.00962424673506379,0.001622245428888336,0.0030148359516932732,0.0013925905228049373,20.0,11.11111111111111,90.9090909090909,1600.0,326.0,373.0,10000.0
579,Berlin,425.0,375.0,0.0,0.0,0.0,0.0,0.0,0.0,0.0,0.0,0.0,0.0,1550.0,375.0,424.0,9000.0
579,Berlin,500.0,425.0,0.00640943859084131,0.008346641118019672,0.0037025931523259783,0.02719776450517537,0.005036458179662473,0.00898019579437942,0.003943737614716947,43.47826086956522,25.150316455696203,182.60869565217354,1486.0,426.0,497.0,9000.0
579,Berlin,600.0,500.0,0.0031928513449166473,0.005540289139192346,0.0015401057902013626,0.018769265121506118,0.0023271155327202475,0.005327080400978623,0.0029999648682583757,14.285714285714286,6.896551724137931,83.33333333333333,1395.5,503.0,597.0,5000.0
579,Berlin,700.0,600.0,,,0.14647583028385455,39999.0,0.3535909072284309,4.848035476425731,4.4944445691973005,,51.59711163836164,3999.9,1319.0,600.0,694.0,4000.0
586,Bernburg,325.0,275.0,0.0,0.0,0.0,0.0,0.0,0.0,0.0,0.0,0.0,0.0,1642.0,277.0,324.0,4000.0
586,Bernburg,375.0,325.0,0.005888331169939143,0.008341963447246602,0.0032186963454341523,0.030915896045724443,0.004576823912877392,0.008755747830623717,0.0041789239177463244,20.408163265306122,11.170411985018728,105.83333333333309,1601.0,326.0,373.0,4000.0
586,Bernburg,425.0,375.0,0.0,0.0,0.0,0.0,0.0,0.0,0.0,0.0,0.0,0.0,1550.0,376.0,423.0,3000.0
586,Bernburg,500.0,425.0,0.013008737353502164,0.02199693177908794,0.007043527104664315,0.09221972849107858,0.009683534827572116,0.017313996305892143,0.0076304614783200275,23.529411764705884,12.777641678915565,160.57692307692278,1488.0,427.0,498.0,3000.0
586,Bernburg,600.0,500.0,-0.009078893329407922,-0.012947218153912723,-0.04384659961520882,-0.0046875393246343525,-0.014046278251899968,-0.007030240424083539,0.007016037827816429,-13.157894736842104,-64.6875,-6.778589814304101,1402.0,501.475,595.525,1000.0
586,Bernburg,700.0,600.0,,,0.12916989847149196,19999.0,0.2890887562651854,2.1161198463621727,1.8270310900969873,,24.53204644685336,1999.9,1318.0,600.0,695.0,2000.0
627,Beveren,325.0,275.0,0.0022830905549138247,0.008324430166845325,0.0,0.04608191864321465,0.0,0.010727263318404345,0.010727263318404345,5.617977528089888,0.0,111.11111111111111,1640.5,277.0,324.0,3000.0
627,Beveren,375.0,325.0,0.0,0.0,0.0,0.0,0.0,0.0,0.0,0.0,0.0,0.0,1600.0,326.0,373.525,2000.0
627,Beveren,425.0,375.0,0.0,0.0,0.0,0.0,0.0,0.0,0.0,0.0,0.0,0.0,1553.0,376.0,423.525,2000.0
627,Beveren,500.0,425.0,0.008285891695374081,0.011094460091721253,0.004553769660870322,0.041616010650583846,0.006379410757559878,0.011817539120121179,0.005438128362561301,11.904761904761905,6.55478627332932,58.8235294117647,1487.5,426.0,498.0,2000.0
627,Beveren,600.0,500.0,-0.008847134054860262,-0.013397148413485736,-0.05612568731830647,-0.0046560515929203496,-0.013767295506640798,-0.006839347841746557,0.006927947664894241,-12.820512820512821,-83.33333333333333,-6.7329493923453665,1405.0,501.0,595.525,1000.0
627,Beveren,700.0,600.0,,,0.1335571422695565,19999.0,0.2809310403725769,2.4484882412482154,2.1675572008756383,,25.315189873417722,1999.9,1318.0,601.0,693.0,2000.0
652,Bielefeld,325.0,275.0,0.0,0.0,0.0,0.0,0.0,0.0,0.0,0.0,0.0,0.0,1642.0,276.0,324.0,3000.0
652,Bielefeld,375.0,325.0,0.008309128894722129,0.011241414121345791,0.0045661811098276495,0.04137974399241062,0.006355503360101045,0.012362614549220163,0.006007111189119119,20.408163265306122,11.235955056179776,100.0,1598.0,326.0,373.0,3000.0
652,Bielefeld,425.0,375.0,0.0,0.0,0.0,0.0,0.0,0.0,0.0,0.0,0.0,0.0,1550.0,376.0,424.0,2000.0
652,Bielefeld,500.0,425.0,0.008092418974347648,0.010662937928505289,0.00453935894505666,0.03355778300702772,0.0060987605963314095,0.011063084486895525,0.004964323890564115,11.627906976744185,6.534090909090909,47.61904761904762,1487.0,427.475,497.0,2000.0
652,Bielefeld,600.0,500.0,0.0,0.0,0.0,0.0,0.0,0.0,0.0,0.0,0.0,0.0,1398.0,502.475,597.0,1000.0
652,Bielefeld,700.0,600.0,,,0.1203666768768292,9999.0,0.2518750258625291,2.1622776601683795,1.9104026343058504,,12.338705030487805,999.9,1322.0,600.0,695.0,1000.0
679,Bingen,325.0,275.0,0.0,0.0,0.0,0.0,0.0,0.0,0.0,0.0,0.0,0.0,1641.0,277.0,324.0,2000.0
679,Bingen,375.0,325.0,0.0,0.0,0.0,0.0,0.0,0.0,0.0,0.0,0.0,0.0,1602.0,325.0,373.0,2000.0
679,Bingen,425.0,375.0,0.011242520665180722,0.017175357275882486,0.006289422414658507,0.050756638653219444,0.008594091576999086,0.015878083105551388,0.007283991528552303,16.129032258064516,9.045298165137615,71.42857142857143,1551.0,375.0,424.0,2000.0
679,Bingen,500.0,425.0,0.0,0.0,0.0,0.0,0.0,0.0,0.0,0.0,0.0,0.0,1489.0,427.0,498.0,1000.0
679,Bingen,600.0,500.0,-0.009580852533173756,-0.015628006962235798,-0.05872097337879976,-0.0046560515929203496,-0.014336801359812412,-0.007047976109570531,0.0072888252502418815,-13.88888888888889,-87.31060606060605,-6.7329493923453665,1400.5,502.0,596.525,1000.0
679,Bingen,700.0,600.0,,,0.13262531894754884,19999.0,0.3069051036156929,3.1155971378360787,2.808692034220386,,25.14905893987342,1999.9,1320.0,600.0,693.0,2000.0
752,Bochnia,325.0,275.0,-0.001198258391156004,-0.0043159961163243355,-0.022067231457071457,0.0,-0.005854991058641068,0.0,0.005854991058641068,-5.376344086021505,-100.0,0.0,1642.0,277.975,324.0,4000.0
752,Bochnia,375.0,325.0,0.004518589740944212,0.006463244270371334,0.0025239441613070512,0.019674190321159513,0.003492703312129475,0.006049129325025104,0.0025564260128956295,20.20408163265306,11.296603677221656,87.31060606060589,1601.0,326.475,373.0,5000.0
752,Bochnia,425.0,375.0,0.004689026449875011,0.006239113914501239,0.00261871442600925,0.01661249786776749,0.0035038751704576376,0.006873085131488876,0.0033692099610312387,16.261237440507667,9.090909090909092,57.271241830065286,1551.0,376.475,423.0,4000.0
752,Bochnia,500.0,425.0,0.00451533139369209,0.006124404541054402,0.0026363594120073497,0.02168834043913338,0.0035630440784122364,0.006355503360101045,0.0027924592816888083,11.11111111111111,6.4935064935064934,52.91666666666654,1488.0,426.0,497.0,3000.0
752,Bochnia,600.0,500.0,0.0098104463373212,0.016895255755179285,0.004509823308561728,0.09763816769474852,0.007098002662763392,0.014857097917020168,0.007759095254256776,14.084507042253522,6.491671937592241,134.3749999999996,1398.0,502.0,597.525,2000.0
752,Bochnia,700.0,600.0,,,0.1211817897440687,9999.0,0.2645164830490942,2.72759372031494,2.463077237265846,,12.417739583333333,999.9,1317.0,600.0,694.0,1000.0
755,Bochum,325.0,275.0,0.0038656846085757257,0.015575540762572922,0.0,0.08032093873662965,0.0,0.018408093274101978,0.018408093274101978,5.555555555555555,0.0,111.45833333333302,1640.0,277.0,324.0,2000.0
755,Bochum,375.0,325.0,0.0,0.0,0.0,0.0,0.0,0.0,0.0,0.0,0.0,0.0,1600.0,326.0,373.0,1000.0
755,Bochum,425.0,375.0,0.0,0.0,0.0,0.0,0.0,0.0,0.0,0.0,0.0,0.0,1551.0,375.475,424.0,1000.0
755,Bochum,500.0,425.0,0.0,0.0,0.0,0.0,0.0,0.0,0.0,0.0,0.0,0.0,1487.0,427.0,498.0,1000.0
755,Bochum,600.0,500.0,0.0,0.0,0.0,0.0,0.0,0.0,0.0,0.0,0.0,0.0,1400.0,503.0,597.525,1000.0
755,Bochum,700.0,600.0,,,0.12533558260076494,9999.0,0.2826498305280605,2.9560924986393995,2.6734426681113392,,12.819230769230769,999.9,1321.5,600.0,694.025,1000.0
818,Bonn,325.0,275.0,0.0012011369359810065,0.004524016952800926,0.0,0.025103648456901162,0.0,0.005889473875522411,0.005889473875522411,5.376344086021505,0.0,111.11111111111111,1642.0,277.0,324.0,5000.0
818,Bonn,375.0,325.0,0.00565676435947271,0.00813259999291273,0.003166343765360846,0.02336679902741204,0.004368332749805415,0.0082533605159536,0.003885027766148186,19.607843137254903,10.989010989010989,80.28846153846139,1602.0,326.0,373.0,4000.0
818,Bonn,425.0,375.0,0.0,0.0,0.0,0.0,0.0,0.0,0.0,0.0,0.0,0.0,1551.0,376.0,423.0,3000.0
818,Bonn,500.0,425.0,0.0,0.0,0.0,0.0,0.0,0.0,0.0,0.0,0.0,0.0,1489.0,425.475,498.0,3000.0
818,Bonn,600.0,500.0,-0.006698851769932901,-0.01078861816458214,-0.04361872991396402,-0.0034334551722809115,-0.010216091047037773,-0.005095231284469093,0.00512085976256868,-26.31578947368421,-174.6212121212121,-13.465898784690733,1404.0,501.0,596.0,3000.0
818,Bonn,700.0,600.0,,,0.14009799209078078,49999.0,0.3197340148878116,2.866973986492824,2.5472399716050127,,60.58870885982956,4999.9,1319.0,600.0,694.0,5000.0
928,Brandenburg (Havel),325.0,275.0,0.0,0.0,0.0,0.0,0.0,0.0,0.0,0.0,0.0,0.0,1641.0,276.0,324.0,7000.0
928,Brandenburg (Havel),375.0,325.0,0.003057452933815985,0.0040447058775462735,0.0017628282256729078,0.012928752866029347,0.0023383460376573684,0.004291144032644079,0.0019527979949867103,19.80392156862745,11.425679205851619,83.33333333333333,1601.0,326.0,373.0,7000.0
928,Brandenburg (Havel),425.0,375.0,0.002944998283070266,0.003874558143588686,0.001658843058584436,0.01113833535124827,0.002225907280969386,0.004350425190713381,0.002124517909743995,16.129032258064516,9.090909090909092,60.753676470588154,1550.5,377.0,423.0,6000.0
928,Brandenburg (Havel),500.0,425.0,0.01058773492974363,0.014461110253251164,0.0058711857424673716,0.05537848359662534,0.008214724447581201,0.015134544167366482,0.006919819719785281,34.48275862068966,19.166462518373347,176.47058823529412,1487.0,427.0,496.0,5000.0
928,Brandenburg (Havel),600.0,500.0,0.009540388970986857,0.015491214951793592,0.0050707048403299815,0.07177346253629313,0.007080015592947297,0.014545334937523746,0.007465319344576449,13.698630136986301,7.296994884910486,100.0,1401.5,502.0,596.0,2000.0
928,Brandenburg (Havel),700.0,600.0,,,0.12201845430196334,9999.0,0.2589254117941673,2.1622776601683795,1.9033522483742122,,12.49875,999.9,1320.0,600.0,694.025,1000.0
941,Braniewo,325.0,275.0,0.0,0.0,0.0,0.0,0.0,0.0,0.0,0.0,0.0,0.0,1642.0,277.0,324.0,5000.0
941,Braniewo,375.0,325.0,0.004518589740944212,0.007179664256359061,0.0025239441613070512,0.026774170023420064,0.003492703312129475,0.006395896989544125,0.0029031936774146505,20.20408163265306,11.296603677221656,118.40277777777746,1599.0,326.0,373.0,5000.0
941,Braniewo,425.0,375.0,0.004576823912877392,0.007091658075629112,0.0025950918189878713,0.02160904874222824,0.003557945037178545,0.006413413367788001,0.0028554683306094564,15.873015873015873,9.00900900900901,74.31318681318669,1550.0,375.0,423.0,4000.0
941,Braniewo,500.0,425.0,0.00451533139369209,0.006324826400154111,0.002688807768345125,0.016711544628570867,0.0034715255799644407,0.006257421110539063,0.0027858955305746225,11.11111111111111,6.622516556291391,40.87499999999996,1490.0,427.0,496.0,3000.0
941,Braniewo,600.0,500.0,0.009673533228510944,0.01757743402624046,0.004540651386895078,0.06504108943996267,0.007098002662763392,0.01664043939193549,0.009542436729172099,13.88888888888889,6.5359477124183005,90.9090909090909,1399.0,502.0,596.0,2000.0
941,Braniewo,700.0,600.0,,,0.12533558260076494,9999.0,0.2742749857031337,3.6415888336127784,3.367313847909645,,12.819230769230769,999.9,1322.0,600.0,695.0,1000.0
942,Braunschweig,325.0,275.0,0.0,0.0,0.0,0.0,0.0,0.0,0.0,0.0,0.0,0.0,1641.5,277.0,324.0,16000.0
942,Braunschweig,375.0,325.0,-0.0011880118293713382,-0.0015816987874042463,-0.005566837374519536,-0.0006659827703092702,-0.001594112834843897,-0.0009147088134265902,0.0006794040214173069,-19.607843137254903,-92.08333333333331,-10.989010989010989,1603.0,326.0,373.0,16000.0
942,Braunschweig,425.0,375.0,-0.0009443854607956714,-0.0012929465091602644,-0.0045786303384989565,-0.0005265567761822966,-0.0012982114534841882,-0.0007232625452839869,0.0005749489082002013,-16.530054644808743,-80.28846153846152,-9.21466190961604,1550.0,376.0,423.0,17000.0
942,Braunschweig,500.0,425.0,0.0,0.0,0.0,0.0,0.0,0.0,0.0,0.0,0.0,0.0,1489.0,427.0,497.0,18000.0
942,Braunschweig,600.0,500.0,0.005420841318606762,0.008336471215144331,0.0027337058734443753,0.03436608313191658,0.004145969914096881,0.008309128894722129,0.004163158980625248,80.0,40.39769635407219,500.0,1402.0,502.0,596.525,18000.0
942,Braunschweig,700.0,600.0,,,0.16176344779720342,119999.0,0.37175063153742594,4.316151155627663,3.9444005240902373,,153.84487179487178,11999.9,1320.0,600.0,695.0,12000.0
949,Breda,325.0,275.0,0.0007423916705812106,0.002590660374871823,0.0,0.013442690579665628,0.0,0.0036154766823925932,0.0036154766823925932,5.555555555555555,0.0,100.0,1641.0,276.0,324.0,8000.0
949,Breda,375.0,325.0,0.0030877709707235468,0.004398870142785349,0.00179405716376424,0.015534493002352434,0.00237436326690732,0.004291144032644079,0.0019167807657367586,20.0,11.627906976744185,100.0,1599.0,326.475,373.0,7000.0
949,Breda,425.0,375.0,0.0,0.0,0.0,0.0,0.0,0.0,0.0,0.0,0.0,0.0,1549.0,376.0,423.0,6000.0
949,Breda,500.0,425.0,0.02068903790703125,0.02918911632623508,0.011702749317228811,0.10466507859749519,0.015947330508491342,0.029808750683399943,0.0138614201749086,57.14472309299896,32.467532467532465,277.77777777777777,1488.0,426.0,498.0,6000.0
949,Breda,600.0,500.0,-0.008847134054860262,-0.014021381171611742,-0.04830484698938042,-0.004733979231931168,-0.014955456464126105,-0.006907504562964073,0.008047951901162032,-12.820512820512821,-71.42857142857143,-6.8459084084084125,1400.0,502.0,597.0,1000.0
949,Breda,700.0,600.0,,,0.1335571422695565,19999.0,0.27321917512884375,2.4484882412482154,2.1752690661193714,,25.315189873417722,1999.9,1318.0,600.0,695.0,2000.0
973,Bremen,325.0,275.0,0.0007507394091889052,0.0027892496176257597,0.0,0.01689219210892955,0.0,0.0033438630939348624,0.0033438630939348624,16.853932584269664,0.0,376.3392857142845,1643.0,277.0,324.0,24000.0
973,Bremen,375.0,325.0,0.0020036738482185346,0.0028542689020885307,0.0011246754419881766,0.0106486174409577,0.0015409315330319195,0.002863619735579359,0.0013226882025474396,40.0,22.46212121212121,211.66666666666617,1600.0,326.0,373.0,21000.0
973,Bremen,425.0,375.0,0.0009015264854330685,0.0011359549155720075,0.0004916410092099532,0.003185487697482836,0.000667719384296106,0.001288143737502745,0.0006204243532066389,16.666666666666668,9.090909090909092,58.8235294117647,1550.5,376.0,423.0,19000.0
973,Bremen,500.0,425.0,0.010790318351651118,0.014435688530737959,0.006294245480855614,0.049725497378470894,0.008393093495325799,0.01534986913653058,0.006956775641204782,125.0,73.07836644591612,565.1973684210519,1490.0,426.475,498.0,18000.0
973,Bremen,600.0,500.0,-0.008560911686066652,-0.012710891982870367,-0.045600181898647923,-0.0039847187342194265,-0.012813844735429347,-0.0061712710828285555,0.006642573652600792,-83.33333333333333,-452.4999999999999,-38.698801198801206,1402.0,504.0,596.525,7000.0
973,Bremen,700.0,600.0,,,0.18029919572587957,129999.0,0.4103916261770538,6.117441267127454,5.7070496409504,,183.00454464285716,12999.9,1321.0,600.0,695.0,13000.0
981,Wrocław,325.0,275.0,0.0,0.0,0.0,0.0,0.0,0.0,0.0,0.0,0.0,0.0,1642.0,276.0,324.0,40000.0
981,Wrocław,375.0,325.0,0.0045643350154995765,0.0060995060073129595,0.0025103766455460974,0.01731305178338105,0.0034258290471923525,0.006443080143127555,0.003017251095935203,163.26530612244898,89.88764044943821,615.3846153846154,1601.0,327.0,373.0,40000.0
981,Wrocław,425.0,375.0,0.004055086226091964,0.00567006281939658,0.0022360644724412847,0.022695537393521148,0.0031296984246194093,0.005894928008458589,0.0027652295838391794,114.75409836065573,63.33538083538083,636.3636363636364,1550.0,376.0,423.0,32000.0
981,Wrocław,500.0,425.0,0.010466792301105698,0.015354580488171541,0.00579689729265061,0.047123429301771866,0.007999572452234816,0.01488863044297628,0.006889057990741465,170.45454545454547,94.62323859565322,753.759398496239,1489.0,427.0,497.0,25000.0
981,Wrocław,600.0,500.0,-0.0023351090487125914,-0.004215062504860901,-0.01806695543808734,-0.0012265068790656868,-0.003871667752315955,-0.0017685464772517756,0.0021031212750641792,-25.64524083511425,-200.0,-13.462585034013612,1401.0,502.0,598.0,10000.0
981,Wrocław,700.0,600.0,,,0.1712175850530191,119999.0,0.3396135482553657,3.314173986065234,2.9745604378098687,,162.1608108108108,11999.9,1316.5,600.0,694.025,12000.0
983,Brest,325.0,275.0,0.0,0.0,0.0,0.0,0.0,0.0,0.0,0.0,0.0,0.0,1640.0,278.0,324.0,1000.0
983,Brest,375.0,325.0,0.0,0.0,0.0,0.0,0.0,0.0,0.0,0.0,0.0,0.0,1598.0,326.0,374.0,1000.0
983,Brest,425.0,375.0,0.0,0.0,0.0,0.0,0.0,0.0,0.0,0.0,0.0,0.0,1550.0,376.0,423.0,1000.0
983,Brest,500.0,425.0,0.0,0.0,0.0,0.0,0.0,0.0,0.0,0.0,0.0,0.0,1489.0,426.0,498.0,1000.0
983,Brest,600.0,500.0,-0.009450230099967927,-0.015231214115097546,-0.05612568731830647,-0.00454849973143346,-0.014955456464126105,-0.006977033367622565,0.00797842309650354,-13.698630136986301,-83.33333333333333,-6.577067913258021,1398.0,501.475,596.0,1000.0
983,Brest,700.0,600.0,,,0.13262531894754884,19999.0,0.2890887562651854,3.1155971378360787,2.8265083815708936,,25.14905893987342,1999.9,1319.0,600.0,695.025,2000.0
989,Brzeg,325.0,275.0,0.0016560818099657926,0.005801685180275713,0.0,0.029186008964760646,0.0,0.00802318328887508,0.00802318328887508,5.747126436781609,0.0,100.0,1640.0,277.0,324.0,4000.0
989,Brzeg,375.0,325.0,0.0,0.0,0.0,0.0,0.0,0.0,0.0,0.0,0.0,0.0,1601.0,326.0,373.525,3000.0
989,Brzeg,425.0,375.0,0.006306462235320054,0.009087417156309324,0.0037780920887743874,0.02938526445012246,0.004956941626377054,0.009474018174702836,0.004517076548325782,15.504807692307693,9.30036344755971,71.42857142857143,1551.0,375.475,423.0,3000.0
989,Brzeg,500.0,425.0,0.00768872717809721,0.009986794351239944,0.004438213075232811,0.029981223400463657,0.006152897631075405,0.011063084486895525,0.00491018685582012,11.05006105006105,6.388820839457782,42.617753623188364,1488.0,427.0,496.0,2000.0
989,Brzeg,600.0,500.0,0.0,0.0,0.0,0.0,0.0,0.0,0.0,0.0,0.0,0.0,1398.0,503.0,597.0,1000.0
989,Brzeg,700.0,600.0,,,0.12533558260076494,9999.0,0.31113393742156426,2.72759372031494,2.4164597828933756,,12.819230769230769,999.9,1318.0,600.0,694.0,1000.0
1017,Bydgoszcz,325.0,275.0,-0.002709787983546541,-0.012020242195077078,-0.062070261976877324,0.0,-0.013352828924830251,0.0,0.013352828924830251,-10.638297872340425,-250.89285714285708,0.0,1641.0,277.0,324.0,3000.0
1017,Bydgoszcz,375.0,325.0,0.010374210861860078,0.014750488413354489,0.005629253429177972,0.05240977914892553,0.008013588659536275,0.015599993406886226,0.007586404747349951,40.40816326530612,21.978021978021978,200.0,1601.0,325.0,373.525,5000.0
1017,Bydgoszcz,425.0,375.0,0.006456709352256285,0.008777975681405184,0.0037267906557580943,0.031681116530724474,0.004956941626377054,0.008664236282960536,0.003707294656583482,15.873015873015873,9.174311926605505,76.92307692307692,1551.5,376.0,423.0,3000.0
1017,Bydgoszcz,500.0,425.0,0.00768872717809721,0.010828560609608599,0.0043966444765612955,0.03200827973420961,0.005993295084069983,0.011427873425220447,0.0054345783411504645,11.05006105006105,6.329113924050633,45.45454545454545,1486.0,427.0,498.0,2000.0
1017,Bydgoszcz,600.0,500.0,-0.00971513651191136,-0.01602333895055519,-0.07878238898108463,-0.004938815037710098,-0.014955456464126105,-0.007194279508731083,0.007761176955395022,-14.084507042253522,-118.40277777777776,-7.142857142857143,1397.0,503.0,597.0,1000.0
1017,Bydgoszcz,700.0,600.0,,,0.12837014101262167,19999.0,0.31665822187606274,3.1155971378360787,2.798938915960016,,24.389024390243904,1999.9,1320.0,600.0,697.0,2000.0
1036,Brugge,325.0,275.0,0.0007855615663725501,0.00309029356299376,0.0,0.01741875991345232,0.0,0.003459729558039637,0.003459729558039637,22.727272727272727,0.0,500.0,1642.0,277.0,324.0,31000.0
1036,Brugge,375.0,325.0,-0.0029350531885993236,-0.0038045402665541476,-0.01103049335756517,-0.0015772162940601384,-0.004085656889732503,-0.002156270939303373,0.00192938595042913,-85.1063829787234,-321.1538461538461,-45.70271682340649,1598.5,326.0,373.0,27000.0
1036,Brugge,425.0,375.0,-0.0019555186545533454,-0.0027397347063950767,-0.00863116838001221,-0.0010640024686232596,-0.002818366438953057,-0.0014611105371621358,0.0013572559017909214,-64.51612903225806,-285.7142857142857,-35.08771929824562,1552.0,376.0,423.0,31000.0
1036,Brugge,500.0,425.0,-0.0006312762425612073,-0.0009189080698435568,-0.00271195949524321,-0.0003560540509342182,-0.0009105663491026927,-0.00047484321903357163,0.0004357231300691211,-22.727272727272727,-97.73809523809523,-12.816930347236495,1489.0,426.0,497.0,35000.0
1036,Brugge,600.0,500.0,-0.0010673962484286648,-0.0017680590385661102,-0.008216891514629655,-0.0005447624792696397,-0.001740805220801389,-0.000787180328752024,0.0009536248920493651,-41.0958904109589,-317.49999999999994,-20.96845194424066,1400.0,502.0,596.0,37000.0
1036,Brugge,700.0,600.0,,,0.17853972515790148,399999.0,0.38054796390940826,4.014844822490394,3.634296858580986,,509.4112548685492,39999.9,1321.0,600.0,694.0,40000.0
1050,Brussel,325.0,275.0,0.0013613305755441063,0.004795273238566721,0.0,0.021232423682149282,0.0,0.0063094637108366824,0.0063094637108366824,76.47058823529412,0.0,1181.8181818181818,1640.0,277.0,324.0,63000.0
1050,Brussel,375.0,325.0,0.003823655796942882,0.004949345897317715,0.002232273649537042,0.013423105620697748,0.0029663452301416093,0.005236053589037004,0.002269708358895395,173.07692307692307,101.12359550561797,604.6874999999982,1602.0,326.0,373.0,50000.0
1050,Brussel,425.0,375.0,0.0034514107860192933,0.004792585788801863,0.00198387831535074,0.013658974537285484,0.0026506348498569476,0.005181580701377753,0.002530945851520805,126.98412698412699,73.0442035029191,500.0,1549.0,376.0,424.0,41000.0
1050,Brussel,500.0,425.0,0.00274411480060599,0.0038650089399952002,0.0015697243047234632,0.011169740406973027,0.002126217640639194,0.004191409021048864,0.00206519138040967,80.45977011494253,46.05263157894737,326.1363636363633,1487.0,426.0,498.0,33000.0
1050,Brussel,600.0,500.0,0.00491503642673452,0.008022946057509138,0.0025392514181095116,0.03262823947997249,0.003647475313955484,0.007897477423290167,0.004250002109334683,106.66666666666667,55.172413793103445,698.4848484848471,1402.0,502.0,596.525,26000.0
1050,Brussel,700.0,600.0,,,0.16781833242134758,179999.0,0.3838944471768052,3.538465758279022,3.154571311102217,,230.76794871794874,17999.9,1321.5,600.0,697.0,18000.0
1127,Burg (bei Magdeburg),325.0,275.0,0.0,0.0,0.0,0.0,0.0,0.0,0.0,0.0,0.0,0.0,1642.0,277.0,324.0,3000.0
1127,Burg (bei Magdeburg),375.0,325.0,0.0,0.0,0.0,0.0,0.0,0.0,0.0,0.0,0.0,0.0,1600.0,326.0,373.0,3000.0
1127,Burg (bei Magdeburg),425.0,375.0,0.006561190729592159,0.008834361539013052,0.00362678510604475,0.028442101891579558,0.004838634138069731,0.009257705998790833,0.004419071860721102,16.129032258064516,8.928571428571429,69.16666666666656,1551.5,376.0,423.0,3000.0
1127,Burg (bei Magdeburg),500.0,425.0,0.00781857725471724,0.011215095434603778,0.004380375137740195,0.03625723715890505,0.0060987605963314095,0.011063084486895525,0.004964323890564115,11.235955056179776,6.305741360089186,51.38157894736836,1488.0,427.0,498.0,2000.0
1127,Burg (bei Magdeburg),600.0,500.0,-0.009450230099967927,-0.015022595659509303,-0.05612568731830647,-0.004641190733500444,-0.015285247065568774,-0.007030240424083539,0.008255006641485235,-13.698630136986301,-83.33333333333333,-6.7114093959731544,1400.0,501.475,597.0,1000.0
1127,Burg (bei Magdeburg),700.0,600.0,,,0.1391803889186347,19999.0,0.2809310403725769,3.1155971378360787,2.8346660974635016,,26.314473684210526,1999.9,1320.0,600.0,694.0,2000.0
1177,Celle,325.0,275.0,0.0,0.0,0.0,0.0,0.0,0.0,0.0,0.0,0.0,0.0,1642.0,277.0,324.0,3000.0
1177,Celle,375.0,325.0,0.008142271612429308,0.010324947110512017,0.004465601743443237,0.03754823579391897,0.006355503360101045,0.011018780911828951,0.004663277551727907,20.0,10.989010989010989,90.9090909090909,1601.0,326.0,373.0,3000.0
1177,Celle,425.0,375.0,0.012022509754104904,0.016793412048787863,0.00640755848559717,0.05946309435929531,0.008594091576999086,0.01793188433739057,0.009337792760391483,17.24137931034483,9.214661909616039,83.33333333333333,1550.5,376.0,424.0,2000.0
1177,Celle,500.0,425.0,0.0,0.0,0.0,0.0,0.0,0.0,0.0,0.0,0.0,0.0,1491.0,426.0,497.525,1000.0
1177,Celle,600.0,500.0,0.0,0.0,0.0,0.0,0.0,0.0,0.0,0.0,0.0,0.0,1404.0,502.0,598.525,1000.0
1177,Celle,700.0,600.0,,,0.11804087964095296,9999.0,0.26638017346740317,1.7825594022071245,1.5161792287397213,,12.112986111111113,999.9,1322.0,600.0,693.0,1000.0
1190,Chemnitz,325.0,275.0,-0.001252045217699338,-0.004904413190012393,-0.027507527533926934,0.0,-0.006012757378045408,0.0,0.006012757378045408,-5.617977528089888,-125.0,0.0,1641.0,276.0,324.0,4000.0
1190,Chemnitz,375.0,325.0,0.0045643350154995765,0.006221531821996465,0.0025681604948701864,0.018769265121506118,0.003492703312129475,0.006262235757321544,0.002769532445192069,20.408163265306122,11.494252873563218,83.33333333333333,1600.0,326.0,374.0,5000.0
1190,Chemnitz,425.0,375.0,0.004689026449875011,0.00649087470071152,0.0025950918189878713,0.020761297971865877,0.003557945037178545,0.006712710675904177,0.0031547656387256318,16.261237440507667,9.00900900900901,71.42857142857143,1552.0,376.0,423.0,4000.0
1190,Chemnitz,500.0,425.0,0.01316461823186521,0.017415747877440626,0.007112999272717246,0.05807315554862492,0.009924238152587805,0.018876773328950158,0.008952535176362353,23.80952380952381,12.903225806451612,102.76315789473672,1489.0,427.0,497.0,3000.0
1190,Chemnitz,600.0,500.0,-0.008961515535408249,-0.01245304242261172,-0.0423967193014263,-0.0045324173350071665,-0.014046278251899968,-0.006772522985858731,0.0072737552660412375,-12.987012987012987,-62.5,-6.5537634408602194,1404.0,501.475,596.0,1000.0
1190,Chemnitz,700.0,600.0,,,0.13725415551173614,19999.0,0.3069051036156929,4.210007309586913,3.9031022059712197,,25.972727272727273,1999.9,1319.0,600.0,695.0,2000.0
1234,Clausthal,325.0,275.0,0.0016560818099657926,0.006788199282773551,0.0,0.03661464962807748,0.0,0.0082533605159536,0.0082533605159536,5.747126436781609,0.0,125.0,1641.0,278.0,324.0,4000.0
1234,Clausthal,375.0,325.0,0.008142271612429308,0.010612570269894827,0.004465601743443237,0.03754823579391897,0.006162320179612157,0.011326585144617374,0.005164264965005216,20.0,10.989010989010989,90.9090909090909,1601.0,326.0,373.0,3000.0
1234,Clausthal,425.0,375.0,0.01664043939193549,0.027104275558197305,0.007360109828914563,0.09050773266525769,0.012454548098765006,0.0270180507087725,0.014563502610007495,23.80952380952381,10.579507278835386,125.0,1550.0,376.0,423.0,2000.0
1234,Clausthal,500.0,425.0,,,0.16895181649857816,9999.0,0.385577569750669,5.309573444801933,4.923995875051264,,16.947457627118645,999.9,1503.0,425.0,496.0,1000.0
1238,Coburg,325.0,275.0,0.002309094581909532,0.008871707924875882,0.0,0.04137974399241062,0.0,0.010727263318404345,0.010727263318404345,5.681818181818182,0.0,100.0,1643.0,278.0,324.0,3000.0
1238,Coburg,375.0,325.0,0.0,0.0,0.0,0.0,0.0,0.0,0.0,0.0,0.0,0.0,1602.0,326.0,372.525,2000.0
1238,Coburg,425.0,375.0,-0.006571674435450925,-0.009144632261292428,-0.03202917088782342,-0.003661891159931117,-0.009607481546070051,-0.005119321104739449,0.004488160441330602,-16.261237440507667,-80.28846153846152,-9.04791154791155,1551.0,376.0,423.0,2000.0
1238,Coburg,500.0,425.0,-0.003339551628727233,-0.004657674213967941,-0.015027110666373855,-0.0018480573892859621,-0.004783224976720457,-0.0024558007074552135,0.0023274242692652436,-11.627906976744185,-52.63157894736842,-6.429900744416875,1491.0,427.0,496.525,3000.0
1238,Coburg,600.0,500.0,0.0037924636869071104,0.005818170063522647,0.0018944373969280726,0.02160904874222824,0.0028523977180234805,0.006011372725139186,0.0031589750071157052,13.157894736842104,6.578947368421052,74.31318681318669,1403.0,502.0,596.525,4000.0
1238,Coburg,700.0,600.0,,,0.15167629584529396,29999.0,0.3315714633325024,3.3610267508422353,3.029455287509733,,41.09452054794521,2999.9,1320.0,600.0,693.0,3000.0
1239,Coesfeld,325.0,275.0,0.0,0.0,0.0,0.0,0.0,0.0,0.0,0.0,0.0,0.0,1641.0,277.0,324.0,2000.0
1239,Coesfeld,375.0,325.0,0.014246386967327274,0.020659138687185215,0.007731369217151451,0.07841107713324198,0.011063084486895525,0.019440643702144822,0.008377559215249297,20.408163265306122,11.11111111111111,108.8068181818174,1598.5,325.0,373.0,2000.0
1239,Coesfeld,425.0,375.0,0.0,0.0,0.0,0.0,0.0,0.0,0.0,0.0,0.0,0.0,1550.0,376.0,423.0,1000.0
1239,Coesfeld,500.0,425.0,0.0,0.0,0.0,0.0,0.0,0.0,0.0,0.0,0.0,0.0,1487.0,426.0,497.525,1000.0
1239,Coesfeld,600.0,500.0,-0.008626912537337939,-0.013807432451919859,-0.0502041072918907,-0.004534220280215427,-0.013305774031131978,-0.006706991333789714,0.006598782697342265,-12.5,-74.3131868131868,-6.556372549019609,1405.0,502.0,596.0,1000.0
1239,Coesfeld,700.0,600.0,,,0.14116138283714363,19999.0,0.2955711579389054,3.1155971378360787,2.8200259798971734,,26.665333333333333,1999.9,1318.0,600.0,696.025,2000.0
1251,Cottbus,325.0,275.0,-0.0016506147039926367,-0.005648082018251873,-0.03145920454727691,0.0,-0.0077450425363290165,0.0,0.0077450425363290165,-5.747126436781609,-111.11111111111111,0.0,1641.0,277.975,324.0,3000.0
1251,Cottbus,375.0,325.0,0.0,0.0,0.0,0.0,0.0,0.0,0.0,0.0,0.0,0.0,1599.0,326.0,373.0,4000.0
1251,Cottbus,425.0,375.0,0.004887874203033604,0.006522550966096239,0.0026063125573230262,0.01814274521212278,0.0036024993640531022,0.0072179767297742,0.003615477365721098,16.949152542372882,9.047911547911548,62.5,1552.0,376.0,423.0,4000.0
1251,Cottbus,500.0,425.0,0.004465601743443237,0.005844421751112606,0.0025859180396439196,0.01641049233311635,0.0034420552977689756,0.006093130048870854,0.0026510747511018784,10.989010989010989,6.369426751592357,40.144230769230695,1492.0,426.475,497.0,3000.0
1251,Cottbus,600.0,500.0,0.0098104463373212,0.016744660530206915,0.00453935894505666,0.06239154177664555,0.007246412223703924,0.015522512504275054,0.00827610028057113,14.084507042253522,6.534090909090909,87.31060606060589,1398.0,503.0,598.0,2000.0
1251,Cottbus,700.0,600.0,,,0.12615593236187142,9999.0,0.27230128264420106,2.1622776601683795,1.8899763775241785,,12.89831043956044,999.9,1318.0,600.0,695.0,1000.0
1333,Gdańsk,325.0,275.0,0.0006621404908517814,0.0024484504987697846,0.0,0.01079215118239735,0.0,0.003188397448639302,0.003188397448639302,28.089887640449437,0.0,455.68181818181716,1642.0,276.0,324.0,45000.0
1333,Gdańsk,375.0,325.0,0.0026216932434579565,0.0034197751702120375,0.0015014788183778105,0.010426827329791945,0.002025250974556192,0.003716092966074891,0.001690841991518699,98.03921568627452,56.17977528089887,388.3928571428558,1600.0,326.0,373.525,40000.0
1333,Gdańsk,425.0,375.0,0.002489394697767988,0.003961471893120143,0.0014346855482895327,0.010719199211331869,0.0019049068469239039,0.0035095687063984027,0.0016046618594744988,80.64516129032258,46.50181723779855,345.8333333333328,1548.0,376.0,423.0,35000.0
1333,Gdańsk,500.0,425.0,0.004781573152468299,0.0063693140021051295,0.00265361336149339,0.02048015364945277,0.0036928482612279545,0.006895958340211061,0.003203110078983107,117.6470588235294,65.359477124183,500.0,1486.0,426.475,498.0,30000.0
1333,Gdańsk,600.0,500.0,0.010703647809279904,0.019000527949296863,0.005409903234152358,0.0611381426421259,0.007937351869119258,0.0164295806882786,0.008492228819159342,146.66666666666666,74.32432432432432,817.4450549450536,1401.5,502.475,595.0,20000.0
1333,Gdańsk,700.0,600.0,,,0.15534564196797795,89999.0,0.3300135414628025,3.161791450287817,2.831777908825014,,113.92278481012657,8999.9,1318.0,601.0,695.0,9000.0
1374,Delft,325.0,275.0,0.0011635577663601238,0.004897176759030558,0.0,0.028285594297889682,0.0,0.005929387737898084,0.005929387737898084,26.041666666666668,0.0,625.0,1641.0,277.0,324.0,25000.0
1374,Delft,375.0,325.0,0.00565676435947271,0.00787916157203673,0.0032744638420139083,0.029186008964760646,0.004368332749805415,0.00802318328887508,0.003654850539069665,98.03921568627452,56.81818181818182,500.0,1601.0,326.0,374.0,20000.0
1374,Delft,425.0,375.0,0.003664789986055128,0.004842619830191852,0.0020306366950573196,0.014539389719255969,0.0028285948619697354,0.005202873093870242,0.0023742782319005062,49.18032786885246,27.272727272727273,194.06249999999972,1550.0,375.475,423.0,15000.0
1374,Delft,500.0,425.0,0.005973716684681385,0.008266856712719338,0.003552324211162805,0.03135078601635108,0.004657333378634831,0.008767332808991612,0.004109999430356781,55.250305250305246,32.89473684210526,286.35620915032644,1489.0,427.0,497.0,12000.0
1374,Delft,600.0,500.0,0.002085288491152193,0.003391751617247206,0.0010351036713966977,0.012928752866029347,0.001542695530611704,0.0035095687063984027,0.0019668731757866986,13.513513513513514,6.7114093959731544,83.33333333333333,1398.5,503.0,596.525,7000.0
1374,Delft,700.0,600.0,,,0.1464099004697342,59999.0,0.3574580697150933,3.8149639044558894,3.457505834740796,,74.51264699074075,5999.9,1320.5,600.0,695.0,6000.0
1388,Dendermonde,325.0,275.0,0.0,0.0,0.0,0.0,0.0,0.0,0.0,0.0,0.0,0.0,1642.0,277.0,324.0,5000.0
1388,Dendermonde,375.0,325.0,0.0,0.0,0.0,0.0,0.0,0.0,0.0,0.0,0.0,0.0,1598.0,326.0,374.0,5000.0
1388,Dendermonde,425.0,375.0,0.0,0.0,0.0,0.0,0.0,0.0,0.0,0.0,0.0,0.0,1549.0,376.0,423.0,5000.0
1388,Dendermonde,500.0,425.0,0.0,0.0,0.0,0.0,0.0,0.0,0.0,0.0,0.0,0.0,1486.0,427.0,497.0,5000.0
1388,Dendermonde,600.0,500.0,-0.007755364734033043,-0.01228223236169042,-0.044207422714498734,-0.003870728074065529,-0.012696679320850723,-0.005732135400024901,0.006964543920825822,-52.98245614035088,-307.6923076923077,-26.39215686274511,1400.0,502.0,595.0,5000.0
1388,Dendermonde,700.0,600.0,,,0.1532621304208348,89999.0,0.36112636454693225,3.161791450287817,2.8006650857408846,,112.49875,8999.9,1318.0,600.0,695.0,9000.0
1401,Dessau,325.0,275.0,0.0016372319210069541,0.006364278509301919,0.0,0.0324810319761204,0.0,0.0072179767297742,0.0072179767297742,5.681818181818182,0.0,111.11111111111111,1641.0,277.0,324.0,4000.0
1401,Dessau,375.0,325.0,0.0,0.0,0.0,0.0,0.0,0.0,0.0,0.0,0.0,0.0,1598.0,326.0,373.0,3000.0
1401,Dessau,425.0,375.0,0.006162320179612157,0.008848166736431977,0.003708970898629771,0.02657588433000648,0.004838634138069731,0.00905105100497905,0.004212416866909319,15.151515151515152,9.130525437864888,64.68749999999991,1552.5,376.0,423.0,3000.0
1401,Dessau,500.0,425.0,0.007999031637823784,0.011181658671553714,0.004438213075232811,0.03715504444619189,0.006152897631075405,0.011817539120121179,0.005664641489045774,11.494252873563218,6.388820839457782,52.63157894736842,1487.5,427.0,498.0,2000.0
1401,Dessau,600.0,500.0,0.0,0.0,0.0,0.0,0.0,0.0,0.0,0.0,0.0,0.0,1401.5,502.0,596.525,1000.0
1401,Dessau,700.0,600.0,,,0.1305970178320474,9999.0,0.2826498305280605,1.7825594022071245,1.499909571679064,,13.325480974395449,999.9,1315.0,600.0,694.0,1000.0
1417,Deventer,325.0,275.0,0.0,0.0,0.0,0.0,0.0,0.0,0.0,0.0,0.0,0.0,1641.0,277.0,324.0,7000.0
1417,Deventer,375.0,325.0,-0.0026942427813875236,-0.003999331589357895,-0.010219072393349737,-0.0015421305802109462,-0.0040382301680831345,-0.0020762448057286276,0.001961985362354507,-20.20408163265306,-76.92307692307692,-11.55773857257418,1600.0,326.0,374.0,7000.0
1417,Deventer,425.0,375.0,0.0021560530861022276,0.003139450795690372,0.0012037093964616385,0.01172706352282029,0.0016053109972718471,0.0031102079150442385,0.0015048969177723914,16.129032258064516,9.00900900900901,87.31060606060589,1551.0,376.0,423.525,8000.0
1417,Deventer,500.0,425.0,0.0039663420985991404,0.00576330897414198,0.0021448366312507017,0.020872240269647794,0.0029755186790744736,0.005623624150917106,0.0026481054718426322,23.529411764705884,12.735313209996756,122.77777777777727,1488.0,427.0,498.0,7000.0
1417,Deventer,600.0,500.0,-0.0023650113692817998,-0.004056720282935426,-0.017293240850978362,-0.0012391497976838616,-0.003892667753551904,-0.0017858696767041327,0.002106798076847771,-12.987012987012987,-95.68181818181817,-6.800721954831546,1401.5,502.0,597.0,5000.0
1417,Deventer,700.0,600.0,,,0.15351919272077355,59999.0,0.3574580697150933,3.8149639044558894,3.457505834740796,,77.88331730769231,5999.9,1319.0,600.0,693.0,6000.0
1436,Diest,325.0,275.0,-0.0016135821557035634,-0.006242965542814027,-0.03145920454727691,0.0,-0.007349324061850182,0.0,0.007349324061850182,-5.617977528089888,-111.11111111111111,0.0,1642.0,277.0,324.0,3000.0
1436,Diest,375.0,325.0,0.0,0.0,0.0,0.0,0.0,0.0,0.0,0.0,0.0,0.0,1601.0,326.0,373.0,4000.0
1436,Diest,425.0,375.0,-0.00353569578702706,-0.00468237550468036,-0.01478682706480063,-0.002016946297777223,-0.004839199927536675,-0.0027510675172384147,0.00208813241029826,-15.873015873015873,-66.77350427350424,-9.04791154791155,1551.0,376.0,423.0,4000.0
1436,Diest,500.0,425.0,-0.002069691102176807,-0.0026424639094931885,-0.00726633388017639,-0.001164141615416531,-0.002996831913352427,-0.0015841487513221786,0.0014126831620302482,-11.363636363636363,-40.0,-6.388820839457783,1487.0,427.0,497.0,5000.0
1436,Diest,600.0,500.0,0.014956862924686787,0.028757642498050805,0.007577960561490094,0.11085463048112118,0.01104669193785357,0.023151690477674514,0.012104998539820944,54.054054054054056,27.487009919697684,382.7272727272719,1398.0,503.0,597.0,6000.0
1436,Diest,700.0,600.0,,,0.13087483082048532,19999.0,0.2809310403725769,3.1155971378360787,2.8346660974635016,,24.836721064814817,1999.9,1317.5,600.0,695.0,2000.0
1444,Dinant,325.0,275.0,0.0,0.0,0.0,0.0,0.0,0.0,0.0,0.0,0.0,0.0,1641.0,276.0,324.0,5000.0
1444,Dinant,375.0,325.0,0.0,0.0,0.0,0.0,0.0,0.0,0.0,0.0,0.0,0.0,1599.0,326.0,373.0,5000.0
1444,Dinant,425.0,375.0,0.0,0.0,0.0,0.0,0.0,0.0,0.0,0.0,0.0,0.0,1549.5,377.0,423.525,5000.0
1444,Dinant,500.0,425.0,-0.0021177724510990092,-0.002835266729250626,-0.008644399349761911,-0.0011680452316693568,-0.0030469168789894474,-0.0016523689723048074,0.00139454790668464,-11.627906976744185,-47.61904761904762,-6.410256410256411,1486.0,426.0,496.0,5000.0
1444,Dinant,600.0,500.0,0.0024178794667899517,0.004103856366012495,0.0012240276386278337,0.016046223296883433,0.0018023618416986298,0.003886715824636733,0.002084353982938103,13.24561403508772,6.70945945945946,87.31060606060589,1401.5,504.0,597.0,6000.0
1444,Dinant,700.0,600.0,,,0.15403858248095592,49999.0,0.3106123321316785,3.6911727854354144,3.380560453303736,,66.20481622807017,4999.9,1319.0,600.0,694.025,5000.0
1467,Döbeln,325.0,275.0,0.0,0.0,0.0,0.0,0.0,0.0,0.0,0.0,0.0,0.0,1641.0,277.975,324.0,1000.0
1467,Döbeln,375.0,325.0,0.0,0.0,0.0,0.0,0.0,0.0,0.0,0.0,0.0,0.0,1603.0,326.0,373.0,1000.0
1467,Döbeln,425.0,375.0,-0.011679515983086919,-0.015486441260473025,-0.0423967193014263,-0.006251908956107195,-0.01728855017324568,-0.008626912537337939,0.008661637635907743,-16.949152542372882,-62.5,-9.04791154791155,1547.0,376.475,424.0,1000.0
1467,Döbeln,500.0,425.0,0.008045725306085716,0.010749126212524433,0.004554873300639617,0.03282176895243908,0.006194227700365373,0.010889286051700475,0.004695058351335102,11.561079925153702,6.556372549019607,46.590909090909044,1488.0,427.0,497.525,2000.0
1467,Döbeln,600.0,500.0,0.0,0.0,0.0,0.0,0.0,0.0,0.0,0.0,0.0,0.0,1400.0,502.0,597.0,1000.0
1467,Döbeln,700.0,600.0,,,0.1252735215693141,9999.0,0.25716281531125773,3.6415888336127784,3.3844260183015207,,12.813119349005426,999.9,1321.0,600.0,695.0,1000.0
1521,Dordrecht,325.0,275.0,0.000598997805579482,0.0022400704674183326,0.0,0.013304876109327358,0.0,0.0027052041626631773,0.0027052041626631773,11.363636363636363,0.0,250.89285714285634,1642.0,276.0,324.0,20000.0
1521,Dordrecht,375.0,325.0,0.012067882538102426,0.01757794990477589,0.006623308137057832,0.050201680167547114,0.009226470506933815,0.016935715066854762,0.007709244559920947,163.26530612244898,89.84848484848484,666.6666666666666,1600.0,325.475,373.0,18000.0
1521,Dordrecht,425.0,375.0,0.0,0.0,0.0,0.0,0.0,0.0,0.0,0.0,0.0,0.0,1552.0,376.0,424.0,10000.0
1521,Dordrecht,500.0,425.0,0.0025389398366217897,0.0034931568169527805,0.0014086288966268013,0.011531491891955306,0.001942262460044475,0.0035625744758956412,0.0016203120158511664,22.727272727272727,12.616431812753762,102.76315789473672,1488.0,427.0,498.0,10000.0
1521,Dordrecht,600.0,500.0,0.0,0.0,0.0,0.0,0.0,0.0,0.0,0.0,0.0,0.0,1399.0,501.0,598.525,8000.0
1521,Dordrecht,700.0,600.0,,,0.17099306901809944,79999.0,0.32610297595737237,5.5641978794547065,5.238094903497334,,111.85306191314554,7999.9,1319.0,600.0,694.0,8000.0
1537,Tartu,325.0,275.0,-0.0011730615143566991,-0.004651929294200378,-0.024488888020923416,0.0,-0.005854991058641068,0.0,0.005854991058641068,-5.2631578947368425,-111.11111111111111,0.0,1641.5,277.0,324.0,4000.0
1537,Tartu,375.0,325.0,0.010479542501580674,0.015466889644304505,0.005629253429177972,0.06235638790122268,0.008109375822828946,0.01481096260145276,0.006701586778623814,40.816326530612244,21.978021978021978,236.80555555555492,1600.0,326.0,373.0,5000.0
1537,Tartu,425.0,375.0,0.006456709352256285,0.01020347697677999,0.003743212420985542,0.04137974399241062,0.004897073445708333,0.009311784042768834,0.0044147105970605005,15.873015873015873,9.214661909616039,100.0,1550.0,375.475,422.525,3000.0
1537,Tartu,500.0,425.0,0.008092418974347648,0.011247920423035605,0.004525137031312121,0.03825973977865888,0.006152897631075405,0.011427873425220447,0.005274975794145043,11.627906976744185,6.513666072489602,54.1666666666666,1488.0,426.0,497.0,2000.0
1537,Tartu,600.0,500.0,-0.008961515535408249,-0.014531174945030223,-0.05192248566082858,-0.004474592479673688,-0.014718561120305007,-0.006907504562964073,0.007811056557340934,-12.987012987012987,-76.92307692307692,-6.469959778783311,1401.0,503.0,596.0,1000.0
1537,Tartu,700.0,600.0,,,0.13538044560631102,19999.0,0.3069051036156929,3.1155971378360787,2.808692034220386,,25.639743589743592,1999.9,1318.0,600.0,695.0,2000.0
1545,Dortmund,325.0,275.0,-0.0018253135593426228,-0.0070896285932341065,-0.036807864023321625,0.0,-0.008815446616995737,0.0,0.008815446616995737,-10.869565217391305,-222.91666666666663,0.0,1643.0,277.0,324.0,5000.0
1545,Dortmund,375.0,325.0,0.0,0.0,0.0,0.0,0.0,0.0,0.0,0.0,0.0,0.0,1600.0,325.475,373.0,7000.0
1545,Dortmund,425.0,375.0,-0.002084252931815689,-0.0031143665424045587,-0.011065933139137285,-0.0012356377537902086,-0.0029629660066606833,-0.0016471776228063062,0.0013157883838543771,-15.625,-83.33333333333333,-9.25925925925926,1550.0,376.475,422.0,7000.0
1545,Dortmund,500.0,425.0,-0.0013225295809317084,-0.0017575948495272271,-0.005107911575963797,-0.0007499290807162495,-0.0018678254334345556,-0.0010214709175339898,0.0008463545159005659,-11.235955056179776,-43.47826086956522,-6.369426751592357,1488.0,427.0,497.0,8000.0
1545,Dortmund,600.0,500.0,0.00340191434323156,0.00590487531145783,0.0017110841978915659,0.02433832980312538,0.0025677239123547135,0.006001614818697432,0.003433890906342718,27.027027027027028,13.605442176870747,191.36363636363595,1397.5,503.0,597.0,9000.0
1545,Dortmund,700.0,600.0,,,0.15167610170475876,69999.0,0.34122790317461327,3.922172875804719,3.580944972630106,,88.60632911392405,6999.9,1319.0,600.0,694.0,7000.0
1570,Dresden,325.0,275.0,0.003269437494724192,0.012403817384727293,0.0,0.06966810981838623,0.0,0.016078837590200346,0.016078837590200346,53.763440860215056,0.0,1111.111111111111,1642.0,276.0,324.0,22000.0
1570,Dresden,375.0,325.0,0.00848296793033998,0.01249093095770489,0.0046434622169012115,0.04608191864321465,0.006456709352256285,0.012362614549220163,0.005905905196963879,83.33333333333333,45.702716823406476,444.44444444444446,1600.0,326.0,374.0,12000.0
1570,Dresden,425.0,375.0,0.0076095099764013074,0.010327231393172518,0.0042819015208417355,0.0368156337251444,0.005730846542106427,0.01125341116489631,0.005522564622789883,48.38709677419355,27.272727272727273,230.76923076923077,1552.0,376.0,422.0,8000.0
1570,Dresden,500.0,425.0,0.0025389398366217897,0.0033465022900459247,0.0014132987243427042,0.00955526002549872,0.0020306366950573196,0.0035482412888032666,0.001517604593745947,11.363636363636363,6.329113924050633,42.617753623188364,1490.5,427.0,498.0,5000.0
1570,Dresden,600.0,500.0,-0.002970825688723311,-0.004306579946690283,-0.017018411149872348,-0.0014198924649750037,-0.0045435965188124205,-0.0021852906437044295,0.002358305875107991,-13.333333333333334,-76.92307692307692,-6.367656604998379,1401.0,502.0,597.0,4000.0
1570,Dresden,700.0,600.0,,,0.1508681850797582,49999.0,0.3880113915569845,2.866973986492824,2.4789625949358394,,64.93376623376624,4999.9,1318.0,601.0,695.0,5000.0
1611,Duisburg,325.0,275.0,0.0022830905549138247,0.0077718318611719045,0.0,0.03444563694846657,0.0,0.010727263318404345,0.010727263318404345,5.617977528089888,0.0,83.5227272727271,1642.0,277.0,324.0,3000.0
1611,Duisburg,375.0,325.0,0.0,0.0,0.0,0.0,0.0,0.0,0.0,0.0,0.0,0.0,1602.0,326.0,373.0,2000.0
1611,Duisburg,425.0,375.0,0.0,0.0,0.0,0.0,0.0,0.0,0.0,0.0,0.0,0.0,1552.0,376.0,423.525,2000.0
1611,Duisburg,500.0,425.0,0.008188012619719132,0.011422481457330474,0.004554873300639617,0.028113826656066543,0.006208004390128696,0.01186878177861711,0.005660777388488414,11.764705882352942,6.556372549019607,40.0,1486.0,427.0,498.0,2000.0
1611,Duisburg,600.0,500.0,0.0,0.0,0.0,0.0,0.0,0.0,0.0,0.0,0.0,0.0,1401.0,503.0,596.525,1000.0
1611,Duisburg,700.0,600.0,,,0.12365480013875096,9999.0,0.26638017346740317,2.72759372031494,2.461213546847537,,12.656962025316455,999.9,1321.0,600.0,695.0,1000.0
1619,Daugavpils,325.0,275.0,0.0,0.0,0.0,0.0,0.0,0.0,0.0,0.0,0.0,0.0,1642.0,276.975,324.0,1000.0
1619,Daugavpils,375.0,325.0,,,0.2589254117941673,9999.0,0.6237767391887217,9.0,8.376223260811278,,24.9975,999.9,1611.0,325.0,372.0,1000.0
1633,Düren,325.0,275.0,-0.0017510854999402414,-0.005759595545952447,-0.03145920454727691,0.0,-0.007541996186424926,0.0,0.007541996186424926,-6.097560975609756,-111.11111111111111,0.0,1642.0,277.0,324.0,3000.0
1633,Düren,375.0,325.0,0.0057702254348444,0.00846903643997695,0.0033304881620344617,0.02543641050186509,0.004435686701232955,0.00808072759564471,0.003645040894411755,20.0,11.557738572574177,87.31060606060589,1600.0,326.0,373.0,4000.0
1633,Düren,425.0,375.0,0.0,0.0,0.0,0.0,0.0,0.0,0.0,0.0,0.0,0.0,1551.0,376.0,423.0,3000.0
1633,Düren,500.0,425.0,0.004441278649107594,0.0062841577025658105,0.002593184474849347,0.02001242631207032,0.003555284667546732,0.006780636928134465,0.0032253522605877327,10.929288103201147,6.38730093915884,48.869047619047564,1490.0,426.0,497.525,3000.0
1633,Düren,600.0,500.0,-0.0056156328884413576,-0.008546162162866378,-0.02878957477678167,-0.0027724867992071755,-0.009172787033247531,-0.0040872315918704105,0.005085555441377121,-13.88888888888889,-72.05128205128204,-6.847290640394091,1401.0,502.0,596.0,2000.0
1633,Düren,700.0,600.0,,,0.14029624193697868,29999.0,0.2939813929797743,3.3610267508422353,3.067045357862461,,38.204666098669264,2999.9,1321.0,600.0,694.025,3000.0
1639,Düsseldorf,325.0,275.0,0.0017929529553565304,0.007256104522349382,0.0,0.03809344426552097,0.0,0.008893849875795334,0.008893849875795334,10.638297872340425,0.0,222.22222222222223,1641.5,277.0,324.0,7000.0
1639,Düsseldorf,375.0,325.0,0.010479542501580674,0.013146761003241648,0.0057561168919590955,0.038691826468406916,0.008109375822828946,0.014702045149175502,0.006592669326346556,40.816326530612244,22.471910112359552,148.62637362637338,1599.0,326.0,373.0,5000.0
1639,Düsseldorf,425.0,375.0,0.006669109111452354,0.00944914237026783,0.0038324677240004767,0.036036713279467766,0.005211805067223407,0.009700680656461458,0.0044888755892380505,16.39344262295082,9.433962264150944,87.31060606060589,1551.0,376.475,423.0,3000.0
1639,Düsseldorf,500.0,425.0,0.0,0.0,0.0,0.0,0.0,0.0,0.0,0.0,0.0,0.0,1491.0,426.475,496.0,2000.0
1639,Düsseldorf,600.0,500.0,0.0,0.0,0.0,0.0,0.0,0.0,0.0,0.0,0.0,0.0,1397.0,502.0,598.0,2000.0
1639,Düsseldorf,700.0,600.0,,,0.13262531894754884,19999.0,0.2977319584968121,3.1155971378360787,2.8178651793392664,,25.14905893987342,1999.9,1319.0,600.0,695.0,2000.0
1682,Eeklo,325.0,275.0,-0.0016318883615727975,-0.005337252211661891,-0.02835834213692645,0.0,-0.007541996186424926,0.0,0.007541996186424926,-5.681818181818182,-100.0,0.0,1641.0,277.0,324.0,3000.0
1682,Eeklo,375.0,325.0,0.006139666116131037,0.00829614455152128,0.0032730243446033257,0.027909159151642614,0.004650815050990964,0.008824460064736916,0.004173645013745952,21.27659574468085,11.358646519436912,95.68181818181797,1600.0,326.0,373.0,4000.0
1682,Eeklo,425.0,375.0,0.006355503360101045,0.008310204134519343,0.0036099047496667815,0.02657588433000648,0.004897073445708333,0.009102714753431995,0.004205641307723662,15.625,8.887089127686473,64.68749999999991,1554.0,375.0,423.0,3000.0
1682,Eeklo,500.0,425.0,0.0,0.0,0.0,0.0,0.0,0.0,0.0,0.0,0.0,0.0,1487.0,426.475,497.0,2000.0
1682,Eeklo,600.0,500.0,-0.0056156328884413576,-0.008886965673381684,-0.02854642033934629,-0.002860907032697194,-0.009840653634418661,-0.004118446761975231,0.0057222068724434305,-13.88888888888889,-71.42857142857143,-7.065977424832685,1400.0,501.0,596.0,2000.0
1682,Eeklo,700.0,600.0,,,0.15052354521556552,29999.0,0.311653070932316,3.3610267508422353,3.0493736799099196,,40.802971584598296,2999.9,1321.0,600.0,693.0,3000.0
1687,Cheb,325.0,275.0,0.000960508537848126,0.004074129673026578,0.0,0.02046453567684825,0.0,0.0050773338838054904,0.0050773338838054904,5.2631578947368425,0.0,111.11111111111111,1641.0,276.0,324.0,6000.0
1687,Cheb,375.0,325.0,0.004219131263420772,0.00568814034887169,0.0024824489789143644,0.019674190321159513,0.0034388771294375786,0.006049129325025104,0.0026102521955875257,18.867924528301888,11.11111111111111,87.31060606060589,1601.0,326.0,373.0,5000.0
1687,Cheb,425.0,375.0,0.0,0.0,0.0,0.0,0.0,0.0,0.0,0.0,0.0,0.0,1549.0,376.0,424.0,4000.0
1687,Cheb,500.0,425.0,0.0032376126193063293,0.0044985375920650415,0.0018164083164250665,0.014158097182046742,0.002549102499264988,0.004887874203033604,0.002338771703768616,11.235955056179776,6.308215906376881,48.869047619047564,1487.5,426.0,497.0,4000.0
1687,Cheb,600.0,500.0,-0.003880048656954682,-0.006414724086041613,-0.024804293813786873,-0.0019409527676127454,-0.006268968006330644,-0.0028726866410665464,0.0033962813652640977,-13.513513513513514,-87.31060606060605,-6.753424657534251,1398.0,501.0,597.0,3000.0
1687,Cheb,700.0,600.0,,,0.1406516751619222,39999.0,0.30122279959367654,3.5439876423907704,3.2427648427970936,,49.67468402777778,3999.9,1319.0,600.0,696.0,4000.0
1721,Eilenburg,325.0,275.0,0.0,0.0,0.0,0.0,0.0,0.0,0.0,0.0,0.0,0.0,1642.0,277.0,324.0,2000.0
1721,Eilenburg,375.0,325.0,0.013959479790029095,0.019234349942966012,0.008092418974347648,0.05946309435929531,0.010720863771376044,0.019580885131908365,0.008860021360532322,20.0,11.627906976744185,83.33333333333333,1602.0,326.0,373.0,2000.0
1721,Eilenburg,425.0,375.0,0.0,0.0,0.0,0.0,0.0,0.0,0.0,0.0,0.0,0.0,1553.0,376.0,422.0,1000.0
1721,Eilenburg,500.0,425.0,0.0,0.0,0.0,0.0,0.0,0.0,0.0,0.0,0.0,0.0,1487.0,426.0,498.0,1000.0
1721,Eilenburg,600.0,500.0,0.0,0.0,0.0,0.0,0.0,0.0,0.0,0.0,0.0,0.0,1398.0,502.0,597.0,1000.0
1721,Eilenburg,700.0,600.0,,,0.12279571857443747,9999.0,0.2589254117941673,2.72759372031494,2.4686683085207726,,12.573900712025315,999.9,1318.5,600.0,694.0,1000.0
1728,Eindhoven,325.0,275.0,0.0037405198422428843,0.015487845191507922,0.0,0.09050773266525769,0.0,0.018910284405250666,0.018910284405250666,5.376344086021505,0.0,125.0,1641.0,277.0,324.0,2000.0
1728,Eindhoven,375.0,325.0,0.0,0.0,0.0,0.0,0.0,0.0,0.0,0.0,0.0,0.0,1600.0,326.0,373.0,1000.0
1728,Eindhoven,425.0,375.0,0.0,0.0,0.0,0.0,0.0,0.0,0.0,0.0,0.0,0.0,1550.0,376.0,423.0,1000.0
1728,Eindhoven,500.0,425.0,0.0,0.0,0.0,0.0,0.0,0.0,0.0,0.0,0.0,0.0,1489.0,427.0,498.0,1000.0
1728,Eindhoven,600.0,500.0,0.0,0.0,0.0,0.0,0.0,0.0,0.0,0.0,0.0,0.0,1397.0,503.475,596.525,1000.0
1728,Eindhoven,700.0,600.0,,,0.130663397949639,9999.0,0.28932470639317803,2.72759372031494,2.438269013921762,,13.331999999999999,999.9,1321.0,600.0,695.0,1000.0
1737,Eisenach,325.0,275.0,0.0009918605142267278,0.0035486275368905654,0.0,0.01839937614702425,0.0,0.00484204074110256,0.00484204074110256,5.434782608695652,0.0,100.0,1642.0,277.0,324.0,6000.0
1737,Eisenach,375.0,325.0,0.0045643350154995765,0.0060145356839642,0.002552819649289778,0.018769265121506118,0.003492703312129475,0.006049129325025104,0.0025564260128956295,20.408163265306122,11.425679205851619,83.33333333333333,1601.0,326.0,373.0,5000.0
1737,Eisenach,425.0,375.0,0.0,0.0,0.0,0.0,0.0,0.0,0.0,0.0,0.0,0.0,1550.0,376.0,423.0,4000.0
1737,Eisenach,500.0,425.0,0.016062047782790634,0.021425451250970055,0.008953581198342548,0.06824169081440212,0.012343653411409194,0.023373891996774976,0.011030238585365781,34.48275862068966,19.28970223325062,142.85714285714286,1488.5,426.0,497.0,4000.0
1737,Eisenach,600.0,500.0,-0.00919938673477072,-0.01304211921733736,-0.046810282811976876,-0.004672476753331822,-0.01383704119295559,-0.006839347841746557,0.006997693351209033,-13.333333333333334,-69.16666666666666,-6.756756756756757,1401.0,503.475,597.0,1000.0
1737,Eisenach,700.0,600.0,,,0.1344232113545149,19999.0,0.2890887562651854,3.1155971378360787,2.8265083815708936,,25.46935288867251,1999.9,1318.0,600.0,695.0,2000.0
1741,Lutherstadt Eisleben,325.0,275.0,-0.0015610475706778204,-0.005357338335371207,-0.02835834213692645,0.0,-0.007349324061850182,0.0,0.007349324061850182,-10.869565217391305,-200.0,0.0,1642.0,276.0,324.0,6000.0
1741,Lutherstadt Eisleben,375.0,325.0,0.0,0.0,0.0,0.0,0.0,0.0,0.0,0.0,0.0,0.0,1597.5,326.0,373.0,8000.0
1741,Lutherstadt Eisleben,425.0,375.0,-0.0018678254334345556,-0.0026414363995808238,-0.008377783106175651,-0.00105557695865752,-0.0027353923420353476,-0.00143534738578166,0.0013000449562536875,-15.873015873015873,-71.42857142857143,-8.966779279279281,1551.0,376.0,423.525,8000.0
1741,Lutherstadt Eisleben,500.0,425.0,0.009257705998790833,0.012226265328730047,0.005178523051395434,0.03754823579391897,0.007138783439929242,0.013165430682974488,0.006026647243045247,56.81818181818182,31.84713375796178,227.27272727272728,1489.0,426.475,498.0,9000.0
1741,Lutherstadt Eisleben,600.0,500.0,0.0,0.0,0.0,0.0,0.0,0.0,0.0,0.0,0.0,0.0,1400.0,502.475,596.0,4000.0
1741,Lutherstadt Eisleben,700.0,600.0,,,0.14448165453750716,39999.0,0.34225490524505475,3.5439876423907704,3.201732737145716,,50.93997930866602,3999.9,1317.0,600.0,696.0,4000.0
1748,Elberfeld,325.0,275.0,0.002184678900587267,0.009908875524105278,0.0,0.059634022667048425,0.0,0.011018780911828951,0.011018780911828951,5.376344086021505,0.0,142.85714285714286,1641.0,277.0,324.0,3000.0
1748,Elberfeld,375.0,325.0,0.013683900322685627,0.02168590053824386,0.008137825955899103,0.052861593513143644,0.010847180481619367,0.019440643702144822,0.008593463220525455,19.607843137254903,11.692886456908345,74.31318681318669,1601.0,326.475,373.0,2000.0
1748,Elberfeld,425.0,375.0,0.0,0.0,0.0,0.0,0.0,0.0,0.0,0.0,0.0,0.0,1551.0,376.0,423.0,1000.0
1748,Elberfeld,500.0,425.0,0.0,0.0,0.0,0.0,0.0,0.0,0.0,0.0,0.0,0.0,1486.0,427.0,497.525,1000.0
1748,Elberfeld,600.0,500.0,0.0,0.0,0.0,0.0,0.0,0.0,0.0,0.0,0.0,0.0,1401.0,503.0,596.0,1000.0
1748,Elberfeld,700.0,600.0,,,0.130663397949639,9999.0,0.2742749857031337,2.72759372031494,2.4533187346118064,,13.331999999999999,999.9,1319.0,600.0,695.0,1000.0
1750,Elbląg,325.0,275.0,0.0,0.0,0.0,0.0,0.0,0.0,0.0,0.0,0.0,0.0,1641.0,277.0,324.0,15000.0
1750,Elbląg,375.0,325.0,0.004472844466388848,0.005872620588887142,0.0024824489789143644,0.018769265121506118,0.003492703312129475,0.006395896989544125,0.0029031936774146505,60.0,33.333333333333336,250.0,1601.0,326.0,373.0,15000.0
1750,Elbląg,425.0,375.0,0.0028308602553136497,0.003688291204998818,0.0016438862497256679,0.011863821081270114,0.0022534185570328713,0.004249037875992734,0.0019956193189598626,31.009615384615387,18.01801801801802,129.37499999999983,1552.0,375.475,423.0,12000.0
1750,Elbląg,500.0,425.0,0.007907775099265324,0.010669582414893422,0.0043966444765612955,0.03625723715890505,0.006045567912583927,0.011288858855190653,0.0052432909426067265,56.81818181818182,31.645569620253166,256.9078947368418,1488.0,427.0,497.0,10000.0
1750,Elbląg,600.0,500.0,0.007120028052538752,0.011426187649057994,0.0035536996357190542,0.04007651103612231,0.005280134578329765,0.010927908417805998,0.005647773839476233,27.77777777777778,13.88888888888889,153.84615384615384,1400.5,504.0,597.0,5000.0
1750,Elbląg,700.0,600.0,,,0.15052354521556552,29999.0,0.3093799857726657,2.627773439663084,2.3183934538904185,,40.802971584598296,2999.9,1319.0,600.0,693.0,3000.0
1790,Emden,325.0,275.0,-0.0011855260858958938,-0.00442308436944158,-0.0245643540087485,0.0,-0.005854991058641068,0.0,0.005854991058641068,-15.957446808510639,-334.37499999999994,0.0,1643.0,277.0,324.0,12000.0
1790,Emden,375.0,325.0,0.0100665186169695,0.013818104319587644,0.0058191557524959695,0.04348784793451377,0.007982645897707363,0.014702045149175502,0.006719399251468139,117.6470588235294,68.15187911662147,500.0,1601.0,326.0,373.0,15000.0
1790,Emden,425.0,375.0,0.009155176281639532,0.014218691431609197,0.005357817175516866,0.050201680167547114,0.0070219997262570555,0.013147605481073521,0.0061256057548164655,62.019230769230774,36.36363636363637,333.3333333333333,1552.0,376.0,423.0,9000.0
1790,Emden,500.0,425.0,0.010290796199844743,0.014321341103133128,0.005760453622694145,0.04860149117898959,0.00807002652880251,0.015134544167366482,0.007064517638563972,33.52059925093633,18.806014150943398,155.35714285714232,1486.5,426.475,497.0,5000.0
1790,Emden,600.0,500.0,-0.005735058003032034,-0.009042469399772794,-0.034780968540392566,-0.002735879749744652,-0.008969864305641062,-0.004171328400973451,0.004798535904667611,-14.185110663983904,-87.31060606060605,-6.756756756756757,1398.0,503.0,597.0,2000.0
1790,Emden,700.0,600.0,,,0.1357247807745332,29999.0,0.27819797480979025,2.627773439663084,2.349575464853294,,37.0358024691358,2999.9,1319.0,600.0,695.0,3000.0
1793,Emmerich,325.0,275.0,0.0,0.0,0.0,0.0,0.0,0.0,0.0,0.0,0.0,0.0,1643.0,277.0,324.0,5000.0
1793,Emmerich,375.0,325.0,0.004472844466388848,0.006621143344772619,0.0026125992300359336,0.023897877157570167,0.0033360530458059756,0.006395896989544125,0.0030598439437381497,20.0,11.692886456908345,105.83333333333309,1603.0,326.0,373.525,5000.0
1793,Emmerich,425.0,375.0,0.0,0.0,0.0,0.0,0.0,0.0,0.0,0.0,0.0,0.0,1551.0,376.0,423.0,4000.0
1793,Emmerich,500.0,425.0,0.008092418974347648,0.011224436958084224,0.004511100233403731,0.03355778300702772,0.006045567912583927,0.010762969341457151,0.004717401428873225,23.25581395348837,12.987012987012987,95.23809523809524,1489.0,427.0,498.0,4000.0
1793,Emmerich,600.0,500.0,-0.00546427446148412,-0.00915099660694126,-0.036189388115712484,-0.0026723477197432154,-0.00858981212111709,-0.0040872315918704105,0.00450258052924668,-13.513513513513514,-90.9090909090909,-6.599642732659464,1400.0,502.0,597.0,2000.0
1793,Emmerich,700.0,600.0,,,0.13939004577743486,29999.0,0.311653070932316,3.3610267508422353,3.0493736799099196,,37.97341772151899,2999.9,1320.0,600.0,693.0,3000.0
1811,Enkhuizen,325.0,275.0,-0.0002880815523388369,-0.0010380881206932503,-0.004652171732197341,0.0,-0.0013489129344880224,0.0,0.0013489129344880224,-5.617977528089888,-90.9090909090909,0.0,1641.0,276.0,324.0,19000.0
1811,Enkhuizen,375.0,325.0,0.019272757589167355,0.026568707524127697,0.010466792301105698,0.08686690424248389,0.01488863044297628,0.02731615561940104,0.012427525176424759,250.0,136.36363636363637,1090.909090909091,1599.0,326.0,373.0,20000.0
1811,Enkhuizen,425.0,375.0,0.011152802576038123,0.015338075115354368,0.006152897631075405,0.054766076481646664,0.008386139151709715,0.015878083105551388,0.007491943953841673,64.00409626216077,35.39823008849557,307.6923076923077,1551.0,375.0,422.525,8000.0
1811,Enkhuizen,500.0,425.0,0.01569828465972245,0.023653389698112398,0.008896124087279416,0.09119097332040595,0.012454548098765006,0.022248560812155427,0.009794012713390421,33.70786516853933,19.166462518373347,188.82352941176418,1490.0,427.0,498.0,4000.0
1811,Enkhuizen,600.0,500.0,0.0,0.0,0.0,0.0,0.0,0.0,0.0,0.0,0.0,0.0,1401.0,503.0,596.0,1000.0
1811,Enkhuizen,700.0,600.0,,,0.12034955858887368,9999.0,0.28932470639317803,3.6415888336127784,3.3522641272196005,,12.336725636724111,999.9,1320.0,600.0,694.0,1000.0
1813,Enschede,325.0,275.0,0.0,0.0,0.0,0.0,0.0,0.0,0.0,0.0,0.0,0.0,1642.0,277.0,324.0,1000.0
1813,Enschede,375.0,325.0,0.0,0.0,0.0,0.0,0.0,0.0,0.0,0.0,0.0,0.0,1600.0,326.0,372.0,1000.0
1813,Enschede,425.0,375.0,0.0,0.0,0.0,0.0,0.0,0.0,0.0,0.0,0.0,0.0,1550.0,376.0,424.0,1000.0
1813,Enschede,500.0,425.0,0.0,0.0,0.0,0.0,0.0,0.0,0.0,0.0,0.0,0.0,1488.0,426.475,496.525,1000.0
1813,Enschede,600.0,500.0,0.0,0.0,0.0,0.0,0.0,0.0,0.0,0.0,0.0,0.0,1399.0,502.0,597.0,1000.0
1813,Enschede,700.0,600.0,,,0.12042480752502116,9999.0,0.26638017346740317,2.72759372031494,2.461213546847537,,12.344444444444445,999.9,1317.0,600.0,696.0,1000.0
1826,Erfurt,325.0,275.0,-0.00029059950451698624,-0.0011121309849446495,-0.006008114162108865,0.0,-0.0013507674230837097,0.0,0.0013507674230837097,-5.376344086021505,-111.45833333333331,0.0,1642.0,277.0,324.0,18000.0
1826,Erfurt,375.0,325.0,0.0,0.0,0.0,0.0,0.0,0.0,0.0,0.0,0.0,0.0,1599.0,326.0,374.0,19000.0
1826,Erfurt,425.0,375.0,0.0,0.0,0.0,0.0,0.0,0.0,0.0,0.0,0.0,0.0,1551.0,376.0,423.0,19000.0
1826,Erfurt,500.0,425.0,0.0063018854158096715,0.009369863584826273,0.0034978732132078137,0.03267201223797844,0.004935959082269514,0.00915067553412685,0.0042147164518573366,91.95402298850574,51.11056671566226,470.5882352941176,1488.0,427.0,497.0,19000.0
1826,Erfurt,600.0,500.0,-0.004983453843922181,-0.00784690685442447,-0.02558296532285203,-0.0024948390328610737,-0.007657163230177982,-0.0037776290563520387,0.0038795341738259437,-66.66666666666667,-345.8333333333333,-33.333333333333336,1401.0,501.0,597.0,11000.0
1826,Erfurt,700.0,600.0,,,0.1615863496415424,159999.0,0.35968708968243535,4.539182980610752,4.179495890928317,,199.99875,15999.9,1319.0,600.0,694.0,16000.0
1831,Erlangen,325.0,275.0,0.0,0.0,0.0,0.0,0.0,0.0,0.0,0.0,0.0,0.0,1641.0,277.0,324.0,1000.0
1831,Erlangen,375.0,325.0,0.0,0.0,0.0,0.0,0.0,0.0,0.0,0.0,0.0,0.0,1600.0,326.0,373.0,1000.0
1831,Erlangen,425.0,375.0,0.0,0.0,0.0,0.0,0.0,0.0,0.0,0.0,0.0,0.0,1551.0,376.0,424.0,1000.0
1831,Erlangen,500.0,425.0,0.0,0.0,0.0,0.0,0.0,0.0,0.0,0.0,0.0,0.0,1490.0,426.475,497.0,1000.0
1831,Erlangen,600.0,500.0,0.0,0.0,0.0,0.0,0.0,0.0,0.0,0.0,0.0,0.0,1400.0,502.0,597.0,1000.0
1831,Erlangen,700.0,600.0,,,0.1244531718082076,9999.0,0.2742749857031337,3.6415888336127784,3.367313847909645,,12.734039678675755,999.9,1319.0,600.0,694.0,1000.0
1858,Eschweiler,325.0,275.0,0.0,0.0,0.0,0.0,0.0,0.0,0.0,0.0,0.0,0.0,1642.0,278.0,324.0,2000.0
1858,Eschweiler,375.0,325.0,0.013959479790029095,0.01888978085949295,0.007602288015488873,0.06239154177664555,0.010720863771376044,0.019042874229474205,0.008322010458098161,20.0,10.926301958910654,87.31060606060589,1601.0,326.0,373.0,2000.0
1858,Eschweiler,425.0,375.0,0.0,0.0,0.0,0.0,0.0,0.0,0.0,0.0,0.0,0.0,1550.0,375.475,423.525,1000.0
1858,Eschweiler,500.0,425.0,0.0,0.0,0.0,0.0,0.0,0.0,0.0,0.0,0.0,0.0,1489.0,427.0,498.0,1000.0
1858,Eschweiler,600.0,500.0,-0.00919938673477072,-0.014671026758604148,-0.06106908933829369,-0.004624984069217453,-0.014639596005697975,-0.006977033367622565,0.00766256263807541,-13.333333333333334,-90.9090909090909,-6.687919463087249,1401.0,502.0,595.0,1000.0
1858,Eschweiler,700.0,600.0,,,0.14116138283714363,19999.0,0.32704781514661274,4.210007309586913,3.8829594944403,,26.665333333333333,1999.9,1319.5,600.0,694.0,2000.0
1865,Essen,325.0,275.0,-0.002351806878910012,-0.008748248771094579,-0.04942017504585927,0.0,-0.010898690627577867,0.0,0.010898690627577867,-5.813953488372093,-125.0,0.0,1643.0,277.0,324.0,2000.0
1865,Essen,375.0,325.0,0.0,0.0,0.0,0.0,0.0,0.0,0.0,0.0,0.0,0.0,1602.0,326.0,373.0,3000.0
1865,Essen,425.0,375.0,0.0,0.0,0.0,0.0,0.0,0.0,0.0,0.0,0.0,0.0,1550.0,376.0,423.0,3000.0
1865,Essen,500.0,425.0,0.0,0.0,0.0,0.0,0.0,0.0,0.0,0.0,0.0,0.0,1486.0,426.475,498.0,3000.0
1865,Essen,600.0,500.0,0.014184430681817517,0.027138669198707898,0.007228915094206412,0.10503150339646661,0.011158894963394062,0.022215413278477092,0.01105651831508303,25.641025641025642,13.112745098039214,181.8181818181818,1402.0,501.475,597.0,3000.0
1865,Essen,700.0,600.0,,,0.11807782902699247,9999.0,0.25716281531125773,3.6415888336127784,3.3844260183015207,,12.11677233323538,999.9,1318.0,600.0,695.0,1000.0
1962,Flensburg,325.0,275.0,0.0,0.0,0.0,0.0,0.0,0.0,0.0,0.0,0.0,0.0,1641.0,277.0,324.0,6000.0
1962,Flensburg,375.0,325.0,0.008142271612429308,0.012231093927403097,0.004618189163819064,0.04137974399241062,0.006162320179612157,0.011996835977684972,0.005834515798072815,40.0,22.727272727272727,200.0,1602.0,326.0,372.0,6000.0
1962,Flensburg,425.0,375.0,0.004368332749805415,0.00670170907114812,0.00261871442600925,0.01878385121962848,0.003350741603306062,0.006559649797480471,0.003208908194174409,15.151515151515152,9.090909090909092,64.68749999999991,1551.0,376.0,423.0,4000.0
1962,Flensburg,500.0,425.0,0.004644792377589746,0.006365759767447649,0.0025290861577340782,0.01860111711794188,0.00361874684110286,0.006925786318479121,0.0033070394773762612,11.42894461859979,6.229619565217392,45.45454545454545,1486.0,426.0,498.0,3000.0
1962,Flensburg,600.0,500.0,0.0,0.0,0.0,0.0,0.0,0.0,0.0,0.0,0.0,0.0,1399.0,502.0,595.0,2000.0
1962,Flensburg,700.0,600.0,,,0.1299908883659445,19999.0,0.3069051036156929,2.4484882412482154,2.1415831376325225,,24.678644054878053,1999.9,1319.0,600.0,695.0,2000.0
1983,Frjentsjer,325.0,275.0,0.0017153289295357421,0.00572238763674363,0.0,0.029186008964760646,0.0,0.007599310154630556,0.007599310154630556,5.9523809523809526,0.0,100.0,1642.0,277.0,324.0,4000.0
1983,Frjentsjer,375.0,325.0,0.00848296793033998,0.01214540401092558,0.004671395591360428,0.04608191864321465,0.006355503360101045,0.012362614549220163,0.006007111189119119,20.833333333333332,11.494252873563218,111.11111111111111,1599.0,325.0,373.0,3000.0
1983,Frjentsjer,425.0,375.0,0.0,0.0,0.0,0.0,0.0,0.0,0.0,0.0,0.0,0.0,1554.0,376.0,423.0,2000.0
1983,Frjentsjer,500.0,425.0,0.007907775099265324,0.011229262117191087,0.0043966444765612955,0.04189186813951772,0.0058914151736861875,0.010932735660499238,0.00504132048681305,11.363636363636363,6.329113924050633,59.20138888888873,1488.0,427.0,497.525,2000.0
1983,Frjentsjer,600.0,500.0,-0.00971513651191136,-0.01604520535463196,-0.05612568731830647,-0.004990056081287158,-0.015285247065568774,-0.007120376362407699,0.008164870703161076,-14.084507042253522,-83.33333333333333,-7.217153284671537,1397.0,502.0,598.0,1000.0
1983,Frjentsjer,700.0,600.0,,,0.14116138283714363,19999.0,0.32445041682897524,3.1155971378360787,2.7911467210071033,,26.665333333333333,1999.9,1321.0,600.0,694.0,2000.0
1987,Frankfurt am Main,325.0,275.0,0.0009811848897820497,0.003706987644067931,0.0,0.023051875220462925,0.0,0.0050773338838054904,0.0050773338838054904,21.50537634408602,0.0,500.0,1641.0,277.975,324.0,24000.0
1987,Frankfurt am Main,375.0,325.0,0.0057702254348444,0.008109269732680377,0.0032015816214545634,0.02543641050186509,0.004435686701232955,0.008497134868602707,0.004061448167369752,100.0,55.55555555555556,436.55303030302946,1601.0,327.0,373.525,20000.0
1987,Frankfurt am Main,425.0,375.0,0.0035482412888032666,0.004906236508312025,0.002039494860932839,0.01731305178338105,0.002692093715716215,0.005084325888737418,0.0023922321730212026,47.61904761904762,27.391576313594662,230.76923076923077,1553.0,375.475,423.0,15000.0
1987,Frankfurt am Main,500.0,425.0,0.003350741603306062,0.004587361260436391,0.0018224312234034201,0.014687866269896113,0.002549102499264988,0.004576823912877392,0.0020277214136124044,34.883720930232556,18.9873417721519,152.02205882352823,1487.5,426.0,498.0,12000.0
1987,Frankfurt am Main,600.0,500.0,-0.005094268589467155,-0.007881469028042088,-0.027890203508860734,-0.002384301542793924,-0.00832255553993344,-0.0036704950053277896,0.004652060534605651,-55.55555555555556,-307.6923076923077,-25.966687750368973,1400.5,502.0,597.525,9000.0
1987,Frankfurt am Main,700.0,600.0,,,0.16635340294167375,129999.0,0.38692821079419737,4.377288479674831,3.990360268880633,,169.88505681818182,12999.9,1320.0,600.0,695.0,13000.0
1988,Frankfurt (Oder),325.0,275.0,-0.0009272174515674858,-0.0034250574714078654,-0.018390360029264086,0.0,-0.004504798082692996,0.0,0.004504798082692996,-11.11111111111111,-222.22222222222223,0.0,1641.0,276.0,324.0,11000.0
1988,Frankfurt (Oder),375.0,325.0,0.0015404681438009327,0.0022224072617835315,0.00087997714711463,0.007303148645426694,0.001195381177925281,0.0020544846873498113,0.0008591035094245303,19.23076923076923,10.989010989010989,90.9090909090909,1600.0,326.0,373.0,13000.0
1988,Frankfurt (Oder),425.0,375.0,0.0013820871714704808,0.0021487702024735535,0.00078419359833104,0.007941492873976053,0.001112618834797685,0.0021244822282870945,0.0010118633934894095,15.873015873015873,9.00900900900901,90.9090909090909,1547.0,376.0,423.0,12000.0
1988,Frankfurt (Oder),500.0,425.0,0.014705766467238757,0.022948936342925143,0.008389255207601592,0.07291541247013623,0.011166871972186243,0.020190086234193494,0.00902321426200725,89.88764044943821,51.43920595533499,433.3333333333328,1487.0,426.0,498.0,11000.0
1988,Frankfurt (Oder),600.0,500.0,-0.007168907006247838,-0.011265434024154267,-0.03724864388607915,-0.0036029758938978117,-0.011809381035399302,-0.005252401193170497,0.006556979842228805,-28.169014084507044,-148.6263736263736,-14.13195484966537,1397.0,502.0,597.0,3000.0
1988,Frankfurt (Oder),700.0,600.0,,,0.1477386896770701,49999.0,0.3294043801929525,4.035785166583854,3.7063807863909015,,63.675292518662765,4999.9,1322.0,600.0,694.0,5000.0
1997,Wschowa,325.0,275.0,0.0,0.0,0.0,0.0,0.0,0.0,0.0,0.0,0.0,0.0,1641.0,276.0,324.0,2000.0
1997,Wschowa,375.0,325.0,0.013959479790029095,0.018598535073083452,0.007907775099265324,0.054766076481646664,0.011063084486895525,0.019440643702144822,0.008377559215249297,20.0,11.363636363636363,76.92307692307692,1599.0,326.0,373.0,2000.0
1997,Wschowa,425.0,375.0,0.0,0.0,0.0,0.0,0.0,0.0,0.0,0.0,0.0,0.0,1550.0,376.0,423.525,1000.0
1997,Wschowa,500.0,425.0,0.0,0.0,0.0,0.0,0.0,0.0,0.0,0.0,0.0,0.0,1490.0,426.0,497.0,1000.0
1997,Wschowa,600.0,500.0,0.0,0.0,0.0,0.0,0.0,0.0,0.0,0.0,0.0,0.0,1399.5,502.0,597.0,1000.0
1997,Wschowa,700.0,600.0,,,0.12365480013875096,9999.0,0.2826498305280605,2.72759372031494,2.444943889786879,,12.656962025316455,999.9,1318.0,600.0,695.0,1000.0
2002,Freiberg,325.0,275.0,-0.0009688556192900544,-0.003917446737311978,-0.020054137073244327,0.0,-0.004915488891632291,0.0,0.004915488891632291,-10.638297872340425,-222.22222222222223,0.0,1643.0,277.0,324.0,10000.0
2002,Freiberg,375.0,325.0,0.008142271612429308,0.010778405382050237,0.004416955554771951,0.03309072399635027,0.006257421110539063,0.011326585144617374,0.005069164034078311,80.0,43.47826086956522,321.15384615384556,1601.0,325.0,373.0,12000.0
2002,Freiberg,425.0,375.0,0.0,0.0,0.0,0.0,0.0,0.0,0.0,0.0,0.0,0.0,1550.0,375.0,423.525,8000.0
2002,Freiberg,500.0,425.0,0.0076460851390429685,0.010697893400782648,0.00442471044564785,0.0392592260318434,0.006032499705455441,0.010889286051700475,0.0048567863462450345,43.956043956043956,25.477707006369428,222.22222222222223,1488.5,426.0,497.525,8000.0
2002,Freiberg,600.0,500.0,-0.005577276370467454,-0.00856525799836657,-0.030708245041122573,-0.0027350812565366846,-0.008969864305641062,-0.004118446761975231,0.004851417543665831,-27.58751902587519,-153.84615384615384,-13.50956489978542,1398.5,502.0,598.0,4000.0
2002,Freiberg,700.0,600.0,,,0.14743182338458172,59999.0,0.3259180986517687,2.9561149883102327,2.630196889658464,,74.99875,5999.9,1318.0,600.0,695.0,6000.0
2048,Fulda,325.0,275.0,0.0009707366265609974,0.0038850324535785684,0.0,0.023051875220462925,0.0,0.004939770277558875,0.004939770277558875,5.319148936170213,0.0,125.0,1641.0,276.975,324.0,6000.0
2048,Fulda,375.0,325.0,0.004384949630707791,0.0058847960539190084,0.0025103766455460974,0.01807756378589668,0.0035482412888032666,0.006049129325025104,0.0025008880362218378,19.607843137254903,11.235955056179776,80.28846153846139,1600.0,326.0,373.0,5000.0
2048,Fulda,425.0,375.0,0.0,0.0,0.0,0.0,0.0,0.0,0.0,0.0,0.0,0.0,1551.0,376.475,423.0,4000.0
2048,Fulda,500.0,425.0,0.008188012619719132,0.011764999788451394,0.004615533909659802,0.04089238188633321,0.006321233202251975,0.011619440301922523,0.005298207099670549,23.529411764705884,13.286975717439294,115.62499999999955,1488.0,426.0,498.0,4000.0
2048,Fulda,600.0,500.0,-0.005184782988968961,-0.008315601546574267,-0.025023166965419286,-0.0029227759107685607,-0.007918776218757695,-0.003967257676113167,0.003951518542644528,-12.820512820512821,-62.5,-7.219007402773435,1403.0,501.0,596.0,2000.0
2048,Fulda,700.0,600.0,,,0.1365836988724302,29999.0,0.3025607302937148,2.1438217715318215,1.8412610412381067,,37.2557025462963,2999.9,1317.0,601.0,694.025,3000.0
2058,Fürth,325.0,275.0,0.0023907865762341496,0.010513900972801107,0.0,0.05198950550864412,0.0,0.011095731970026057,0.011095731970026057,5.882352941176471,0.0,125.0,1640.0,278.0,324.0,3000.0
2058,Fürth,375.0,325.0,0.0,0.0,0.0,0.0,0.0,0.0,0.0,0.0,0.0,0.0,1601.0,326.0,373.0,2000.0
2058,Fürth,425.0,375.0,0.0,0.0,0.0,0.0,0.0,0.0,0.0,0.0,0.0,0.0,1550.0,376.0,424.0,2000.0
2058,Fürth,500.0,425.0,0.0,0.0,0.0,0.0,0.0,0.0,0.0,0.0,0.0,0.0,1487.5,427.0,497.525,2000.0
2058,Fürth,600.0,500.0,0.009540388970986857,0.016528830393106708,0.004540651386895078,0.06504108943996267,0.0068187028073551925,0.014246386967327274,0.007427684159972081,13.698630136986301,6.5359477124183005,90.9090909090909,1401.5,502.0,596.0,2000.0
2058,Fürth,700.0,600.0,,,0.1269991794156289,9999.0,0.25716281531125773,1.7825594022071245,1.5253965868958668,,12.979471153846154,999.9,1318.0,600.0,696.0,1000.0
2159,Gent,325.0,275.0,0.0014841299766806815,0.005119044143245091,0.0,0.025816852996224604,0.0,0.006912763324041116,0.006912763324041116,52.325581395348834,0.0,900.0,1642.0,277.0,324.0,40000.0
2159,Gent,375.0,325.0,-0.003604319568617176,-0.0046657227836803825,-0.013062107369445216,-0.00196396564795398,-0.005042407256649617,-0.0027501207607042166,0.0022922864959454003,-122.44897959183673,-445.8791208791208,-66.66666666666667,1600.0,326.0,373.0,31000.0
2159,Gent,425.0,375.0,-0.003230439065864288,-0.004456832796920367,-0.015592985305741198,-0.0017461930663608127,-0.00491287443530361,-0.002384282062714349,0.002528592372589261,-132.24043715846994,-642.3076923076922,-71.42857142857143,1552.0,376.0,423.525,37000.0
2159,Gent,500.0,425.0,-0.0039059141468706926,-0.0056199000290858055,-0.01996985304335775,-0.0023145580175348845,-0.005664871078481903,-0.0030581022207144537,0.0026067688577674497,-211.11111111111111,-1088.1535947712418,-125.0,1489.0,426.475,497.0,45000.0
2159,Gent,600.0,500.0,0.0,0.0,0.0,0.0,0.0,0.0,0.0,0.0,0.0,0.0,1403.0,502.0,596.0,64000.0
2159,Gent,700.0,600.0,,,0.19650074271157597,639999.0,0.4088878036870154,4.3182958969449885,3.909408093257973,,858.8094689189189,63999.9,1318.0,600.0,693.0,64000.0
2164,Gera,325.0,275.0,0.0022328008717216186,0.00867626828268698,0.0,0.04608191864321465,0.0,0.010450773046505324,0.010450773046505324,5.4945054945054945,0.0,111.11111111111111,1642.0,278.0,324.0,3000.0
2164,Gera,375.0,325.0,0.0,0.0,0.0,0.0,0.0,0.0,0.0,0.0,0.0,0.0,1599.0,326.0,373.0,2000.0
2164,Gera,425.0,375.0,0.011619440301922523,0.015225801593189278,0.006379410757559878,0.044273782427413755,0.008675010737049016,0.017049744443626835,0.00837473370657782,16.666666666666668,9.174311926605505,62.5,1550.0,376.0,423.0,2000.0
2164,Gera,500.0,425.0,0.0,0.0,0.0,0.0,0.0,0.0,0.0,0.0,0.0,0.0,1491.0,426.0,497.0,1000.0
2164,Gera,600.0,500.0,0.0,0.0,0.0,0.0,0.0,0.0,0.0,0.0,0.0,0.0,1402.5,501.0,597.0,1000.0
2164,Gera,700.0,600.0,,,0.11960969465778166,9999.0,0.2915496650148839,2.72759372031494,2.436044055300056,,12.265409891598916,999.9,1320.0,600.0,694.0,1000.0
2194,Gießen,325.0,275.0,0.0014850984405491152,0.0073377340921420686,0.0,0.03674812407330563,0.0,0.007599310154630556,0.007599310154630556,5.154639175257732,0.0,125.44642857142817,1643.0,277.0,324.0,4000.0
2194,Gießen,375.0,325.0,0.0,0.0,0.0,0.0,0.0,0.0,0.0,0.0,0.0,0.0,1602.0,325.0,373.0,3000.0
2194,Gießen,425.0,375.0,0.006456709352256285,0.009341264954358443,0.00362678510604475,0.02938526445012246,0.005145663408022028,0.009474018174702836,0.004328354766680809,15.873015873015873,8.928571428571429,71.42857142857143,1548.5,376.0,423.0,3000.0
2194,Gießen,500.0,425.0,0.00781857725471724,0.010020531036059715,0.004438213075232811,0.03133723061766449,0.005980450926793723,0.011063084486895525,0.005082633560101801,11.235955056179776,6.388820839457782,44.515810276679794,1489.0,426.475,497.0,2000.0
2194,Gießen,600.0,500.0,0.0,0.0,0.0,0.0,0.0,0.0,0.0,0.0,0.0,0.0,1395.0,502.0,598.525,1000.0
2194,Gießen,700.0,600.0,,,0.12615593236187142,9999.0,0.2518750258625291,2.1622776601683795,1.9104026343058504,,12.89831043956044,999.9,1319.0,600.0,696.0,1000.0
2218,Kłodzko,325.0,275.0,-0.0018867247534736231,-0.007207732932100833,-0.036807864023321625,0.0,-0.009052620287559043,0.0,0.009052620287559043,-11.235955056179776,-222.91666666666663,0.0,1640.0,276.0,324.0,5000.0
2218,Kłodzko,375.0,325.0,0.006821274527375354,0.009892590919189497,0.003765605869999428,0.031061016501513494,0.005189917151443568,0.010248286017380703,0.005058368865937135,40.40816326530612,22.340823970037455,181.8181818181818,1601.0,326.0,373.0,7000.0
2218,Kłodzko,425.0,375.0,0.0035482412888032666,0.004859068095647878,0.002039494860932839,0.01498743870216579,0.0026286671535680206,0.004971060510761349,0.0023423933571933286,15.873015873015873,9.130525437864888,66.66666666666667,1552.0,376.0,423.0,5000.0
2218,Kłodzko,500.0,425.0,0.015878083105551388,0.024039413323858897,0.008953581198342548,0.06504108943996267,0.012454548098765006,0.022611435601268326,0.01015688750250332,34.09090909090909,19.28970223325062,136.36363636363637,1488.0,427.0,498.0,4000.0
2218,Kłodzko,600.0,500.0,0.0,0.0,0.0,0.0,0.0,0.0,0.0,0.0,0.0,0.0,1398.0,503.0,598.0,1000.0
2218,Kłodzko,700.0,600.0,,,0.12790588178316764,9999.0,0.28932470639317803,3.6415888336127784,3.3522641272196005,,13.066875000000001,999.9,1321.0,600.0,694.0,1000.0
2234,Głogów,325.0,275.0,-0.0047872031354990185,-0.01703485789439748,-0.09269290610556957,0.0,-0.023383583090232918,0.0,0.023383583090232918,-38.46153846153846,-777.7777777777778,0.0,1640.5,278.0,324.0,5000.0
2234,Głogów,375.0,325.0,0.0036530874540363634,0.004840746852292863,0.00204976261553661,0.014123543114045178,0.0027662669050740885,0.005376802123371549,0.0026105352182974606,40.0,22.46212121212121,153.84615384615384,1601.5,326.0,373.0,12000.0
2234,Głogów,425.0,375.0,0.0017287140745065877,0.0022058102332618962,0.0009670775536259058,0.006421587939729903,0.001317874079563186,0.002453248852617218,0.001135374773054032,16.39344262295082,9.174311926605505,60.753676470588154,1550.5,376.0,423.0,10000.0
2234,Głogów,500.0,425.0,0.01723868895502978,0.023736953297899002,0.009910075041900607,0.06493427570369772,0.013642467479016318,0.024161515739197892,0.010519048260181574,79.54545454545455,45.89460784313726,292.7826086956516,1487.5,426.475,497.0,9000.0
2234,Głogów,600.0,500.0,-0.005119321104739449,-0.008505607652988079,-0.02666893922145752,-0.0026900777217672843,-0.008411612491333487,-0.0040064586638997035,0.004405153827433783,-12.658227848101266,-66.66666666666667,-6.643487858719648,1402.0,502.0,597.0,2000.0
2234,Głogów,700.0,600.0,,,0.1422291378635589,29999.0,0.32130560462498536,2.627773439663084,2.3064678350380987,,38.69751123876124,2999.9,1317.0,600.0,694.0,3000.0
2242,Gniezno,325.0,275.0,-0.0011608563195875665,-0.004589289367384163,-0.024488888020923416,0.0,-0.0061792613312130484,0.0,0.0061792613312130484,-5.208333333333333,-111.11111111111111,0.0,1642.0,276.0,324.0,4000.0
2242,Gniezno,375.0,325.0,0.004472844466388848,0.006197589174981201,0.00244110857595784,0.025103648456901162,0.0033360530458059756,0.006395896989544125,0.0030598439437381497,20.0,10.926301958910654,111.11111111111111,1603.0,326.0,372.525,5000.0
2242,Gniezno,425.0,375.0,0.004505150194401342,0.006657352673541563,0.0026063125573230262,0.01814274521212278,0.003472062759659167,0.006873085131488876,0.0034010223718297095,15.625,9.047911547911548,62.5,1551.0,376.0,423.0,4000.0
2242,Gniezno,500.0,425.0,-0.003227164311407127,-0.004407191478455926,-0.01732575668179931,-0.0018301837483144462,-0.004574300298894801,-0.0024877928419994866,0.0020865074568953146,-11.235955056179776,-60.75367647058823,-6.367656604998379,1489.0,426.0,498.0,3000.0
2242,Gniezno,600.0,500.0,-0.003052093839724046,-0.004859033733654403,-0.019293886088251746,-0.001428985661661256,-0.0052066707345090335,-0.0022978049777145904,0.002908865756794443,-13.698630136986301,-87.31060606060605,-6.408465173618247,1398.0,502.0,596.525,4000.0
2242,Gniezno,700.0,600.0,,,0.1374704395974482,49999.0,0.3106123321316785,3.6911727854354144,3.380560453303736,,59.522619047619045,4999.9,1317.0,600.0,696.0,5000.0
2267,Złotoryja ,325.0,275.0,0.0,0.0,0.0,0.0,0.0,0.0,0.0,0.0,0.0,0.0,1642.0,277.0,324.0,1000.0
2267,Złotoryja ,375.0,325.0,0.0,0.0,0.0,0.0,0.0,0.0,0.0,0.0,0.0,0.0,1600.0,326.0,373.0,1000.0
2267,Złotoryja ,425.0,375.0,0.0,0.0,0.0,0.0,0.0,0.0,0.0,0.0,0.0,0.0,1549.0,376.0,423.525,1000.0
2267,Złotoryja ,500.0,425.0,0.0,0.0,0.0,0.0,0.0,0.0,0.0,0.0,0.0,0.0,1487.0,427.0,498.0,1000.0
2267,Złotoryja ,600.0,500.0,-0.008961515535408249,-0.014992029434724153,-0.06696700846319259,-0.004624984069217453,-0.014336801359812412,-0.006772522985858731,0.007564278373953681,-12.987012987012987,-100.0,-6.687919463087249,1401.0,502.475,596.0,1000.0
2267,Złotoryja ,700.0,600.0,,,0.13538044560631102,19999.0,0.3069051036156929,3.1155971378360787,2.808692034220386,,25.639743589743592,1999.9,1318.0,600.0,696.0,2000.0
2305,Gorinchem,325.0,275.0,0.0032761680928954373,0.012595189950750358,0.0,0.060540481614018704,0.0,0.016461427882965562,0.016461427882965562,22.22222222222222,0.0,400.0,1642.0,277.0,324.0,9000.0
2305,Gorinchem,375.0,325.0,-0.003604170501090298,-0.00474109708231242,-0.015792340128216408,-0.002034534362009572,-0.005051684793433542,-0.0027175181100409507,0.002334166683392591,-19.80392156862745,-87.31060606060605,-11.17041198501873,1602.0,326.0,373.0,5000.0
2305,Gorinchem,425.0,375.0,0.006456709352256285,0.00957176654542849,0.003796582362963985,0.031681116530724474,0.004956941626377054,0.00976012412310645,0.004803182496729397,31.746031746031747,18.69158878504673,153.84615384615384,1550.0,376.0,424.0,6000.0
2305,Gorinchem,500.0,425.0,0.015522512504275054,0.02137831014800484,0.00898141634517754,0.06504108943996267,0.012127684716553455,0.021226606315364105,0.00909892159881065,33.333333333333336,19.3494005994006,136.36363636363637,1488.0,426.0,497.0,4000.0
2305,Gorinchem,600.0,500.0,-0.009580852533173756,-0.015484742025755074,-0.05612568731830647,-0.0047689178123264675,-0.015037904114486772,-0.006977033367622565,0.008060870746864207,-13.88888888888889,-83.33333333333333,-6.896551724137931,1397.0,502.475,597.0,1000.0
2305,Gorinchem,700.0,600.0,,,0.13627045781138794,19999.0,0.2589948493789105,2.4484882412482154,2.1894933918693047,,25.797910839160842,1999.9,1316.0,600.0,696.0,2000.0
2313,Görlitz,325.0,275.0,-0.0018737169361316974,-0.007183096403051175,-0.03885553096333838,0.0,-0.009342270020379573,0.0,0.009342270020379573,-15.789473684210526,-333.3333333333333,0.0,1642.0,276.975,324.0,7000.0
2313,Görlitz,375.0,325.0,0.002109432041083714,0.0032187751416790067,0.0012117740154093948,0.010591751203291366,0.001647613883860366,0.003103645059883142,0.0014560311760227762,20.0,11.494252873563218,100.0,1601.0,326.0,373.0,10000.0
2313,Görlitz,425.0,375.0,0.0018420544338091371,0.0026607102547795782,0.0010713283322598688,0.008791303459258588,0.0013705084715949223,0.0026960787358601968,0.0013255702642652745,15.625,9.090909090909092,74.31318681318669,1552.0,376.0,423.0,9000.0
2313,Görlitz,500.0,425.0,0.0,0.0,0.0,0.0,0.0,0.0,0.0,0.0,0.0,0.0,1486.0,426.0,497.0,8000.0
2313,Görlitz,600.0,500.0,0.006122610259966743,0.01211207997050191,0.0030862717038071695,0.03994410769050427,0.004664345631617328,0.01049925953902675,0.0058349139074094225,38.96103896103896,19.669117647058826,250.0,1402.0,502.475,596.0,8000.0
2313,Görlitz,700.0,600.0,,,0.1508681850797582,49999.0,0.3294043801929525,2.866973986492824,2.5375696062998716,,64.93376623376624,4999.9,1318.0,600.0,695.0,5000.0
2337,Goslar ,325.0,275.0,-0.0007097691155692476,-0.0026514630228644917,-0.014772937996047694,0.0,-0.0034180270626176235,0.0,0.0034180270626176235,-5.319148936170213,-111.45833333333331,0.0,1643.0,277.0,324.0,7000.0
2337,Goslar ,375.0,325.0,-0.004638034928771462,-0.006811029615863305,-0.024488888020923416,-0.0025615819413241647,-0.007004818095916049,-0.0034270917818882696,0.0035777263140277793,-41.666666666666664,-222.22222222222223,-22.988505747126435,1601.0,325.0,373.0,8000.0
2337,Goslar ,425.0,375.0,-0.002889809404047816,-0.0042129534719579885,-0.012938536405764589,-0.0016335015125250156,-0.003955667757259751,-0.00224835207873586,0.0017073156785238908,-31.746031746031747,-142.85714285714286,-17.933558558558563,1551.0,376.0,423.0,10000.0
2337,Goslar ,500.0,425.0,0.007907775099265324,0.010467219243003072,0.004453137034247767,0.03371801789047272,0.006194227700365373,0.01059839493869863,0.004404167238333256,68.18181818181819,38.46153846153846,287.04545454545394,1488.0,427.0,497.0,12000.0
2337,Goslar ,600.0,500.0,-0.005184782988968961,-0.008644331836761911,-0.034780968540392566,-0.0027823778082323868,-0.008775725417672242,-0.004046442082010437,0.004729283335661805,-38.46153846153846,-261.9318181818182,-20.615257439773266,1401.0,503.0,596.0,6000.0
2337,Goslar ,700.0,600.0,,,0.15960660635562476,89999.0,0.36112636454693225,4.1020995710752315,3.7409732065282992,,116.82562499999999,8999.9,1317.0,600.0,693.0,9000.0
2347,Gotha,325.0,275.0,0.0011397846448383264,0.005061738152880149,0.0,0.028285594297889682,0.0,0.006049129325025104,0.006049129325025104,5.1020408163265305,0.0,125.0,1643.0,276.0,324.0,5000.0
2347,Gotha,375.0,325.0,0.005888331169939143,0.007918520763879843,0.003312163619931585,0.026497904095038605,0.004505150194401342,0.008497134868602707,0.003991984674201365,20.408163265306122,11.494252873563218,90.9090909090909,1601.0,326.0,373.0,4000.0
2347,Gotha,425.0,375.0,0.0,0.0,0.0,0.0,0.0,0.0,0.0,0.0,0.0,0.0,1551.0,376.0,422.525,3000.0
2347,Gotha,500.0,425.0,0.0,0.0,0.0,0.0,0.0,0.0,0.0,0.0,0.0,0.0,1490.0,426.475,498.0,3000.0
2347,Gotha,600.0,500.0,-0.006879277656900773,-0.01145305319531471,-0.04537691621306539,-0.003445574821375197,-0.010809780130522917,-0.005198944827089269,0.005610835303433648,-27.027027027027028,-181.8181818181818,-13.513513513513514,1398.0,502.0,596.525,3000.0
2347,Gotha,700.0,600.0,,,0.14879676831361754,49999.0,0.3197340148878116,2.866973986492824,2.5472399716050127,,64.10128205128204,4999.9,1317.0,600.0,693.0,5000.0
2352,Gouda,325.0,275.0,0.0003710670392587101,0.0014300081185423766,0.0,0.007695332652202236,0.0,0.0019183062521763716,0.0019183062521763716,5.376344086021505,0.0,111.11111111111111,1641.0,277.0,324.0,15000.0
2352,Gouda,375.0,325.0,0.008701023045177392,0.012572997596374076,0.0049767560618965145,0.045173891819142664,0.006691747696962624,0.012013009214077108,0.005321261517114484,98.03921568627452,56.17977528089887,500.0,1601.0,326.0,373.0,14000.0
2352,Gouda,425.0,375.0,-0.0033389249420840983,-0.0043851482079413345,-0.01480168918220896,-0.0018140033725668058,-0.004766477819511672,-0.0025369119715885624,0.0022295658479231095,-33.333333333333336,-148.6263736263736,-18.0958230958231,1549.0,376.0,423.0,9000.0
2352,Gouda,500.0,425.0,0.011902271604369963,0.015301619171132012,0.00661098750866555,0.04935057412409294,0.008913180129202392,0.016449978910506147,0.007536798781303755,81.87414500683994,45.595662507427214,333.3333333333333,1488.0,427.0,498.0,11000.0
2352,Gouda,600.0,500.0,0.009410860059099413,0.015183500695478568,0.004646474178124293,0.06857558531553601,0.006886446645750555,0.014321123959876392,0.007434677314125837,27.027027027027028,13.375838926174497,191.36363636363595,1402.0,501.475,597.0,4000.0
2352,Gouda,700.0,600.0,,,0.12916989847149196,19999.0,0.3069051036156929,3.1155971378360787,2.808692034220386,,24.53204644685336,1999.9,1317.0,600.0,694.025,2000.0
2394,Grudziądz,325.0,275.0,0.0022328008717216186,0.008667420806357082,0.0,0.05198950550864412,0.0,0.010727263318404345,0.010727263318404345,5.4945054945054945,0.0,125.0,1641.5,277.0,324.0,3000.0
2394,Grudziądz,375.0,325.0,0.0,0.0,0.0,0.0,0.0,0.0,0.0,0.0,0.0,0.0,1601.0,325.0,373.0,2000.0
2394,Grudziądz,425.0,375.0,-0.006734969544928249,-0.008764212827553448,-0.02666893922145752,-0.0036792613075058433,-0.008969864305641062,-0.004932491553672924,0.004037372751968138,-16.666666666666668,-66.66666666666667,-9.090909090909092,1552.0,376.0,422.525,2000.0
2394,Grudziądz,500.0,425.0,0.004465601743443237,0.0064416156233771974,0.0026274181229947293,0.019070649503036077,0.0034130811582304688,0.006380804858139855,0.002967723699909386,10.989010989010989,6.471512358609132,46.590909090909044,1494.0,427.475,497.525,3000.0
2394,Grudziądz,600.0,500.0,-0.0056156328884413576,-0.009519078362784183,-0.03322429427293372,-0.00276341452902523,-0.008969864305641062,-0.0040872315918704105,0.0048826327137706516,-13.88888888888889,-83.33333333333333,-6.8248532289628185,1399.0,501.0,597.0,2000.0
2394,Grudziądz,700.0,600.0,,,0.14029624193697868,29999.0,0.2939813929797743,4.574255561017864,4.28027416803809,,38.204666098669264,2999.9,1321.0,600.0,693.0,3000.0
2409,Greifswald,325.0,275.0,0.0022328008717216186,0.008194948683244241,0.0,0.04608191864321465,0.0,0.011095731970026057,0.011095731970026057,5.4945054945054945,0.0,111.11111111111111,1642.0,278.0,324.0,3000.0
2409,Greifswald,375.0,325.0,0.0,0.0,0.0,0.0,0.0,0.0,0.0,0.0,0.0,0.0,1601.0,326.0,373.0,2000.0
2409,Greifswald,425.0,375.0,0.0,0.0,0.0,0.0,0.0,0.0,0.0,0.0,0.0,0.0,1549.0,377.0,423.0,2000.0
2409,Greifswald,500.0,425.0,-0.010129357103771497,-0.0161681782331987,-0.052795851300861604,-0.005989534001863853,-0.014439039954990851,-0.0082026183183678,0.006236421636623052,-33.333333333333336,-177.60416666666663,-19.669117647058826,1490.0,428.0,498.0,2000.0
2409,Greifswald,600.0,500.0,-0.006289196518980633,-0.009935134640168325,-0.040204195533041956,-0.003106876053070238,-0.00974395925440752,-0.00473625978701786,0.005007699467389659,-40.270270270270274,-261.9318181818182,-19.861842105263165,1400.0,501.0,597.0,5000.0
2409,Greifswald,700.0,600.0,,,0.15566219460885625,79999.0,0.37758597905702035,4.016969106227038,3.639383127170018,,102.51392487259575,7999.9,1319.0,600.0,693.0,8000.0
2430,Grimma,325.0,275.0,0.002138587441450124,0.009447277825072077,0.0,0.059634022667048425,0.0,0.011652080087522387,0.011652080087522387,5.2631578947368425,0.0,142.85714285714286,1641.0,277.0,324.0,3000.0
2430,Grimma,375.0,325.0,0.0,0.0,0.0,0.0,0.0,0.0,0.0,0.0,0.0,0.0,1602.0,326.0,373.0,2000.0
2430,Grimma,425.0,375.0,0.0,0.0,0.0,0.0,0.0,0.0,0.0,0.0,0.0,0.0,1551.0,376.0,423.0,2000.0
2430,Grimma,500.0,425.0,0.007731369217151451,0.010883673656257958,0.004453137034247767,0.03133723061766449,0.005993295084069983,0.011107943531466824,0.005114648447396841,11.11111111111111,6.410256410256411,44.515810276679794,1489.0,426.0,497.0,2000.0
2430,Grimma,600.0,500.0,0.0,0.0,0.0,0.0,0.0,0.0,0.0,0.0,0.0,0.0,1398.5,502.0,597.0,1000.0
2430,Grimma,700.0,600.0,,,0.12877299725901886,9999.0,0.2915496650148839,2.72759372031494,2.436044055300056,,13.1502,999.9,1320.0,600.0,695.025,1000.0
2444,Hrodna,325.0,275.0,0.0012275679298473507,0.004696639407914671,0.0,0.022565182563572872,0.0,0.006049129325025104,0.006049129325025104,5.4945054945054945,0.0,100.0,1642.0,277.0,324.0,5000.0
2444,Hrodna,375.0,325.0,0.0057702254348444,0.0077666318670167695,0.0032015816214545634,0.029186008964760646,0.004576823912877392,0.00808072759564471,0.0035039036827673176,20.0,11.11111111111111,100.0,1601.0,326.0,374.0,4000.0
2444,Hrodna,425.0,375.0,0.006355503360101045,0.008485681017159156,0.00362678510604475,0.025850179122152653,0.004897073445708333,0.009102714753431995,0.004205641307723662,15.625,8.928571428571429,62.94117647058806,1550.5,375.475,423.0,3000.0
2444,Hrodna,500.0,425.0,0.00781857725471724,0.011739006071723512,0.004368932308026485,0.0458594611338505,0.006032499705455441,0.011107943531466824,0.005075443826011383,11.235955056179776,6.289308176100629,64.68749999999991,1487.0,426.0,498.0,2000.0
2444,Hrodna,600.0,500.0,-0.009580852533173756,-0.014408443177617998,-0.05192248566082858,-0.004638915000774113,-0.015285247065568774,-0.006907504562964073,0.008377742502604701,-13.88888888888889,-76.92307692307692,-6.708113709059787,1398.0,502.475,597.0,1000.0
2444,Hrodna,700.0,600.0,,,0.14632326847907343,19999.0,0.2890887562651854,2.4484882412482154,2.1593994849830302,,27.57662718797565,1999.9,1316.0,600.0,694.0,2000.0
2456,Groningen,325.0,275.0,0.0005326423286362569,0.002306011854857255,0.0,0.014400337020140208,0.0,0.0028038780252421236,0.0028038780252421236,10.638297872340425,0.0,285.7142857142857,1641.5,277.0,324.0,21000.0
2456,Groningen,375.0,325.0,0.007618667915436195,0.010140408563088904,0.004225453512670896,0.03212949118468633,0.005947139772379151,0.010309254199179163,0.004362114426800012,120.0,66.66666666666667,500.0,1602.0,326.0,373.0,19000.0
2456,Groningen,425.0,375.0,-0.0011945757990433625,-0.001780339217260719,-0.0067144450762169905,-0.0006734819469177422,-0.0017219569408777335,-0.0009230642496448338,0.0007988926912328997,-16.129032258064516,-90.9090909090909,-9.090909090909092,1551.0,376.0,423.0,13000.0
2456,Groningen,500.0,425.0,0.011442327702636756,0.015117931923791914,0.006621953288496796,0.040536913680464144,0.008915538215047425,0.016217908869865072,0.007302370654817647,99.45054945054946,57.69230769230769,347.33333333333275,1489.0,426.0,497.0,14000.0
2456,Groningen,600.0,500.0,0.0032630561601983965,0.004995053120020892,0.0015345635053628458,0.018769265121506118,0.0023030970455701905,0.005327080400978623,0.0030239833554084328,14.59931798806479,6.871752479924421,83.33333333333333,1399.0,502.0,596.0,5000.0
2456,Groningen,700.0,600.0,,,0.14544251471264955,39999.0,0.31220454674316356,3.5439876423907704,3.231783095647607,,51.25632171625843,3999.9,1321.0,600.0,694.0,4000.0
2602,Großenhain,325.0,275.0,0.0,0.0,0.0,0.0,0.0,0.0,0.0,0.0,0.0,0.0,1642.0,277.0,324.0,2000.0
2602,Großenhain,375.0,325.0,0.0,0.0,0.0,0.0,0.0,0.0,0.0,0.0,0.0,0.0,1601.0,326.0,372.0,2000.0
2602,Großenhain,425.0,375.0,0.0,0.0,0.0,0.0,0.0,0.0,0.0,0.0,0.0,0.0,1550.0,376.0,423.0,2000.0
2602,Großenhain,500.0,425.0,0.008092418974347648,0.011467263746863599,0.0044668142808822085,0.03715504444619189,0.0060987605963314095,0.012234716073474372,0.0061359554771429625,11.627906976744185,6.429900744416874,52.63157894736842,1487.0,426.0,498.0,2000.0
2602,Großenhain,600.0,500.0,0.0,0.0,0.0,0.0,0.0,0.0,0.0,0.0,0.0,0.0,1406.0,503.0,597.0,1000.0
2602,Großenhain,700.0,600.0,,,0.12615593236187142,9999.0,0.2742749857031337,2.72759372031494,2.4533187346118064,,12.89831043956044,999.9,1321.0,600.0,694.0,1000.0
2647,Zielona Góra,325.0,275.0,-0.002118564109803822,-0.00763675206120944,-0.04360509242850186,0.0,-0.009103818391865581,0.0,0.009103818391865581,-17.857142857142858,-375.0,0.0,1642.0,277.0,324.0,7000.0
2647,Zielona Góra,375.0,325.0,0.018875747265706178,0.02744808056363358,0.010287906936136732,0.07934843806377612,0.014420022409289412,0.026525434644226298,0.012105412234936885,122.44897959183673,67.02247191011236,500.0,1598.5,325.0,373.525,10000.0
2647,Zielona Góra,425.0,375.0,0.011242520665180722,0.015578936008764267,0.006467344690345278,0.050756638653219444,0.008594091576999086,0.01664043939193549,0.008046347814936405,32.25806451612903,18.60072689511942,142.85714285714286,1549.5,377.0,423.0,4000.0
2647,Zielona Góra,500.0,425.0,0.008188012619719132,0.013175808830206023,0.004525137031312121,0.04049653795668208,0.005993295084069983,0.012682424393701153,0.00668912930963117,11.764705882352942,6.513666072489602,57.271241830065286,1487.0,426.0,497.0,2000.0
2647,Zielona Góra,600.0,500.0,0.0,0.0,0.0,0.0,0.0,0.0,0.0,0.0,0.0,0.0,1404.0,502.0,596.0,1000.0
2647,Zielona Góra,700.0,600.0,,,0.11957229431639957,9999.0,0.2518750258625291,2.1622776601683795,1.9104026343058504,,12.261574924698795,999.9,1316.0,600.0,696.0,1000.0
2671,Gubin,325.0,275.0,0.0,0.0,0.0,0.0,0.0,0.0,0.0,0.0,0.0,0.0,1643.0,276.0,324.0,4000.0
2671,Gubin,375.0,325.0,0.005888331169939143,0.008766423419175195,0.0032744638420139083,0.029186008964760646,0.004505150194401342,0.0082533605159536,0.003748210321552259,20.408163265306122,11.363636363636363,100.0,1601.0,326.0,373.0,4000.0
2671,Gubin,425.0,375.0,0.006561190729592159,0.00919283053634148,0.00365951855834723,0.031681116530724474,0.0050182917336516475,0.009700680656461458,0.00468238892280981,16.129032258064516,9.00900900900901,76.92307692307692,1552.0,375.0,423.0,3000.0
2671,Gubin,500.0,425.0,0.007562662046558977,0.009973296682399943,0.004495786510653338,0.028113826656066543,0.005980450926793723,0.011063084486895525,0.005082633560101801,10.869565217391305,6.471512358609132,40.0,1490.0,426.0,497.0,2000.0
2671,Gubin,600.0,500.0,0.0,0.0,0.0,0.0,0.0,0.0,0.0,0.0,0.0,0.0,1398.0,503.0,597.525,1000.0
2671,Gubin,700.0,600.0,,,0.13155540862114612,9999.0,0.27230128264420106,2.72759372031494,2.455292437670739,,13.417577027027026,999.9,1316.0,600.0,695.0,1000.0
2705,Güstrow,325.0,275.0,0.0,0.0,0.0,0.0,0.0,0.0,0.0,0.0,0.0,0.0,1641.0,277.0,324.0,2000.0
2705,Güstrow,375.0,325.0,0.0,0.0,0.0,0.0,0.0,0.0,0.0,0.0,0.0,0.0,1601.0,326.0,373.0,2000.0
2705,Güstrow,425.0,375.0,0.010889286051700475,0.01459402844770349,0.006321233202251975,0.0458594611338505,0.008701983790398993,0.014857097917020168,0.006155114126621175,15.625,9.090909090909092,64.68749999999991,1551.0,376.0,423.0,2000.0
2705,Güstrow,500.0,425.0,0.0,0.0,0.0,0.0,0.0,0.0,0.0,0.0,0.0,0.0,1487.0,426.0,497.0,1000.0
2705,Güstrow,600.0,500.0,0.0,0.0,0.0,0.0,0.0,0.0,0.0,0.0,0.0,0.0,1397.0,502.0,598.0,1000.0
2705,Güstrow,700.0,600.0,,,0.1244531718082076,9999.0,0.26638017346740317,2.1622776601683795,1.8958974867009764,,12.734039678675755,999.9,1319.0,600.0,695.0,1000.0
2712,Den Haag,325.0,275.0,0.0016007908107272817,0.006340932748075062,0.0,0.03258437241741923,0.0,0.007805496438260562,0.007805496438260562,27.77777777777778,0.0,557.291666666665,1643.0,277.0,324.0,20000.0
2712,Den Haag,375.0,325.0,0.017438815535728125,0.02444542460777091,0.010287906936136732,0.07934843806377612,0.013769925072169675,0.025779201456064937,0.012009276383895262,169.81132075471697,100.53370786516854,750.0,1602.0,326.0,373.0,15000.0
2712,Den Haag,425.0,375.0,-0.0025658804839011617,-0.003633678615965335,-0.013915963372589268,-0.001387781003397759,-0.0037761228786687973,-0.0019432860098197169,0.0018328368688490804,-16.666666666666668,-90.9090909090909,-9.00900900900901,1549.5,376.0,424.0,6000.0
2712,Den Haag,500.0,425.0,0.00925229968080199,0.012300936156464206,0.00541139062536744,0.03926479898161528,0.00714555862432098,0.013120682263411565,0.005975123639090585,43.47826086956522,25.477707006369428,181.8181818181818,1490.0,426.0,497.0,7000.0
2712,Den Haag,600.0,500.0,-0.004101310451787632,-0.006544043593708451,-0.01970112175141666,-0.001988578912488293,-0.006408633010501014,-0.0029016615384610533,0.0035069714720399603,-14.285714285714286,-69.16666666666666,-6.919300766283526,1397.0,504.0,597.525,3000.0
2712,Den Haag,700.0,600.0,,,0.14647583028385455,39999.0,0.3316190508157393,4.848035476425731,4.516416425609992,,51.59711163836164,3999.9,1320.0,600.0,695.0,4000.0
2717,Haarlem,325.0,275.0,-0.0001509974649605561,-0.0005586984074182193,-0.0028820041853095946,0.0,-0.0006833318540400146,0.0,0.0006833318540400146,-5.813953488372093,-111.11111111111111,0.0,1642.0,278.0,324.0,38000.0
2717,Haarlem,375.0,325.0,0.018349440378215842,0.026420871108422905,0.010414002446194948,0.08436822742951611,0.014713304025398166,0.025783149610012712,0.011069845584614546,469.38775510204084,267.4418604651163,2090.909090909091,1600.0,326.0,373.0,39000.0
2717,Haarlem,425.0,375.0,0.004505150194401342,0.0063198978589419355,0.0026063125573230262,0.01814274521212278,0.003514479307390461,0.006413413367788001,0.00289893406039754,62.5,36.19164619164619,250.0,1552.0,375.475,423.525,16000.0
2717,Haarlem,500.0,425.0,0.004618189163819064,0.0061409436603500085,0.002671094639432381,0.022781461820273075,0.003532006434950219,0.006355503360101045,0.0028234969251508257,45.45454545454545,26.31578947368421,222.22222222222223,1490.0,427.0,496.525,12000.0
2717,Haarlem,600.0,500.0,0.00628639199719605,0.01030649729579583,0.003116559240224315,0.03994410769050427,0.004664345631617328,0.010050245078219167,0.005385899446601838,40.0,19.861842105263158,250.0,1400.0,503.475,597.0,8000.0
2717,Haarlem,700.0,600.0,,,0.14879676831361754,49999.0,0.2861107615000653,2.866973986492824,2.5808632249927586,,64.10128205128204,4999.9,1317.5,601.0,694.0,5000.0
2737,Hagen,325.0,275.0,0.0,0.0,0.0,0.0,0.0,0.0,0.0,0.0,0.0,0.0,1641.0,277.0,324.0,1000.0
2737,Hagen,375.0,325.0,0.0,0.0,0.0,0.0,0.0,0.0,0.0,0.0,0.0,0.0,1601.0,326.0,373.0,1000.0
2737,Hagen,425.0,375.0,0.0,0.0,0.0,0.0,0.0,0.0,0.0,0.0,0.0,0.0,1550.0,376.0,424.0,1000.0
2737,Hagen,500.0,425.0,,,0.16895181649857816,9999.0,0.3894954943731377,9.0,8.610504505626862,,16.947457627118645,999.9,1504.0,425.0,495.0,1000.0
2758,Halberstadt,325.0,275.0,-0.0004726643659209162,-0.0017644188258827587,-0.009621346579011925,0.0,-0.002287153548056864,0.0,0.002287153548056864,-5.434782608695652,-111.11111111111111,0.0,1643.0,277.0,324.0,11000.0
2758,Halberstadt,375.0,325.0,0.001795850486650985,0.002331114602729876,0.0009834162936647294,0.007277299859802078,0.0013395329429315428,0.0026401875663844,0.001300654623452857,20.62074829931973,11.296603677221656,83.33333333333333,1600.0,326.0,374.0,12000.0
2758,Halberstadt,425.0,375.0,0.0015384431559237743,0.0020341266337007224,0.000862730021721947,0.005807256251553175,0.0011920872193471599,0.0022189740965115057,0.0010268868771643458,16.129032258064516,9.047911547911548,60.753676470588154,1550.5,375.0,423.0,11000.0
2758,Halberstadt,500.0,425.0,0.010290796199844743,0.014281483253557232,0.005929060821199927,0.046880234976865554,0.008196476494703397,0.014477661874181258,0.0062811853794778605,67.04119850187266,38.70967741935484,300.0,1488.5,426.475,497.0,10000.0
2758,Halberstadt,600.0,500.0,-0.005538919852493551,-0.008770092143145943,-0.030708245041122573,-0.0026808279732696847,-0.008775725417672242,-0.004046442082010437,0.004729283335661805,-27.397260273972602,-153.84615384615384,-13.241228070175442,1400.0,501.0,596.0,4000.0
2758,Halberstadt,700.0,600.0,,,0.16029818124251816,59999.0,0.33579810300530033,2.9561149883102327,2.6203168853049323,,81.07972972972972,5999.9,1318.0,600.0,696.0,6000.0
2765,Halle (Saale),325.0,275.0,-0.0021440341744809466,-0.00692702199496822,-0.04360509242850186,0.0,-0.00916343129899408,0.0,0.00916343129899408,-18.072289156626507,-375.0,0.0,1642.0,277.0,324.0,7000.0
2765,Halle (Saale),375.0,325.0,0.004472844466388848,0.006130361140323009,0.002552819649289778,0.021580863625896604,0.003605574037172765,0.006049129325025104,0.0024435552878523392,40.0,22.851358411703238,191.36363636363595,1601.0,325.475,373.0,10000.0
2765,Halle (Saale),425.0,375.0,0.0021560530861022276,0.0031948715734993276,0.001198063644450309,0.009583587885213074,0.0016705362013673675,0.002971771263895251,0.0013012350625278835,16.129032258064516,8.96677927927928,71.42857142857143,1552.0,375.0,424.0,8000.0
2765,Halle (Saale),500.0,425.0,0.009620274370854331,0.013058884108230008,0.005481406041985215,0.04349900844569219,0.007379020745735154,0.013759902434282045,0.006380881688546891,45.19918283963228,25.806451612903224,201.0025062656637,1488.0,426.0,498.0,7000.0
2765,Halle (Saale),600.0,500.0,-0.003987612613269853,-0.00707006182865441,-0.037916455629784136,-0.0018480573892859621,-0.006372543611403825,-0.002931226892379235,0.0034413167190245897,-13.88888888888889,-134.37499999999997,-6.429900744416875,1400.0,501.475,597.0,3000.0
2765,Halle (Saale),700.0,600.0,,,0.14852574397947374,39999.0,0.35075690673258686,3.8699996008995106,3.5192426941669237,,52.271420454545456,3999.9,1323.0,600.0,692.025,4000.0
2777,Hamburg,325.0,275.0,0.0015486155744028895,0.006684717270006482,0.0,0.031762031717677,0.0,0.007289620068268221,0.007289620068268221,71.42857142857143,0.0,1444.4444444444443,1642.0,277.0,324.0,53000.0
2777,Hamburg,375.0,325.0,0.0027288470049966485,0.003789840104970442,0.0014927136928397312,0.011189758255839566,0.0020564406970737803,0.0039351162183651756,0.0018786755212913953,102.04081632653062,55.852059925093634,416.6666666666667,1600.0,325.0,373.0,40000.0
2777,Hamburg,425.0,375.0,0.0025724811631127054,0.003923369061379495,0.0013708896605402587,0.012928752866029347,0.0019049068469239039,0.0037668494902995953,0.0018619426433756914,83.33333333333333,44.43544563843236,416.6666666666667,1550.5,376.0,423.0,35000.0
2777,Hamburg,500.0,425.0,0.014794547754861442,0.019675839478820796,0.008480216657463324,0.0619212960665152,0.011240494225494446,0.021288290198965054,0.010047795973470608,244.44444444444446,140.55405846807122,1000.0,1489.0,427.0,497.525,30000.0
2777,Hamburg,600.0,500.0,0.006549180891350703,0.011618089311719813,0.003036029122143341,0.04599969911460399,0.004758798693906385,0.010269846783046432,0.005511048089140047,41.666666666666664,19.3494005994006,287.04545454545394,1399.0,502.0,596.0,8000.0
2777,Hamburg,700.0,600.0,,,0.14284042129304786,49999.0,0.31745359419877833,3.6911727854354144,3.373719191236636,,61.69846112804878,4999.9,1320.0,600.0,695.0,5000.0
2778,Hameln,325.0,275.0,0.0,0.0,0.0,0.0,0.0,0.0,0.0,0.0,0.0,0.0,1642.0,277.0,324.0,2000.0
2778,Hameln,375.0,325.0,0.0,0.0,0.0,0.0,0.0,0.0,0.0,0.0,0.0,0.0,1600.0,325.0,373.525,2000.0
2778,Hameln,425.0,375.0,0.011619440301922523,0.015296986776355681,0.006234653207721019,0.04729412282062673,0.008488842002541297,0.016347853743147844,0.007859011740606547,16.666666666666668,8.96677927927928,66.66666666666667,1550.0,376.0,423.0,2000.0
2778,Hameln,500.0,425.0,0.0,0.0,0.0,0.0,0.0,0.0,0.0,0.0,0.0,0.0,1488.5,426.0,497.525,1000.0
2778,Hameln,600.0,500.0,0.0,0.0,0.0,0.0,0.0,0.0,0.0,0.0,0.0,0.0,1401.0,502.0,595.525,1000.0
2778,Hameln,700.0,600.0,,,0.12042480752502116,9999.0,0.26638017346740317,3.6415888336127784,3.3752086601453755,,12.344444444444445,999.9,1321.0,600.0,693.025,1000.0
2781,Hamm (Lippe),325.0,275.0,0.002478470813188527,0.008069313120403475,0.0,0.041497298358680615,0.0,0.010450773046505324,0.010450773046505324,6.097560975609756,0.0,100.27777777777753,1642.0,277.0,324.0,3000.0
2781,Hamm (Lippe),375.0,325.0,0.0,0.0,0.0,0.0,0.0,0.0,0.0,0.0,0.0,0.0,1600.0,326.0,373.0,2000.0
2781,Hamm (Lippe),425.0,375.0,0.0,0.0,0.0,0.0,0.0,0.0,0.0,0.0,0.0,0.0,1550.0,376.0,424.0,2000.0
2781,Hamm (Lippe),500.0,425.0,0.0,0.0,0.0,0.0,0.0,0.0,0.0,0.0,0.0,0.0,1489.0,427.0,498.525,2000.0
2781,Hamm (Lippe),600.0,500.0,-0.005427944347440261,-0.010171332629014904,-0.03202917088782342,-0.002681597468240815,-0.009385103533257277,-0.0040872315918704105,0.005297871941386867,-13.423423423423424,-80.28846153846152,-6.622516556291391,1400.0,502.475,598.0,2000.0
2781,Hamm (Lippe),700.0,600.0,,,0.14836068041756945,29999.0,0.3025607302937148,3.3610267508422353,3.0584660205485203,,40.25541486486486,2999.9,1321.0,600.0,693.0,3000.0
2791,Hanau,325.0,275.0,0.0038230425695214842,0.01579028688277555,0.0,0.08005973889230611,0.0,0.018910284405250666,0.018910284405250666,5.4945054945054945,0.0,111.11111111111111,1642.0,277.0,324.0,2000.0
2791,Hanau,375.0,325.0,0.0,0.0,0.0,0.0,0.0,0.0,0.0,0.0,0.0,0.0,1601.0,326.0,373.0,1000.0
2791,Hanau,425.0,375.0,0.0,0.0,0.0,0.0,0.0,0.0,0.0,0.0,0.0,0.0,1551.0,376.0,423.0,1000.0
2791,Hanau,500.0,425.0,0.0,0.0,0.0,0.0,0.0,0.0,0.0,0.0,0.0,0.0,1487.0,427.0,498.0,1000.0
2791,Hanau,600.0,500.0,-0.008961515535408249,-0.014212867575993722,-0.05412916653100447,-0.00440521862876575,-0.014046278251899968,-0.006642715706043023,0.007403562545856945,-12.987012987012987,-80.28846153846152,-6.369426751592357,1401.5,501.475,597.0,1000.0
2791,Hanau,700.0,600.0,,,0.13627045781138794,19999.0,0.2977319584968121,3.1155971378360787,2.8178651793392664,,25.797910839160842,1999.9,1316.0,600.0,696.0,2000.0
2795,Hannover,325.0,275.0,0.0013677065009103373,0.0052546706187245155,0.0,0.028317349738656628,0.0,0.006635455317314021,0.006635455317314021,10.869565217391305,0.0,222.22222222222223,1644.0,276.0,324.0,9000.0
2795,Hannover,375.0,325.0,0.0031193284250854436,0.004453971450353206,0.0017335309409398647,0.012928752866029347,0.0023383460376573684,0.004414018344535586,0.002075672306878218,20.20408163265306,11.235955056179776,83.33333333333333,1603.0,326.0,373.0,7000.0
2795,Hannover,425.0,375.0,0.0,0.0,0.0,0.0,0.0,0.0,0.0,0.0,0.0,0.0,1551.0,376.0,423.0,6000.0
2795,Hannover,500.0,425.0,0.0020506565439857294,0.0028489570882496637,0.0012200956082952963,0.0085307275309299,0.0015866622603606384,0.002993349129482459,0.0014066868691218204,11.235955056179776,6.6879194630872485,46.590909090909044,1488.5,426.0,497.525,6000.0
2795,Hannover,600.0,500.0,0.0,0.0,0.0,0.0,0.0,0.0,0.0,0.0,0.0,0.0,1401.0,503.0,597.525,5000.0
2795,Hannover,700.0,600.0,,,0.14978069127753435,49999.0,0.3294043801929525,2.866973986492824,2.5375696062998716,,64.49671203796204,4999.9,1317.0,600.0,695.0,5000.0
2802,Harburg,325.0,275.0,0.0,0.0,0.0,0.0,0.0,0.0,0.0,0.0,0.0,0.0,1643.0,277.0,324.0,2000.0
2802,Harburg,375.0,325.0,0.0,0.0,0.0,0.0,0.0,0.0,0.0,0.0,0.0,0.0,1601.0,326.0,372.525,2000.0
2802,Harburg,425.0,375.0,0.0,0.0,0.0,0.0,0.0,0.0,0.0,0.0,0.0,0.0,1549.0,376.0,424.0,2000.0
2802,Harburg,500.0,425.0,0.007907775099265324,0.013286039299267787,0.004509823308561728,0.03825973977865888,0.006152897631075405,0.012022509754104904,0.0058696121230294995,11.363636363636363,6.491671937592241,54.1666666666666,1488.5,427.0,498.0,2000.0
2802,Harburg,600.0,500.0,0.0,0.0,0.0,0.0,0.0,0.0,0.0,0.0,0.0,0.0,1403.0,501.0,598.0,1000.0
2802,Harburg,700.0,600.0,,,0.130663397949639,9999.0,0.2826498305280605,2.1622776601683795,1.879627829640319,,13.331999999999999,999.9,1317.0,600.0,696.0,1000.0
2807,Harderwijk,325.0,275.0,0.0,0.0,0.0,0.0,0.0,0.0,0.0,0.0,0.0,0.0,1641.0,278.0,324.0,3000.0
2807,Harderwijk,375.0,325.0,0.0,0.0,0.0,0.0,0.0,0.0,0.0,0.0,0.0,0.0,1599.0,327.0,374.0,3000.0
2807,Harderwijk,425.0,375.0,-0.004864099098529029,-0.007100778007645779,-0.01970112175141666,-0.002576257317966025,-0.006867645421265334,-0.003589567947803962,0.0032780774734613716,-16.949152542372882,-69.16666666666666,-8.966779279279281,1549.0,376.0,423.0,3000.0
2807,Harderwijk,500.0,425.0,0.008188012619719132,0.010170459703278954,0.004495786510653338,0.02759333308110185,0.006194227700365373,0.011107943531466824,0.004913715831101451,23.529411764705884,12.943024717218265,78.53846153846146,1492.0,426.0,497.0,4000.0
2807,Harderwijk,600.0,500.0,0.0,0.0,0.0,0.0,0.0,0.0,0.0,0.0,0.0,0.0,1401.0,501.475,596.525,2000.0
2807,Harderwijk,700.0,600.0,,,0.1317822407038276,19999.0,0.2890887562651854,3.1155971378360787,2.8265083815708936,,24.99875,1999.9,1317.0,600.0,696.0,2000.0
2816,Harns,325.0,275.0,0.003240049850486426,0.012130011595946566,0.0,0.06071420705837294,0.0,0.016012981435830964,0.016012981435830964,21.978021978021978,0.0,401.1111111111101,1642.0,277.0,324.0,9000.0
2816,Harns,375.0,325.0,0.010268879222139482,0.013461294596432307,0.005821717345327659,0.038691826468406916,0.007889817612220629,0.014702045149175502,0.0068122275369548735,40.0,22.727272727272727,148.62637362637338,1600.5,326.0,373.0,5000.0
2816,Harns,425.0,375.0,0.0,0.0,0.0,0.0,0.0,0.0,0.0,0.0,0.0,0.0,1550.0,375.475,424.0,3000.0
2816,Harns,500.0,425.0,0.012856504764857224,0.022207033192212088,0.0069334369956655095,0.0667581171328453,0.009683534827572116,0.019460840501901222,0.009777305674329106,23.25581395348837,12.578616352201259,117.6470588235294,1488.0,427.0,498.0,3000.0
2816,Harns,600.0,500.0,-0.008847134054860262,-0.013525728377733071,-0.05612568731830647,-0.004624984069217453,-0.013767295506640798,-0.006756140072841477,0.007011155433799321,-12.820512820512821,-83.33333333333333,-6.687919463087249,1403.5,502.0,596.525,1000.0
2816,Harns,700.0,600.0,,,0.13627045781138794,19999.0,0.3046118173359727,4.210007309586913,3.90539549225094,,25.797910839160842,1999.9,1318.0,600.0,695.0,2000.0
2855,Hasselt,325.0,275.0,0.0,0.0,0.0,0.0,0.0,0.0,0.0,0.0,0.0,0.0,1641.0,277.0,324.0,5000.0
2855,Hasselt,375.0,325.0,0.010699030129354359,0.014897104913601888,0.005921452493454638,0.05840007284126747,0.008409352168744277,0.015599993406886226,0.007190641238141948,41.666666666666664,23.115477145148354,222.22222222222223,1599.5,326.475,374.0,5000.0
2855,Hasselt,425.0,375.0,0.006456709352256285,0.008757689109019485,0.0037780920887743874,0.03200019425806426,0.004897073445708333,0.009257705998790833,0.0043606325530825,15.873015873015873,9.30036344755971,77.67857142857116,1553.0,376.0,424.0,3000.0
2855,Hasselt,500.0,425.0,0.0076460851390429685,0.010875233281035955,0.004453137034247767,0.03200827973420961,0.005980450926793723,0.010889286051700475,0.004908835124906752,10.989010989010989,6.410256410256411,45.45454545454545,1489.0,427.0,497.0,2000.0
2855,Hasselt,600.0,500.0,-0.009450230099967927,-0.015107921900957324,-0.06106908933829369,-0.004835454446860066,-0.01599047477840354,-0.006977033367622565,0.009013441410780976,-13.698630136986301,-90.9090909090909,-6.993006993006993,1399.0,503.0,596.525,1000.0
2855,Hasselt,700.0,600.0,,,0.13627045781138794,19999.0,0.2790030740616436,3.1155971378360787,2.8365940637744353,,25.797910839160842,1999.9,1320.0,600.0,694.0,2000.0
2885,Heerlen,325.0,275.0,0.0,0.0,0.0,0.0,0.0,0.0,0.0,0.0,0.0,0.0,1641.0,277.0,324.0,1000.0
2885,Heerlen,375.0,325.0,0.0,0.0,0.0,0.0,0.0,0.0,0.0,0.0,0.0,0.0,1600.5,325.0,374.0,1000.0
2885,Heerlen,425.0,375.0,0.0,0.0,0.0,0.0,0.0,0.0,0.0,0.0,0.0,0.0,1551.0,377.0,423.0,1000.0
2885,Heerlen,500.0,425.0,0.0,0.0,0.0,0.0,0.0,0.0,0.0,0.0,0.0,0.0,1487.0,426.0,497.0,1000.0
2885,Heerlen,600.0,500.0,0.0,0.0,0.0,0.0,0.0,0.0,0.0,0.0,0.0,0.0,1399.0,504.0,596.525,1000.0
2885,Heerlen,700.0,600.0,,,0.1211817897440687,9999.0,0.2589254117941673,2.1622776601683795,1.9033522483742122,,12.417739583333333,999.9,1320.0,600.0,694.0,1000.0
2898,nan,325.0,275.0,-0.0037529487402787054,-0.015249191104812562,-0.08327796626884788,0.0,-0.01807536035472912,0.0,0.01807536035472912,-16.304347826086957,-376.33928571428567,0.0,1641.0,276.0,324.0,3000.0
2898,nan,375.0,325.0,-0.0030179990067961127,-0.00395750612603787,-0.01178771860532013,-0.0017014547153603793,-0.004272808794682059,-0.0023328909313917734,0.0019399178632902858,-19.607843137254903,-76.92307692307692,-11.04700854700855,1600.0,325.475,373.0,6000.0
2898,nan,425.0,375.0,-0.0021866450243093194,-0.0029214810270186005,-0.009193351255646512,-0.0011966299768093715,-0.0031742701896417813,-0.0016471776228063062,0.0015270925668354751,-16.39344262295082,-69.16666666666666,-8.966779279279281,1549.0,376.0,423.0,7000.0
2898,nan,500.0,425.0,0.005610964123252016,0.007226656850555798,0.0030462648068716736,0.020645163319040316,0.004205278447512173,0.007997977508874099,0.003792699061361926,35.714285714285715,19.414537075827397,130.43478260869566,1485.0,427.0,497.0,8000.0
2898,nan,600.0,500.0,-0.009020204432408085,-0.01406596238981239,-0.05412916653100447,-0.004751809981487233,-0.014412500021283803,-0.006839347841746557,0.007573152179537246,-65.36226930963772,-401.4423076923077,-34.358762399622115,1403.0,504.0,597.0,5000.0
2898,nan,700.0,600.0,,,0.16467931209177117,99999.0,0.36222489991514656,4.179474679231211,3.817249779316064,,132.41095657894738,9999.9,1318.0,600.0,695.0,10000.0
2907,nan,325.0,275.0,0.0,0.0,0.0,0.0,0.0,0.0,0.0,0.0,0.0,0.0,1642.0,277.0,324.0,6000.0
2907,nan,375.0,325.0,0.0,0.0,0.0,0.0,0.0,0.0,0.0,0.0,0.0,0.0,1598.0,326.0,373.0,6000.0
2907,nan,425.0,375.0,0.0,0.0,0.0,0.0,0.0,0.0,0.0,0.0,0.0,0.0,1551.0,376.0,423.0,6000.0
2907,nan,500.0,425.0,0.0,0.0,0.0,0.0,0.0,0.0,0.0,0.0,0.0,0.0,1489.0,427.475,496.0,6000.0
2907,nan,600.0,500.0,0.0024018476783402853,0.003626366613820916,0.0012243835556318139,0.01310813650717435,0.0018387162082293962,0.003886715824636733,0.0020479996164073366,13.157894736842104,6.7114093959731544,71.42857142857143,1399.0,502.0,595.525,6000.0
2907,nan,700.0,600.0,,,0.1508681850797582,49999.0,0.3197340148878116,3.6911727854354144,3.371438770547603,,64.93376623376624,4999.9,1317.0,600.0,694.025,5000.0
2945,Helmstedt,325.0,275.0,0.0,0.0,0.0,0.0,0.0,0.0,0.0,0.0,0.0,0.0,1641.0,278.0,324.0,3000.0
2945,Helmstedt,375.0,325.0,0.008309128894722129,0.012252928449096725,0.004590884935473572,0.039559777598127004,0.006355503360101045,0.012362614549220163,0.006007111189119119,20.408163265306122,11.296603677221656,95.68181818181797,1599.0,326.0,373.0,3000.0
2945,Helmstedt,425.0,375.0,0.0,0.0,0.0,0.0,0.0,0.0,0.0,0.0,0.0,0.0,1550.0,376.0,423.0,2000.0
2945,Helmstedt,500.0,425.0,0.007604373592800973,0.010318639900186647,0.004438213075232811,0.036551040595055824,0.006045567912583927,0.010889286051700475,0.0048437181391165485,10.929288103201147,6.388820839457782,51.78571428571411,1488.0,426.475,498.0,2000.0
2945,Helmstedt,600.0,500.0,-0.009580852533173756,-0.01572161662547832,-0.05872097337879976,-0.004608069878125337,-0.01599047477840354,-0.006907504562964073,0.009082970215439468,-13.88888888888889,-87.31060606060605,-6.663406827880516,1396.5,502.475,596.525,1000.0
2945,Helmstedt,700.0,600.0,,,0.13538044560631102,19999.0,0.28704932729203325,2.0053303814001584,1.7182810541081253,,25.639743589743592,1999.9,1318.0,600.0,696.0,2000.0
2978,Herford,325.0,275.0,0.0022830905549138247,0.009126136560207868,0.0,0.04137974399241062,0.0,0.010450773046505324,0.010450773046505324,5.617977528089888,0.0,100.0,1642.0,276.0,324.0,3000.0
2978,Herford,375.0,325.0,0.0,0.0,0.0,0.0,0.0,0.0,0.0,0.0,0.0,0.0,1599.0,326.0,373.0,2000.0
2978,Herford,425.0,375.0,0.0,0.0,0.0,0.0,0.0,0.0,0.0,0.0,0.0,0.0,1548.0,376.0,423.0,2000.0
2978,Herford,500.0,425.0,0.0,0.0,0.0,0.0,0.0,0.0,0.0,0.0,0.0,0.0,1489.0,427.0,497.0,2000.0
2978,Herford,600.0,500.0,-0.009078893329407922,-0.016445447151747946,-0.07072510506918898,-0.004885787700658738,-0.01599047477840354,-0.006907504562964073,0.009082970215439468,-26.31578947368421,-211.66666666666663,-14.13195484966537,1399.0,504.0,597.0,2000.0
2978,Herford,700.0,600.0,,,0.14852574397947374,39999.0,0.31220454674316356,3.5439876423907704,3.231783095647607,,52.271420454545456,3999.9,1320.0,600.0,694.0,4000.0
2984,Herne,600.0,500.0,-0.5,-0.5,-1.0,0.0,-1.0,0.0,1.0,-5.555555555555555,-1000.0,0.0,1381.0,507.0,599.0,1000.0
2984,Herne,700.0,600.0,,,0.1235940902438941,9999.0,0.26638017346740317,2.1622776601683795,1.8958974867009764,,12.650978365384615,999.9,1318.0,600.0,695.0,1000.0
2996,Bad Hersfeld,325.0,275.0,-0.0037127446521617036,-0.014066145005909952,-0.06696700846319259,0.0,-0.019069912331085015,0.0,0.019069912331085015,-16.129032258064516,-300.0,0.0,1641.0,277.0,324.0,3000.0
2996,Bad Hersfeld,375.0,325.0,0.013683900322685627,0.019502485941783346,0.007999031637823784,0.06504108943996267,0.010720863771376044,0.019042874229474205,0.008322010458098161,58.8235294117647,34.48275862068966,272.72727272727275,1601.0,326.0,373.0,6000.0
2996,Bad Hersfeld,425.0,375.0,0.006355503360101045,0.008971017510433455,0.0036928482612279545,0.031681116530724474,0.004897073445708333,0.009700680656461458,0.004803607210753125,15.625,9.090909090909092,76.92307692307692,1551.0,376.0,423.0,3000.0
2996,Bad Hersfeld,500.0,425.0,0.008092418974347648,0.010418579378353065,0.004453137034247767,0.03371801789047272,0.005993295084069983,0.011242520665180722,0.005249225581110739,11.627906976744185,6.410256410256411,47.84090909090899,1487.0,426.475,496.525,2000.0
2996,Bad Hersfeld,600.0,500.0,-0.00932312146765335,-0.015305247235355871,-0.06106908933829369,-0.004835454446860066,-0.014955456464126105,-0.006839347841746557,0.008116108622379548,-13.513513513513514,-90.9090909090909,-6.993006993006993,1399.0,502.0,598.0,1000.0
2996,Bad Hersfeld,700.0,600.0,,,0.13087483082048532,19999.0,0.31665822187606274,4.210007309586913,3.89334908771085,,24.836721064814817,1999.9,1320.5,600.0,695.0,2000.0
3017,&#39;s-Hertogenbosch,325.0,275.0,-0.0014554567727307899,-0.005470478102870307,-0.025966130113532687,0.0,-0.00726140391626473,0.0,0.00726140391626473,-16.666666666666668,-300.83333333333326,0.0,1641.0,277.0,324.0,10000.0
3017,&#39;s-Hertogenbosch,375.0,325.0,-0.006238581818140965,-0.008716930167384668,-0.02472177755919458,-0.0036092753001121247,-0.00852718294590249,-0.004993986843287557,0.0035331961026149328,-96.15384615384616,-384.61538461538464,-55.55555555555556,1601.0,326.0,372.525,13000.0
3017,&#39;s-Hertogenbosch,425.0,375.0,0.0019327347657567273,0.0027079269033279904,0.0010566924011924605,0.009501545581202869,0.001473372293694597,0.0029489154133048867,0.0014755431196102897,32.78688524590164,17.93355855855856,160.57692307692278,1549.0,376.0,423.525,18000.0
3017,&#39;s-Hertogenbosch,500.0,425.0,0.006485707374085381,0.008566364463171022,0.0037189248452518253,0.027777077271755823,0.0050157032138959945,0.008891048718977279,0.0038753455050812846,78.65168539325843,45.16129032258065,333.3333333333333,1490.0,426.0,497.0,16000.0
3017,&#39;s-Hertogenbosch,600.0,500.0,0.015163297110877272,0.02347988161994118,0.007398329233012718,0.08507154298580498,0.010909772529671513,0.024306281470566404,0.013396508940894891,82.1917808219178,40.25675675675676,445.87912087912014,1398.5,503.0,596.0,9000.0
3017,&#39;s-Hertogenbosch,700.0,600.0,,,0.1357247807745332,29999.0,0.311653070932316,4.574255561017864,4.262602490085548,,37.0358024691358,2999.9,1317.0,600.0,695.025,3000.0
3050,Hildesheim,325.0,275.0,0.0,0.0,0.0,0.0,0.0,0.0,0.0,0.0,0.0,0.0,1642.0,276.975,324.0,9000.0
3050,Hildesheim,375.0,325.0,0.0,0.0,0.0,0.0,0.0,0.0,0.0,0.0,0.0,0.0,1600.5,325.475,373.0,9000.0
3050,Hildesheim,425.0,375.0,-0.0016449037176575754,-0.002168969132301663,-0.006563398416385313,-0.0009319593997072495,-0.0023386059825940553,-0.001268598450907099,0.0010700075316869562,-15.625,-62.5,-8.849557522123893,1551.0,375.0,422.0,9000.0
3050,Hildesheim,500.0,425.0,0.006249024971389128,0.00887664069081701,0.0032798903370994115,0.026002440207203888,0.0047410703637924545,0.008846237059311646,0.004105166695519191,48.78048780487805,25.641025641025642,201.0025062656637,1485.0,426.0,498.0,10000.0
3050,Hildesheim,600.0,500.0,-0.0036814385257344373,-0.006212561908895705,-0.03145920454727691,-0.0018301837483144462,-0.005853861693663864,-0.002816438848386116,0.0030374228452777485,-25.641025641025642,-222.22222222222223,-12.735313209996757,1404.0,502.0,597.0,6000.0
3050,Hildesheim,700.0,600.0,,,0.15254344538089207,79999.0,0.37758597905702035,3.329967340928458,2.9523813618714376,,100.60000830696202,7999.9,1319.5,600.0,694.0,8000.0
3061,Hilversum,325.0,275.0,0.0,0.0,0.0,0.0,0.0,0.0,0.0,0.0,0.0,0.0,1642.0,277.0,324.0,2000.0
3061,Hilversum,375.0,325.0,0.0,0.0,0.0,0.0,0.0,0.0,0.0,0.0,0.0,0.0,1601.0,326.0,374.0,2000.0
3061,Hilversum,425.0,375.0,0.011242520665180722,0.016265058961975117,0.006234653207721019,0.050756638653219444,0.008488842002541297,0.016250325193551962,0.007761483191010665,16.129032258064516,8.96677927927928,71.42857142857143,1551.0,376.0,424.0,2000.0
3061,Hilversum,500.0,425.0,0.0,0.0,0.0,0.0,0.0,0.0,0.0,0.0,0.0,0.0,1488.0,426.0,498.0,1000.0
3061,Hilversum,600.0,500.0,0.0,0.0,0.0,0.0,0.0,0.0,0.0,0.0,0.0,0.0,1401.0,502.475,597.0,1000.0
3061,Hilversum,700.0,600.0,,,0.13743714248923572,9999.0,0.2805561193218288,2.72759372031494,2.447037600993111,,13.980409330985916,999.9,1318.0,600.0,694.025,1000.0
3090,Hof (Saale),325.0,275.0,0.0,0.0,0.0,0.0,0.0,0.0,0.0,0.0,0.0,0.0,1642.0,277.0,324.0,3000.0
3090,Hof (Saale),375.0,325.0,0.0,0.0,0.0,0.0,0.0,0.0,0.0,0.0,0.0,0.0,1600.0,325.0,373.0,3000.0
3090,Hof (Saale),425.0,375.0,0.006561190729592159,0.008994171520331388,0.0036928482612279545,0.031681116530724474,0.0050182917336516475,0.009257705998790833,0.004239414265139185,16.129032258064516,9.090909090909092,76.92307692307692,1550.5,375.475,423.0,3000.0
3090,Hof (Saale),500.0,425.0,0.008236952157546606,0.0108696084388104,0.0043966444765612955,0.03371801789047272,0.006194227700365373,0.012022509754104904,0.005828282053739531,11.834733893557424,6.329113924050633,47.84090909090899,1488.0,426.475,497.0,2000.0
3090,Hof (Saale),600.0,500.0,-0.008626912537337939,-0.01329576625209358,-0.05612568731830647,-0.004517434549448766,-0.012993099998201418,-0.006706991333789714,0.006286108664411705,-12.5,-83.33333333333333,-6.532051282051288,1405.0,503.0,598.0,1000.0
3090,Hof (Saale),700.0,600.0,,,0.13718541867966477,19999.0,0.27321917512884375,3.1155971378360787,2.8423779627072348,,25.960240384615386,1999.9,1317.0,600.0,694.025,2000.0
3190,Hoogeveen,325.0,275.0,,,0.0,9999.0,0.0,9.0,9.0,,0.0,999.9,1660.0,275.0,322.0,1000.0
3196,Hoorn,325.0,275.0,0.0016007908107272817,0.006709298173642044,0.0,0.0324810319761204,0.0,0.007403736520810167,0.007403736520810167,22.22222222222222,0.0,444.44444444444446,1642.0,277.0,324.0,16000.0
3196,Hoorn,375.0,325.0,0.008309128894722129,0.012088033980089941,0.00451533139369209,0.039559777598127004,0.006456709352256285,0.011652080087522387,0.005195370735266103,81.63265306122449,44.44444444444444,382.7272727272719,1600.0,326.0,373.0,12000.0
3196,Hoorn,425.0,375.0,0.004435686701232955,0.006688530254014902,0.002571891585985586,0.029186008964760646,0.003514479307390461,0.006712710675904177,0.0031982313685137154,30.76923076923077,17.857142857142858,200.0,1550.0,376.0,423.0,8000.0
3196,Hoorn,500.0,425.0,0.007999031637823784,0.010244968875229118,0.0044668142808822085,0.03526492384137758,0.006045567912583927,0.011107943531466824,0.005062375618882897,34.48275862068966,19.28970223325062,150.0,1488.0,426.0,498.0,6000.0
3196,Hoorn,600.0,500.0,0.005647346312124268,0.00847837983548169,0.0027153980621432315,0.033670824405615446,0.004145969914096881,0.008853420605916984,0.004707450691820103,13.88888888888889,6.6879194630872485,81.65584415584371,1399.0,503.475,597.0,3000.0
3196,Hoorn,700.0,600.0,,,0.14319950298086326,19999.0,0.3069051036156929,4.210007309586913,3.9031022059712197,,27.02567567567568,1999.9,1319.5,600.0,694.0,2000.0
3246,Hückeswagen,325.0,275.0,0.0,0.0,0.0,0.0,0.0,0.0,0.0,0.0,0.0,0.0,1641.0,276.0,324.0,2000.0
3246,Hückeswagen,375.0,325.0,0.0,0.0,0.0,0.0,0.0,0.0,0.0,0.0,0.0,0.0,1600.0,326.0,373.0,2000.0
3246,Hückeswagen,425.0,375.0,0.0,0.0,0.0,0.0,0.0,0.0,0.0,0.0,0.0,0.0,1551.0,376.0,423.0,2000.0
3246,Hückeswagen,500.0,425.0,0.007731369217151451,0.01104988686688644,0.004453137034247767,0.041616010650583846,0.005993295084069983,0.011817539120121179,0.005824244036051196,11.11111111111111,6.410256410256411,58.8235294117647,1489.5,426.0,497.0,2000.0
3246,Hückeswagen,600.0,500.0,-0.00919938673477072,-0.015611437431149119,-0.05412916653100447,-0.004701861095942808,-0.015629910094144273,-0.007047976109570531,0.008581933984573742,-13.333333333333334,-80.28846153846152,-6.799352001851427,1403.5,502.0,598.0,1000.0
3246,Hückeswagen,700.0,600.0,,,0.1344232113545149,19999.0,0.31665822187606274,4.210007309586913,3.89334908771085,,25.46935288867251,1999.9,1323.0,600.0,694.0,2000.0
3280,Husum,325.0,275.0,-0.0018057220157523535,-0.006600581356181291,-0.03317765494077797,0.0,-0.008815446616995737,0.0,0.008815446616995737,-10.75268817204301,-200.55555555555551,0.0,1642.0,277.0,324.0,5000.0
3280,Husum,375.0,325.0,0.006752138322153822,0.009127995097644183,0.003851823355337708,0.029814207633316128,0.005111081431988129,0.00913531886040797,0.004024237428419841,40.0,22.851358411703238,174.62121212121178,1601.5,326.0,373.0,7000.0
3280,Husum,425.0,375.0,0.008479728847119561,0.011158847961164377,0.004654668778673932,0.029688125174623586,0.0064870977980164835,0.011677327083504219,0.005190229285487735,33.060109289617486,18.181818181818183,114.54248366013057,1549.0,376.0,423.0,5000.0
3280,Husum,500.0,425.0,0.012213720779299941,0.015919220596093988,0.007022070423853277,0.044086160920416326,0.009598927332304275,0.018173196271457526,0.008574268939153251,22.1001221001221,12.738853503184714,78.53846153846146,1488.0,427.0,496.525,3000.0
3280,Husum,600.0,500.0,0.0,0.0,0.0,0.0,0.0,0.0,0.0,0.0,0.0,0.0,1399.0,503.475,597.0,1000.0
3280,Husum,700.0,600.0,,,0.130663397949639,9999.0,0.2915496650148839,2.72759372031494,2.436044055300056,,13.331999999999999,999.9,1317.0,600.0,693.025,1000.0
3284,Huy,325.0,275.0,-0.000875089459142997,-0.0028238485031085976,-0.015296863975959973,0.0,-0.004157567874630619,0.0,0.004157567874630619,-5.681818181818182,-100.0,0.0,1641.0,277.0,324.0,6000.0
3284,Huy,375.0,325.0,0.0031193284250854436,0.004100330728678525,0.0017532474149501986,0.011928326359882835,0.0023383460376573684,0.004291144032644079,0.0019527979949867103,20.20408163265306,11.363636363636363,76.92307692307692,1601.0,326.0,374.0,7000.0
3284,Huy,425.0,375.0,0.0030433141195582714,0.0038428943579473227,0.001658843058584436,0.0114602687305434,0.0022534185570328713,0.004249037875992734,0.0019956193189598626,16.666666666666668,9.090909090909092,62.5,1550.0,375.0,423.0,6000.0
3284,Huy,500.0,425.0,0.005821717345327659,0.00760833352201057,0.003301085808123938,0.024249568373162333,0.004451842082402013,0.008045517713967165,0.003593675631565152,22.727272727272727,12.903225806451612,93.80434782608666,1487.0,426.0,498.0,5000.0
3284,Huy,600.0,500.0,-0.006787865970446116,-0.010498499777465121,-0.04018245167625841,-0.0034926919540524404,-0.01104347301700781,-0.005032576877150141,0.006010896139857669,-26.666666666666668,-160.57692307692304,-13.698630136986301,1399.5,502.0,597.0,3000.0
3284,Huy,700.0,600.0,,,0.1438170670900059,49999.0,0.3106123321316785,3.6911727854354144,3.380560453303736,,62.09366550925925,4999.9,1317.0,600.0,694.025,5000.0
3285,Ibbenbüren,325.0,275.0,0.0,0.0,0.0,0.0,0.0,0.0,0.0,0.0,0.0,0.0,1642.0,277.0,324.0,2000.0
3285,Ibbenbüren,375.0,325.0,0.013683900322685627,0.01969892393644012,0.00786094623087758,0.07177346253629313,0.010557571994472825,0.019440643702144822,0.008883071707671997,19.607843137254903,11.296603677221656,100.0,1601.5,325.475,373.0,2000.0
3285,Ibbenbüren,425.0,375.0,0.0,0.0,0.0,0.0,0.0,0.0,0.0,0.0,0.0,0.0,1551.0,376.0,423.525,1000.0
3285,Ibbenbüren,500.0,425.0,0.0,0.0,0.0,0.0,0.0,0.0,0.0,0.0,0.0,0.0,1488.0,426.0,498.0,1000.0
3285,Ibbenbüren,600.0,500.0,-0.009450230099967927,-0.015001546514443012,-0.06181738091937167,-0.004610320896770936,-0.014336801359812412,-0.006977033367622565,0.007359767992189847,-13.698630136986301,-92.08333333333331,-6.666666666666667,1401.0,501.475,596.525,1000.0
3285,Ibbenbüren,700.0,600.0,,,0.14632326847907343,19999.0,0.2977319584968121,2.4484882412482154,2.150756282751403,,27.57662718797565,1999.9,1319.0,600.0,694.025,2000.0
3339,Iserlohn,325.0,275.0,0.0,0.0,0.0,0.0,0.0,0.0,0.0,0.0,0.0,0.0,1641.0,277.0,324.0,2000.0
3339,Iserlohn,375.0,325.0,0.0,0.0,0.0,0.0,0.0,0.0,0.0,0.0,0.0,0.0,1602.0,326.0,373.0,2000.0
3339,Iserlohn,425.0,375.0,0.0,0.0,0.0,0.0,0.0,0.0,0.0,0.0,0.0,0.0,1549.0,375.0,423.0,2000.0
3339,Iserlohn,500.0,425.0,0.008092418974347648,0.01163752276486883,0.0045850029737498745,0.03825973977865888,0.006264107164007271,0.011619440301922523,0.0053553331379152525,11.627906976744185,6.599642732659463,54.1666666666666,1487.0,426.0,497.525,2000.0
3339,Iserlohn,600.0,500.0,-0.009078893329407922,-0.013605766904131152,-0.05412916653100447,-0.004672476753331822,-0.013767295506640798,-0.006907504562964073,0.006859790943676725,-13.157894736842104,-80.28846153846152,-6.756756756756757,1401.0,502.0,596.0,1000.0
3339,Iserlohn,700.0,600.0,,,0.12916989847149196,19999.0,0.3046118173359727,3.1155971378360787,2.810985320500106,,24.53204644685336,1999.9,1320.0,600.0,696.0,2000.0
3411,Jena ,325.0,275.0,0.002257665696846045,0.009289057325405834,0.0,0.04608191864321465,0.0,0.011018780911828951,0.011018780911828951,5.555555555555555,0.0,111.11111111111111,1642.0,277.0,324.0,3000.0
3411,Jena ,375.0,325.0,0.0,0.0,0.0,0.0,0.0,0.0,0.0,0.0,0.0,0.0,1601.0,325.0,374.0,2000.0
3411,Jena ,425.0,375.0,0.011063084486895525,0.018085265776659518,0.006208004390128696,0.054766076481646664,0.008701983790398993,0.015522512504275054,0.006820528713876062,15.873015873015873,8.928571428571429,76.92307692307692,1551.0,376.0,424.0,2000.0
3411,Jena ,500.0,425.0,0.0,0.0,0.0,0.0,0.0,0.0,0.0,0.0,0.0,0.0,1488.0,426.0,498.0,1000.0
3411,Jena ,600.0,500.0,0.0,0.0,0.0,0.0,0.0,0.0,0.0,0.0,0.0,0.0,1403.0,503.0,597.0,1000.0
3411,Jena ,700.0,600.0,,,0.13254131515281187,9999.0,0.2589254117941673,2.72759372031494,2.4686683085207726,,13.512162162162161,999.9,1318.0,600.0,695.0,1000.0
3491,Kalisz,325.0,275.0,0.0,0.0,0.0,0.0,0.0,0.0,0.0,0.0,0.0,0.0,1641.0,277.0,324.0,3000.0
3491,Kalisz,375.0,325.0,0.0,0.0,0.0,0.0,0.0,0.0,0.0,0.0,0.0,0.0,1600.0,326.0,373.0,3000.0
3491,Kalisz,425.0,375.0,0.006561190729592159,0.008683096172439276,0.003796582362963985,0.02657588433000648,0.004956941626377054,0.008853420605916984,0.00389647897953993,16.129032258064516,9.345794392523365,64.68749999999991,1552.5,376.0,423.0,3000.0
3491,Kalisz,500.0,425.0,0.007907775099265324,0.011166560668204683,0.0043966444765612955,0.03825973977865888,0.006208004390128696,0.011619440301922523,0.005411435911793827,11.363636363636363,6.329113924050633,54.1666666666666,1489.0,427.0,498.0,2000.0
3491,Kalisz,600.0,500.0,-0.009020204432408085,-0.012384982054226409,-0.04123610137722202,-0.0045943283976051606,-0.013767295506640798,-0.006839347841746557,0.006927947664894241,-13.072453861927546,-60.75367647058823,-6.643487858719648,1401.0,503.0,596.0,1000.0
3491,Kalisz,700.0,600.0,,,0.12837014101262167,19999.0,0.2890887562651854,3.1155971378360787,2.8265083815708936,,24.389024390243904,1999.9,1318.0,600.0,696.0,2000.0
3541,Kampen ,325.0,275.0,0.0,0.0,0.0,0.0,0.0,0.0,0.0,0.0,0.0,0.0,1641.0,277.0,324.0,7000.0
3541,Kampen ,375.0,325.0,0.0030271348969084233,0.0043275619460394436,0.0017532474149501986,0.015534493002352434,0.00237436326690732,0.004414018344535586,0.0020396550776282663,19.607843137254903,11.363636363636363,100.0,1599.0,327.0,373.0,7000.0
3541,Kampen ,425.0,375.0,-0.002483213000491147,-0.003493246996222133,-0.01178771860532013,-0.0013812802556436746,-0.0034972947103260044,-0.0018781204597566603,0.001619174250569344,-16.129032258064516,-76.92307692307692,-8.966779279279281,1549.0,375.0,423.0,6000.0
3541,Kampen ,500.0,425.0,0.003920131561488738,0.005748664644194728,0.0022834103253826397,0.019989654407636115,0.002982067957377099,0.005554290364609027,0.0025722224072319277,23.25581395348837,13.5571796286082,117.6470588235294,1487.0,427.0,498.0,7000.0
3541,Kampen ,600.0,500.0,0.012292144719900922,0.019190933656855532,0.006105932225008814,0.07634589567046758,0.009298426174954688,0.019686826681377,0.010388400506422313,40.0,19.930463576158942,240.8653846153842,1404.5,502.475,595.525,5000.0
3541,Kampen ,700.0,600.0,,,0.12916989847149196,19999.0,0.2809310403725769,2.4484882412482154,2.1675572008756383,,24.53204644685336,1999.9,1321.0,600.0,695.0,2000.0
3580,Kassel,325.0,275.0,0.0015659365736460096,0.006191880138169995,0.0,0.0324810319761204,0.0,0.0082533605159536,0.0082533605159536,10.869565217391305,0.0,222.22222222222223,1640.0,277.0,324.0,8000.0
3580,Kassel,375.0,325.0,0.003445953065126073,0.004661237913662331,0.0020278483846261075,0.01269051810678929,0.0027662669050740885,0.004685856160555835,0.0019195892554817462,18.867924528301888,11.11111111111111,69.16666666666656,1602.0,326.0,372.0,6000.0
3580,Kassel,425.0,375.0,0.003386684800456674,0.004853885113070472,0.0020306366950573196,0.01807756378589668,0.0026286671535680206,0.0045881628946604636,0.001959495741092443,15.151515151515152,9.090909090909092,80.28846153846139,1549.0,376.0,423.0,5000.0
3580,Kassel,500.0,425.0,0.00864803768369904,0.011792085763645085,0.004694411280912414,0.041616010650583846,0.006499038728101647,0.011668965006472187,0.00516992627837054,24.845679012345677,13.513513513513514,117.6470588235294,1484.0,427.475,498.0,4000.0
3580,Kassel,600.0,500.0,-0.008961515535408249,-0.012561142607186127,-0.0423967193014263,-0.004733979231931168,-0.013241305740134823,-0.006959651166457942,0.006281654573676881,-25.974025974025974,-125.0,-13.691816816816825,1405.0,501.475,597.0,2000.0
3580,Kassel,700.0,600.0,,,0.14647583028385455,39999.0,0.3192666837609942,7.3255320740187315,7.006265390257737,,51.59711163836164,3999.9,1318.0,600.0,694.025,4000.0
3605,Kazimierz Dolny,325.0,275.0,-0.001252045217699338,-0.00475274781452747,-0.027507527533926934,0.0,-0.0061792613312130484,0.0,0.0061792613312130484,-5.617977528089888,-125.0,0.0,1643.0,277.0,324.0,4000.0
3605,Kazimierz Dolny,375.0,325.0,0.0100665186169695,0.0152515418844172,0.005821717345327659,0.05323861984866173,0.007859816138262699,0.013533539968780595,0.005673723830517896,39.21568627450981,22.727272727272727,203.03030303030212,1602.0,326.0,373.0,5000.0
3605,Kazimierz Dolny,425.0,375.0,0.006456709352256285,0.009155267262613495,0.00365951855834723,0.030590586792438465,0.004956941626377054,0.009474018174702836,0.004517076548325782,15.873015873015873,9.00900900900901,74.31318681318669,1550.5,376.0,424.0,3000.0
3605,Kazimierz Dolny,500.0,425.0,0.008045725306085716,0.010703623400163082,0.004570592257936212,0.029981223400463657,0.00643866913237523,0.010762969341457151,0.004324300209081922,11.561079925153702,6.578947368421052,42.617753623188364,1488.0,427.0,498.0,2000.0
3605,Kazimierz Dolny,600.0,500.0,-0.008847134054860262,-0.01412581726933447,-0.04830484698938042,-0.004817867581472802,-0.013499178904123443,-0.006772522985858731,0.006726655918264712,-12.820512820512821,-71.42857142857143,-6.9675116550116565,1401.0,503.0,596.525,1000.0
3605,Kazimierz Dolny,700.0,600.0,,,0.13718541867966477,19999.0,0.27321917512884375,3.1155971378360787,2.8423779627072348,,25.960240384615386,1999.9,1317.0,600.0,694.0,2000.0
3624,Kempten,325.0,275.0,-0.0012807909706620824,-0.004819177072784542,-0.024488888020923416,0.0,-0.005563057351029577,0.0,0.005563057351029577,-5.747126436781609,-111.11111111111111,0.0,1641.0,277.0,324.0,4000.0
3624,Kempten,375.0,325.0,0.0045643350154995765,0.006393837344469887,0.0024824489789143644,0.01807756378589668,0.003492703312129475,0.006395896989544125,0.0029031936774146505,20.408163265306122,11.11111111111111,80.28846153846139,1599.0,326.0,373.525,5000.0
3624,Kempten,425.0,375.0,0.0,0.0,0.0,0.0,0.0,0.0,0.0,0.0,0.0,0.0,1549.0,376.0,423.0,4000.0
3624,Kempten,500.0,425.0,0.0031839626934077048,0.004162558819931181,0.0018109590196351277,0.013584799626203299,0.0024409579636268663,0.004368332749805415,0.0019273747861785484,11.05006105006105,6.289308176100629,46.90217391304333,1489.0,426.0,497.525,4000.0
3624,Kempten,600.0,500.0,-0.004160625910768934,-0.006831822795670605,-0.02714972742440661,-0.0019093871320634951,-0.0068261682956709535,-0.0029614009372705974,0.003864767358400356,-14.492753623188406,-95.68181818181817,-6.643487858719648,1396.5,502.475,597.0,3000.0
3624,Kempten,700.0,600.0,,,0.14448165453750716,39999.0,0.3033213205630634,3.5439876423907704,3.2406663218277068,,50.93997930866602,3999.9,1320.0,600.0,696.0,4000.0
3646,Kiel,325.0,275.0,0.0,0.0,0.0,0.0,0.0,0.0,0.0,0.0,0.0,0.0,1641.0,277.0,324.0,4000.0
3646,Kiel,375.0,325.0,0.00565676435947271,0.00792435889511384,0.003350741603306062,0.022376061343984732,0.004505150194401342,0.0082533605159536,0.003748210321552259,19.607843137254903,11.627906976744185,76.92307692307692,1600.0,327.0,373.0,4000.0
3646,Kiel,425.0,375.0,0.0,0.0,0.0,0.0,0.0,0.0,0.0,0.0,0.0,0.0,1551.0,376.0,423.0,3000.0
3646,Kiel,500.0,425.0,0.013008737353502164,0.018216631344638596,0.0069334369956655095,0.05515638623271537,0.00943407155683973,0.01795140585571825,0.00851733429887852,23.529411764705884,12.578616352201259,97.73809523809513,1489.0,426.0,498.0,3000.0
3646,Kiel,600.0,500.0,-0.009139140032089321,-0.015297851641264697,-0.06696700846319259,-0.0046089915700516775,-0.014336801359812412,-0.0068226416277746005,0.007514159732037812,-13.24561403508772,-100.0,-6.66474065514023,1402.0,502.0,598.0,1000.0
3646,Kiel,700.0,600.0,,,0.13262531894754884,19999.0,0.32704781514661274,3.1155971378360787,2.788549322689466,,25.14905893987342,1999.9,1320.5,601.0,694.0,2000.0
3801,Kleve,325.0,275.0,0.0,0.0,0.0,0.0,0.0,0.0,0.0,0.0,0.0,0.0,1642.0,277.0,324.0,3000.0
3801,Kleve,375.0,325.0,-0.005737120953595243,-0.008166497613841504,-0.025813890110568893,-0.003263776723145595,-0.008185800156153333,-0.004349333414212175,0.003836466741941158,-20.0,-90.9090909090909,-11.363636363636363,1601.0,326.0,374.0,3000.0
3801,Kleve,425.0,375.0,0.0,0.0,0.0,0.0,0.0,0.0,0.0,0.0,0.0,0.0,1550.0,376.0,423.0,4000.0
3801,Kleve,500.0,425.0,0.01664043939193549,0.023049812987786467,0.008810174400487831,0.09050773266525769,0.012426824426926053,0.023878439415572605,0.011451614988646552,35.714285714285715,18.9820934983776,187.5,1485.0,427.0,498.0,4000.0
3801,Kleve,600.0,500.0,-0.00932312146765335,-0.013820020124158283,-0.05192248566082858,-0.004641190733500444,-0.014336801359812412,-0.007047976109570531,0.0072888252502418815,-13.513513513513514,-76.92307692307692,-6.7114093959731544,1400.5,503.475,596.0,1000.0
3801,Kleve,700.0,600.0,,,0.1391803889186347,19999.0,0.2809310403725769,3.1155971378360787,2.8346660974635016,,26.314473684210526,1999.9,1320.0,600.0,696.0,2000.0
3852,Koblenz,325.0,275.0,0.0,0.0,0.0,0.0,0.0,0.0,0.0,0.0,0.0,0.0,1641.5,277.0,324.0,1000.0
3852,Koblenz,375.0,325.0,0.0,0.0,0.0,0.0,0.0,0.0,0.0,0.0,0.0,0.0,1601.0,326.475,373.0,1000.0
3852,Koblenz,425.0,375.0,0.0,0.0,0.0,0.0,0.0,0.0,0.0,0.0,0.0,0.0,1549.0,376.0,423.0,1000.0
3852,Koblenz,500.0,425.0,-0.008121513564164573,-0.010760111769691012,-0.03101552609873759,-0.004475664667534269,-0.01148597964710385,-0.006197652043317431,0.005288327603786419,-11.764705882352942,-45.45454545454545,-6.471512358609133,1485.0,427.0,496.0,1000.0
3852,Koblenz,600.0,500.0,-0.00971513651191136,-0.015189664665631913,-0.04830484698938042,-0.004608069878125337,-0.015285247065568774,-0.006977033367622565,0.00830821369794621,-28.169014084507044,-142.85714285714286,-13.326813655761033,1399.0,504.0,597.0,2000.0
3852,Koblenz,700.0,600.0,,,0.14551497010871217,39999.0,0.35075690673258686,3.5439876423907704,3.1932307356581835,,51.28076923076923,3999.9,1319.0,600.0,695.025,4000.0
3880,Kołobrzeg,325.0,275.0,-0.0009389191647598549,-0.0038852822856829715,-0.01806695543808734,0.0,-0.004786443997759293,0.0,0.004786443997759293,-5.154639175257732,-100.0,0.0,1642.0,277.0,324.0,5000.0
3880,Kołobrzeg,375.0,325.0,0.003727779046789337,0.004952940278887825,0.002121319173316383,0.01671280916097362,0.0028418480968769866,0.005222778743138035,0.002380930646261048,20.408163265306122,11.622718052738337,90.9090909090909,1600.0,325.0,373.0,6000.0
3880,Kołobrzeg,425.0,375.0,0.0,0.0,0.0,0.0,0.0,0.0,0.0,0.0,0.0,0.0,1550.0,376.0,422.0,5000.0
3880,Kołobrzeg,500.0,425.0,0.002598061584935474,0.003243364758911831,0.0014447725797170242,0.009162733072737086,0.0020078280050599417,0.003789255233117128,0.0017814272280571863,11.627906976744185,6.469959778783308,40.87499999999996,1486.0,426.475,497.525,5000.0
3880,Kołobrzeg,600.0,500.0,0.003948625668621419,0.006239198918827757,0.0018820438088038571,0.027909159151642614,0.002880962744255422,0.006449972475211119,0.0035690097309556967,13.698630136986301,6.5359477124183005,95.68181818181797,1398.0,503.0,596.525,4000.0
3880,Kołobrzeg,700.0,600.0,,,0.1422291378635589,29999.0,0.27819797480979025,3.3610267508422353,3.082828776032445,,38.69751123876124,2999.9,1318.0,600.0,695.0,3000.0
3883,Kolín,325.0,275.0,0.0,0.0,0.0,0.0,0.0,0.0,0.0,0.0,0.0,0.0,1642.0,276.0,324.0,2000.0
3883,Kolín,375.0,325.0,0.0,0.0,0.0,0.0,0.0,0.0,0.0,0.0,0.0,0.0,1601.0,326.0,373.0,2000.0
3883,Kolín,425.0,375.0,0.0,0.0,0.0,0.0,0.0,0.0,0.0,0.0,0.0,0.0,1551.0,375.475,423.0,2000.0
3883,Kolín,500.0,425.0,0.007953403368544554,0.011262856862610061,0.004631674402053809,0.03625723715890505,0.006250081470537627,0.011063084486895525,0.004813003016357897,11.42894461859979,6.666666666666667,51.38157894736836,1487.0,427.0,497.0,2000.0
3883,Kolín,600.0,500.0,0.0,0.0,0.0,0.0,0.0,0.0,0.0,0.0,0.0,0.0,1399.0,502.0,595.525,1000.0
3883,Kolín,700.0,600.0,,,0.12533558260076494,9999.0,0.2742749857031337,3.6415888336127784,3.367313847909645,,12.819230769230769,999.9,1319.0,600.0,695.0,1000.0
3888,Köln,325.0,275.0,0.0,0.0,0.0,0.0,0.0,0.0,0.0,0.0,0.0,0.0,1643.0,277.0,324.0,40000.0
3888,Köln,375.0,325.0,-0.000975327342185639,-0.0012920327215641845,-0.004250821342097393,-0.0005510112806262792,-0.0013930335173423236,-0.0007620558030235758,0.0006309777143187478,-40.0,-174.6212121212121,-22.593207354443315,1599.5,326.0,373.0,40000.0
3888,Köln,425.0,375.0,-0.0010945255137526644,-0.0015802268900139303,-0.005732909752416027,-0.0006240465965456827,-0.001603198884892687,-0.0008514011976643587,0.0007517976872283283,-47.61904761904762,-250.0,-27.14373464373465,1549.0,375.475,424.0,42000.0
3888,Köln,500.0,425.0,0.0013626266532337228,0.002059457789595953,0.0007601793425928705,0.006997370705832438,0.0010158866606837513,0.0019327347657567273,0.000916848105072976,57.80539962576851,32.25806451612903,296.00694444444366,1488.5,427.0,498.0,45000.0
3888,Köln,600.0,500.0,-0.0013047669518854166,-0.002116964571821076,-0.0073047420234382265,-0.0006730621866470003,-0.0020258214143390463,-0.0009720800788971529,0.0010537413354418934,-54.794520547945204,-307.6923076923077,-28.25674325674327,1402.0,503.0,597.0,40000.0
3888,Köln,700.0,600.0,,,0.17636788163155992,439999.0,0.38384139293432384,4.074947858748299,3.6911064658139754,,549.99875,43999.9,1320.0,601.0,694.0,44000.0
3911,Kaliningrad,325.0,275.0,0.00246261945297066,0.009317170161831648,0.0,0.04367109997016971,0.0,0.011312029262540824,0.011312029262540824,45.97701149425287,0.0,800.0,1641.0,277.0,324.0,23000.0
3911,Kaliningrad,375.0,325.0,0.004472844466388848,0.005982119917548236,0.0025681604948701864,0.01807756378589668,0.0034792467664565008,0.00621768201324735,0.002738435246790849,60.0,34.48275862068966,240.8653846153842,1600.0,327.0,373.525,15000.0
3911,Kaliningrad,425.0,375.0,0.004650815050990964,0.006193389593518327,0.002571891585985586,0.022376061343984732,0.003514479307390461,0.006559649797480471,0.00304517049009001,48.38709677419355,26.785714285714285,230.76923076923077,1550.0,376.0,423.0,12000.0
3911,Kaliningrad,500.0,425.0,-0.0012243721191720347,-0.0017047153286802365,-0.006446922945449133,-0.0006929211064353735,-0.001754467713270924,-0.000940276552503061,0.0008141911607678631,-11.627906976744185,-61.38888888888888,-6.578947368421052,1487.0,427.0,497.0,9000.0
3911,Kaliningrad,600.0,500.0,0.015758892483338505,0.030057742063572895,0.008084578642827495,0.13591985049379376,0.011991855406006557,0.02342344203478519,0.011431586628778634,90.9090909090909,46.81543624161074,740.8333333333316,1405.0,502.0,597.525,10000.0
3911,Kaliningrad,700.0,600.0,,,0.1412978271659482,29999.0,0.3025607302937148,3.3610267508422353,3.0584660205485203,,38.46025641025641,2999.9,1317.0,600.0,695.0,3000.0
3927,Königswinter,325.0,275.0,0.0,0.0,0.0,0.0,0.0,0.0,0.0,0.0,0.0,0.0,1642.0,278.0,324.0,3000.0
3927,Königswinter,375.0,325.0,0.008309128894722129,0.010607955999756537,0.00451533139369209,0.03436608313191658,0.006257421110539063,0.011652080087522387,0.005394658976983324,20.408163265306122,11.11111111111111,83.33333333333333,1600.0,325.475,372.525,3000.0
3927,Königswinter,425.0,375.0,0.0,0.0,0.0,0.0,0.0,0.0,0.0,0.0,0.0,0.0,1549.0,376.0,423.0,2000.0
3927,Königswinter,500.0,425.0,-0.004470391810848573,-0.00610898825276529,-0.018261434044537728,-0.0026375797393778048,-0.006340346448592299,-0.0035426892195321302,0.0027976572290601687,-11.05006105006105,-45.45454545454545,-6.5136660724896025,1489.5,427.0,498.0,2000.0
3927,Königswinter,600.0,500.0,0.0,0.0,0.0,0.0,0.0,0.0,0.0,0.0,0.0,0.0,1400.0,502.0,597.0,3000.0
3927,Königswinter,700.0,600.0,,,0.15275030801374764,29999.0,0.318892471201818,3.3610267508422353,3.0421342796404174,,41.365630232115684,2999.9,1319.0,600.0,694.0,3000.0
3946,København,325.0,275.0,0.0013981937145731704,0.005461457384901846,0.0,0.027361658963772628,0.0,0.006771327431305707,0.006771327431305707,63.2183908045977,0.0,1222.2222222222222,1641.0,278.0,324.0,51000.0
3946,København,375.0,325.0,0.026155899079664424,0.03462386901412049,0.014690601623033267,0.1044047206706471,0.01975292379879856,0.036511421058983196,0.016758497260184635,580.0,327.601506639428,2230.769230769231,1602.0,326.0,373.0,40000.0
3946,København,425.0,375.0,0.021007486964774835,0.028231428226483345,0.011877257155151795,0.08768438826209046,0.015777177741421733,0.02996946763589503,0.014192289894473298,128.00819252432154,72.70022315893875,517.4999999999993,1551.0,376.0,422.0,11000.0
3946,København,500.0,425.0,0.0045661811098276495,0.0074118822719449265,0.0027620735572391197,0.024137596028845465,0.003594632046277191,0.006780636928134465,0.003186004881857274,11.235955056179776,6.802721088435374,58.8235294117647,1489.0,427.0,498.0,3000.0
3946,København,600.0,500.0,-0.00546427446148412,-0.008324333745867074,-0.030708245041122573,-0.0027544655208595614,-0.008411612491333487,-0.004077034214405417,0.004334578276928069,-13.513513513513514,-76.92307692307692,-6.802721088435374,1401.0,502.0,595.0,2000.0
3946,København,700.0,600.0,,,0.1365836988724302,29999.0,0.285873005998726,2.627773439663084,2.341900433664358,,37.2557025462963,2999.9,1318.0,600.0,695.0,3000.0
3976,Koszalin,325.0,275.0,0.0,0.0,0.0,0.0,0.0,0.0,0.0,0.0,0.0,0.0,1640.0,278.0,324.0,3000.0
3976,Koszalin,375.0,325.0,0.0,0.0,0.0,0.0,0.0,0.0,0.0,0.0,0.0,0.0,1600.0,326.0,373.0,3000.0
3976,Koszalin,425.0,375.0,0.0,0.0,0.0,0.0,0.0,0.0,0.0,0.0,0.0,0.0,1550.0,376.0,423.0,3000.0
3976,Koszalin,500.0,425.0,0.012420459404311135,0.019256158880243828,0.007112999272717246,0.06494216993999448,0.009924238152587805,0.01766278764945206,0.007738549496864255,22.471910112359552,12.903225806451612,114.54248366013057,1488.0,426.475,498.0,3000.0
3976,Koszalin,600.0,500.0,0.0,0.0,0.0,0.0,0.0,0.0,0.0,0.0,0.0,0.0,1401.0,502.0,597.0,1000.0
3976,Koszalin,700.0,600.0,,,0.12615593236187142,9999.0,0.2742749857031337,3.6415888336127784,3.367313847909645,,12.89831043956044,999.9,1320.0,600.0,693.0,1000.0
3990,Köthen,325.0,275.0,0.0022328008717216186,0.008216294230397356,0.0,0.04608191864321465,0.0,0.010727263318404345,0.010727263318404345,5.4945054945054945,0.0,111.11111111111111,1641.0,277.0,324.0,3000.0
3990,Köthen,375.0,325.0,0.0,0.0,0.0,0.0,0.0,0.0,0.0,0.0,0.0,0.0,1600.0,326.0,374.0,2000.0
3990,Köthen,425.0,375.0,0.011063084486895525,0.01666452402958897,0.00643866913237523,0.04049653795668208,0.008701983790398993,0.016250325193551962,0.007548341403152969,15.873015873015873,9.25925925925926,57.271241830065286,1551.0,376.0,423.0,2000.0
3990,Köthen,500.0,425.0,0.0,0.0,0.0,0.0,0.0,0.0,0.0,0.0,0.0,0.0,1489.0,426.0,497.0,1000.0
3990,Köthen,600.0,500.0,0.0,0.0,0.0,0.0,0.0,0.0,0.0,0.0,0.0,0.0,1406.0,501.0,596.0,1000.0
3990,Köthen,700.0,600.0,,,0.130663397949639,9999.0,0.28932470639317803,2.9560924986393995,2.6667677922462216,,13.331999999999999,999.9,1318.0,600.0,694.025,1000.0
4000,Kaunas,325.0,275.0,0.0,0.0,0.0,0.0,0.0,0.0,0.0,0.0,0.0,0.0,1641.0,277.0,324.0,3000.0
4000,Kaunas,375.0,325.0,0.0,0.0,0.0,0.0,0.0,0.0,0.0,0.0,0.0,0.0,1601.5,326.0,373.0,3000.0
4000,Kaunas,425.0,375.0,0.006355503360101045,0.009074500879528075,0.0036928482612279545,0.036036713279467766,0.004897073445708333,0.009474018174702836,0.004576944728994503,15.625,9.090909090909092,87.31060606060589,1553.0,375.475,422.0,3000.0
4000,Kaunas,500.0,425.0,0.007562662046558977,0.011016249695868454,0.004481931237688697,0.03625723715890505,0.0060987605963314095,0.010557571994472825,0.004458811398141416,10.869565217391305,6.451612903225806,51.38157894736836,1488.0,426.0,498.0,2000.0
4000,Kaunas,600.0,500.0,0.0,0.0,0.0,0.0,0.0,0.0,0.0,0.0,0.0,0.0,1396.0,502.0,597.0,1000.0
4000,Kaunas,700.0,600.0,,,0.12883789168468907,9999.0,0.2518750258625291,2.72759372031494,2.4757186944524108,,13.156578947368422,999.9,1319.0,600.0,693.0,1000.0
4015,Kraków,325.0,275.0,0.00020892053927545895,0.0007930255084206243,0.0,0.005025632024027171,0.0,0.0009554564807010002,0.0009554564807010002,5.9523809523809526,0.0,142.85714285714286,1643.0,277.0,324.0,29000.0
4015,Kraków,375.0,325.0,0.002269144326122463,0.0030773582689968197,0.0012810491125969047,0.009488792934583046,0.0018004869544279156,0.003152979251817234,0.0013524922973893183,60.0,33.88981103166497,250.0,1601.0,326.0,373.0,28000.0
4015,Kraków,425.0,375.0,0.0019686024124385693,0.002700882167865607,0.0011219743068999755,0.009172769449833806,0.0015229844159057038,0.002723561140400177,0.0012005767244944732,46.15384615384615,26.31578947368421,214.28571428571428,1552.0,376.0,423.0,25000.0
4015,Kraków,500.0,425.0,0.009103919141818073,0.012086991905401362,0.0051828048436370735,0.03572236555179187,0.006986490024237291,0.012798259800077094,0.0058117697758398035,137.93103448275863,78.6764705882353,534.1897233201576,1486.0,426.0,498.0,22000.0
4015,Kraków,600.0,500.0,0.0,0.0,0.0,0.0,0.0,0.0,0.0,0.0,0.0,0.0,1396.0,503.0,597.0,10000.0
4015,Kraków,700.0,600.0,,,0.17339557049307053,99999.0,0.36500780654601406,4.179474679231211,3.8144668726851965,,138.8875,9999.9,1320.0,600.0,694.025,10000.0
4038,Krefeld,325.0,275.0,0.0,0.0,0.0,0.0,0.0,0.0,0.0,0.0,0.0,0.0,1642.0,277.0,324.0,1000.0
4038,Krefeld,375.0,325.0,0.0,0.0,0.0,0.0,0.0,0.0,0.0,0.0,0.0,0.0,1603.0,325.0,373.0,1000.0
4038,Krefeld,425.0,375.0,0.0,0.0,0.0,0.0,0.0,0.0,0.0,0.0,0.0,0.0,1551.5,375.0,423.0,1000.0
4038,Krefeld,500.0,425.0,0.0,0.0,0.0,0.0,0.0,0.0,0.0,0.0,0.0,0.0,1486.0,427.0,497.0,1000.0
4038,Krefeld,600.0,500.0,0.0,0.0,0.0,0.0,0.0,0.0,0.0,0.0,0.0,0.0,1401.0,502.0,596.0,1000.0
4038,Krefeld,700.0,600.0,,,0.12533558260076494,9999.0,0.2826498305280605,1.7825594022071245,1.499909571679064,,12.819230769230769,999.9,1318.0,600.0,695.0,1000.0
4135,Chełmno,325.0,275.0,0.0,0.0,0.0,0.0,0.0,0.0,0.0,0.0,0.0,0.0,1640.0,277.975,324.0,3000.0
4135,Chełmno,375.0,325.0,0.0,0.0,0.0,0.0,0.0,0.0,0.0,0.0,0.0,0.0,1601.0,326.0,373.0,3000.0
4135,Chełmno,425.0,375.0,-0.004629285102162539,-0.006201805902316483,-0.01899606168258583,-0.0025203455338879133,-0.00651690120779258,-0.0035345409583746323,0.002982360249417948,-16.129032258064516,-66.66666666666667,-8.771929824561404,1550.0,376.0,424.0,3000.0
4135,Chełmno,500.0,425.0,0.01578818388263692,0.021695768568903397,0.009314538320626103,0.06824169081440212,0.012022509754104904,0.022611435601268326,0.010588925847163422,33.89938712972421,20.063758389261743,142.85714285714286,1488.5,427.0,498.0,4000.0
4135,Chełmno,600.0,500.0,-0.009515541316570841,-0.01403399636357725,-0.05612568731830647,-0.0046089915700516775,-0.015285247065568774,-0.006839347841746557,0.008445899223822217,-13.793759512937594,-83.33333333333333,-6.66474065514023,1401.0,502.0,596.0,1000.0
4135,Chełmno,700.0,600.0,,,0.13627045781138794,19999.0,0.31665822187606274,4.210007309586913,3.89334908771085,,25.797910839160842,1999.9,1320.5,600.0,693.0,2000.0
4168,Kostrzyn nad Odrą,325.0,275.0,0.0,0.0,0.0,0.0,0.0,0.0,0.0,0.0,0.0,0.0,1642.0,277.0,324.0,3000.0
4168,Kostrzyn nad Odrą,375.0,325.0,0.008309128894722129,0.011458704930417079,0.0046434622169012115,0.039559777598127004,0.006257421110539063,0.011407958880343627,0.005150537769804564,20.408163265306122,11.425679205851619,95.68181818181797,1601.0,326.0,373.0,3000.0
4168,Kostrzyn nad Odrą,425.0,375.0,0.0,0.0,0.0,0.0,0.0,0.0,0.0,0.0,0.0,0.0,1552.0,376.0,422.0,2000.0
4168,Kostrzyn nad Odrą,500.0,425.0,0.007953403368544554,0.010446519901304735,0.004599606276392071,0.02759333308110185,0.006152897631075405,0.011288858855190653,0.005135961224115249,11.42894461859979,6.620614035087719,39.26923076923073,1485.5,426.0,497.0,2000.0
4168,Kostrzyn nad Odrą,600.0,500.0,-0.00932312146765335,-0.01580449990492132,-0.06696700846319259,-0.0045324173350071665,-0.015371412822712649,-0.007175803722150237,0.008195609100562412,-13.513513513513514,-100.0,-6.5537634408602194,1399.0,503.475,595.0,1000.0
4168,Kostrzyn nad Odrą,700.0,600.0,,,0.13005384092603278,19999.0,0.27321917512884375,4.210007309586913,3.9367881344580686,,24.690123456790126,1999.9,1319.0,600.0,695.025,2000.0
4220,Gorzów Wielkopolski,325.0,275.0,0.0,0.0,0.0,0.0,0.0,0.0,0.0,0.0,0.0,0.0,1642.0,278.0,324.0,3000.0
4220,Gorzów Wielkopolski,375.0,325.0,0.0,0.0,0.0,0.0,0.0,0.0,0.0,0.0,0.0,0.0,1599.0,325.475,374.0,3000.0
4220,Gorzów Wielkopolski,425.0,375.0,0.006456709352256285,0.00897248602492322,0.003642333495888428,0.028442101891579558,0.005211805067223407,0.009257705998790833,0.0040459009315674255,15.873015873015873,8.96677927927928,69.16666666666656,1552.0,376.0,423.0,3000.0
4220,Gorzów Wielkopolski,500.0,425.0,0.00781857725471724,0.010522549411165833,0.004409975811877409,0.03736193249137205,0.006045567912583927,0.010720863771376044,0.004675295858792117,11.235955056179776,6.348262517132952,52.91666666666654,1489.0,426.0,497.525,2000.0
4220,Gorzów Wielkopolski,600.0,500.0,-0.008904324795134255,-0.014666521432062901,-0.06696700846319259,-0.004639844928637359,-0.014955456464126105,-0.006890465382659694,0.00806499108146641,-12.903762903762903,-100.0,-6.709459459459461,1399.0,502.0,598.0,1000.0
4220,Gorzów Wielkopolski,700.0,600.0,,,0.1344232113545149,19999.0,0.3069051036156929,3.1155971378360787,2.808692034220386,,25.46935288867251,1999.9,1316.5,600.0,695.0,2000.0
4249,Bad Langensalza,325.0,275.0,0.0,0.0,0.0,0.0,0.0,0.0,0.0,0.0,0.0,0.0,1642.0,277.0,324.0,4000.0
4249,Bad Langensalza,375.0,325.0,0.0,0.0,0.0,0.0,0.0,0.0,0.0,0.0,0.0,0.0,1601.0,326.0,374.0,4000.0
4249,Bad Langensalza,425.0,375.0,0.0,0.0,0.0,0.0,0.0,0.0,0.0,0.0,0.0,0.0,1551.0,376.0,423.0,4000.0
4249,Bad Langensalza,500.0,425.0,-0.002532509946232553,-0.003356319531231602,-0.012392125968494073,-0.001411304130016111,-0.0033752538794453724,-0.0019013592389933998,0.0014738946404519726,-11.363636363636363,-55.88235294117646,-6.329113924050633,1489.0,427.0,497.525,4000.0
4249,Bad Langensalza,600.0,500.0,0.003286912903720518,0.005646447345179539,0.00158920931322038,0.02049293216846504,0.0023271155327202475,0.005113962690020624,0.002786847157300376,14.705882352941176,7.116261398176292,90.9090909090909,1398.0,502.0,597.0,5000.0
4249,Bad Langensalza,700.0,600.0,,,0.14163099141669377,39999.0,0.3033213205630634,3.5439876423907704,3.2406663218277068,,49.99875,3999.9,1324.0,600.0,695.0,4000.0
4276,Lubań,325.0,275.0,0.0,0.0,0.0,0.0,0.0,0.0,0.0,0.0,0.0,0.0,1641.0,276.0,324.0,3000.0
4276,Lubań,375.0,325.0,0.007981983761950362,0.01187099934365566,0.00451533139369209,0.04384838568408263,0.006162320179612157,0.011996835977684972,0.005834515798072815,19.607843137254903,11.11111111111111,105.83333333333309,1601.0,326.0,373.0,3000.0
4276,Lubań,425.0,375.0,0.0,0.0,0.0,0.0,0.0,0.0,0.0,0.0,0.0,0.0,1549.0,375.0,423.525,2000.0
4276,Lubań,500.0,425.0,0.008092418974347648,0.011063363785939341,0.004495786510653338,0.03825973977865888,0.006208004390128696,0.011242520665180722,0.005034516275052026,11.627906976744185,6.471512358609132,54.1666666666666,1488.0,425.475,498.0,2000.0
4276,Lubań,600.0,500.0,0.0,0.0,0.0,0.0,0.0,0.0,0.0,0.0,0.0,0.0,1399.0,503.0,597.0,1000.0
4276,Lubań,700.0,600.0,,,0.12877299725901886,9999.0,0.25716281531125773,2.1622776601683795,1.9051148448571218,,13.1502,999.9,1319.0,600.0,693.0,1000.0
4309,Leer,325.0,275.0,0.0,0.0,0.0,0.0,0.0,0.0,0.0,0.0,0.0,0.0,1642.0,276.0,324.0,4000.0
4309,Leer,375.0,325.0,0.005888331169939143,0.007617998092864386,0.0033304881620344617,0.022376061343984732,0.004576823912877392,0.0082533605159536,0.003676536603076208,20.408163265306122,11.557738572574177,76.92307692307692,1600.0,326.475,373.0,4000.0
4309,Leer,425.0,375.0,0.0,0.0,0.0,0.0,0.0,0.0,0.0,0.0,0.0,0.0,1550.0,376.475,423.0,3000.0
4309,Leer,500.0,425.0,0.012491471634334506,0.017084725921219006,0.00708897690585481,0.05952606473827515,0.009748119017159107,0.01787747571713849,0.008129356699979384,22.59959141981614,12.859801488833748,105.26315789473684,1490.0,426.0,497.0,3000.0
4309,Leer,600.0,500.0,-0.008961515535408249,-0.014638387514948795,-0.06106908933829369,-0.00467111416422288,-0.014046278251899968,-0.006839347841746557,0.0072069304101534115,-12.987012987012987,-90.9090909090909,-6.75478244989271,1400.5,501.0,597.0,1000.0
4309,Leer,700.0,600.0,,,0.13538044560631102,19999.0,0.3046118173359727,4.210007309586913,3.90539549225094,,25.639743589743592,1999.9,1319.0,600.0,694.0,2000.0
4314,Ljouwert,325.0,275.0,0.002109456710397084,0.00790163624411042,0.0,0.04251139542406457,0.0,0.00965382476535015,0.00965382476535015,28.089887640449437,0.0,555.5555555555555,1642.0,277.0,324.0,16000.0
4314,Ljouwert,375.0,325.0,0.009266860114145459,0.013858746470972459,0.005091401896646364,0.041945414564179995,0.007316719983607056,0.012634289011398181,0.005317569027791125,81.63265306122449,44.943820224719104,363.6363636363636,1599.0,326.0,373.0,11000.0
4314,Ljouwert,425.0,375.0,0.009216239698347506,0.014159977965857532,0.005147291820384536,0.04078221086601852,0.007019720891159542,0.01349569613261592,0.006475975241456378,49.18032786885246,27.522935779816514,214.28571428571428,1550.0,376.0,423.525,7000.0
4314,Ljouwert,500.0,425.0,0.007907775099265324,0.010605141299769666,0.004409975811877409,0.03282176895243908,0.005993295084069983,0.011063084486895525,0.005069789402825542,22.727272727272727,12.696525034265903,93.18181818181809,1490.0,426.0,497.0,4000.0
4314,Ljouwert,600.0,500.0,-0.005391614233396402,-0.009273475888202175,-0.03322429427293372,-0.002932932941414613,-0.00858981212111709,-0.0041288518186768375,0.004460960302440253,-13.333333333333334,-83.33333333333333,-7.2441317019377225,1400.0,502.475,597.0,2000.0
4314,Ljouwert,700.0,600.0,,,0.13136882023879937,29999.0,0.2939813929797743,3.3610267508422353,3.067045357862461,,35.91747740963856,2999.9,1321.0,600.0,694.0,3000.0
4329,Leiden,325.0,275.0,0.0021500328272445746,0.008469759875114637,0.0,0.0429469361472552,0.0,0.011127321224911002,0.011127321224911002,117.34693877551021,0.0,2300.0,1641.0,277.0,324.0,67000.0
4329,Leiden,375.0,325.0,0.02468454631415873,0.03551681710183805,0.013639292112167745,0.11721616604960983,0.019541503903597768,0.0354492975869245,0.015907793683326732,620.0,344.44444444444446,2818.181818181818,1601.0,326.0,373.0,44000.0
4329,Leiden,425.0,375.0,-0.0012141471156392747,-0.0016977274892869712,-0.005492042195412244,-0.00067965858018737,-0.0017629197557009757,-0.0009376357415197267,0.000825284014181249,-16.39344262295082,-74.3131868131868,-9.174311926605505,1551.0,375.0,423.0,13000.0
4329,Leiden,500.0,425.0,0.009674886800466354,0.014429017026307214,0.005359247646583032,0.04449772275932512,0.007206331877645633,0.013540019321208518,0.006333687443562885,90.9090909090909,50.465727251015046,411.0526315789469,1490.0,426.0,498.0,14000.0
4329,Leiden,600.0,500.0,0.0096069610997489,0.018672614273276048,0.0047588710586172756,0.08005973889230611,0.006955550056718884,0.015878083105551388,0.008922533048832504,41.38127853881278,20.54794520547945,333.3333333333333,1402.0,502.0,597.525,6000.0
4329,Leiden,700.0,600.0,,,0.13753302940168477,29999.0,0.32900499865562316,3.3610267508422353,3.032021752186612,,37.49875,2999.9,1320.0,600.0,694.0,3000.0
4337,Leipzig,325.0,275.0,0.000332426818167475,0.0012774624757445078,0.0,0.007170386722810784,0.0,0.0015053006145453462,0.0015053006145453462,5.813953488372093,0.0,125.0,1641.0,277.0,324.0,18000.0
4337,Leipzig,375.0,325.0,0.008406640374904129,0.012088423665471908,0.004795175300571053,0.035569988962951556,0.006617528070625545,0.012165574497587706,0.005548046426962161,115.38461538461539,65.93406593406593,481.7307692307684,1602.0,326.0,374.0,17000.0
4337,Leipzig,425.0,375.0,0.0070872641796471125,0.011456869933131683,0.004117409002899253,0.035379562395666087,0.005595660807336644,0.010385678353639016,0.004790017546302372,62.5,36.36363636363637,307.6923076923077,1549.5,376.0,423.0,11000.0
4337,Leipzig,500.0,425.0,0.009674886800466354,0.01403247809248375,0.005359247646583032,0.03926479898161528,0.007331033309338597,0.014221812256337785,0.006890778946999188,45.45454545454545,25.232863625507523,181.8181818181818,1487.0,427.0,496.525,7000.0
4337,Leipzig,600.0,500.0,-0.003933095347375626,-0.007458210257637439,-0.0353213700396906,-0.0017742394350561685,-0.006372543611403825,-0.002844284686873144,0.0035282589245306806,-13.698630136986301,-125.0,-6.172839506172839,1397.0,502.0,597.0,3000.0
4337,Leipzig,700.0,600.0,,,0.14961764488616147,39999.0,0.3216207294336044,2.7606030930863934,2.438982363652789,,52.63026315789474,3999.9,1319.0,600.0,694.0,4000.0
4349,Lviv,325.0,275.0,0.0012275679298473507,0.004309114200920704,0.0,0.025103648456901162,0.0,0.005889473875522411,0.005889473875522411,16.483516483516482,0.0,333.3333333333333,1642.0,277.0,324.0,15000.0
4349,Lviv,375.0,325.0,-0.001599573469947435,-0.002143903495197976,-0.007972321891407952,-0.0009038020574771851,-0.0022843214625750674,-0.0012450812561614344,0.001039240206413633,-20.0,-100.0,-11.296603677221658,1599.5,326.0,373.525,12000.0
4349,Lviv,425.0,375.0,-0.002268864190378417,-0.003056108515115784,-0.009494694272677573,-0.0012883661323730422,-0.003322395186323046,-0.0017651174266319902,0.0015572777596910559,-31.746031746031747,-133.33333333333334,-18.01801801801802,1551.0,376.0,423.525,13000.0
4349,Lviv,500.0,425.0,0.014470611395900335,0.020854033898856462,0.008590447569759824,0.07027477063943052,0.01153477778985701,0.02137755992111895,0.00984278213126194,119.56521739130434,71.18663594470047,565.1973684210519,1488.0,426.0,498.0,15000.0
4349,Lviv,600.0,500.0,-0.007850931683235585,-0.011551463180379603,-0.043934722176279944,-0.0037108981525147693,-0.011900050648914695,-0.005797436367374897,0.006102614281539798,-42.25352112676056,-240.86538461538458,-19.930463576158942,1399.0,503.475,596.525,4000.0
4349,Lviv,700.0,600.0,,,0.15919168068108572,69999.0,0.34924137894118384,3.033083884198029,2.683842505256845,,92.68727236842105,6999.9,1318.0,600.0,693.0,7000.0
4410,Liepāja,325.0,275.0,0.0,0.0,0.0,0.0,0.0,0.0,0.0,0.0,0.0,0.0,1642.0,277.0,324.0,1000.0
4410,Liepāja,375.0,325.0,0.0,0.0,0.0,0.0,0.0,0.0,0.0,0.0,0.0,0.0,1601.0,326.0,372.0,1000.0
4410,Liepāja,425.0,375.0,0.0,0.0,0.0,0.0,0.0,0.0,0.0,0.0,0.0,0.0,1549.5,377.0,423.0,1000.0
4410,Liepāja,500.0,425.0,0.0,0.0,0.0,0.0,0.0,0.0,0.0,0.0,0.0,0.0,1491.0,427.0,498.0,1000.0
4410,Liepāja,600.0,500.0,0.0,0.0,0.0,0.0,0.0,0.0,0.0,0.0,0.0,0.0,1400.5,502.0,596.0,1000.0
4410,Liepāja,700.0,600.0,,,0.1244531718082076,9999.0,0.2645164830490942,3.6415888336127784,3.3770723505636844,,12.734039678675755,999.9,1316.5,600.0,693.0,1000.0
4436,Legnica,325.0,275.0,-0.0007251876841208316,-0.0026599487319129197,-0.012095798127066676,0.0,-0.00350781720008031,0.0,0.00350781720008031,-5.434782608695652,-91.13636363636363,0.0,1641.0,277.0,324.0,7000.0
4436,Legnica,375.0,325.0,0.013959479790029095,0.01944623084805276,0.007907775099265324,0.07177346253629313,0.011063084486895525,0.020001609421198996,0.008938524934303471,80.0,45.45454545454545,400.0,1599.0,326.0,374.0,8000.0
4436,Legnica,425.0,375.0,0.011427873425220447,0.01664311990412028,0.006321233202251975,0.050756638653219444,0.008784960524431618,0.017479692102686295,0.008694731578254677,32.78688524590164,18.181818181818183,142.85714285714286,1549.0,375.0,422.0,4000.0
4436,Legnica,500.0,425.0,0.0,0.0,0.0,0.0,0.0,0.0,0.0,0.0,0.0,0.0,1491.0,426.0,497.0,2000.0
4436,Legnica,600.0,500.0,-0.00546427446148412,-0.00806376888415137,-0.027654616808349124,-0.0026716989763016685,-0.008411612491333487,-0.0041288518186768375,0.004282760672656649,-13.513513513513514,-69.16666666666666,-6.598039215686278,1401.0,503.475,598.0,2000.0
4436,Legnica,700.0,600.0,,,0.1330623493279459,29999.0,0.29195429623451224,3.6643339533861425,3.3723796571516305,,36.35274059653248,2999.9,1318.0,600.0,695.0,3000.0
4442,Lier,325.0,275.0,0.0,0.0,0.0,0.0,0.0,0.0,0.0,0.0,0.0,0.0,1642.0,277.0,324.0,5000.0
4442,Lier,375.0,325.0,0.0,0.0,0.0,0.0,0.0,0.0,0.0,0.0,0.0,0.0,1601.0,326.0,374.0,5000.0
4442,Lier,425.0,375.0,0.0,0.0,0.0,0.0,0.0,0.0,0.0,0.0,0.0,0.0,1552.0,376.0,423.0,5000.0
4442,Lier,500.0,425.0,0.0025103766455460974,0.0033200434216893553,0.0014266408664094677,0.009162733072737086,0.001994339190999561,0.0034388771294375786,0.0014445379384380175,11.235955056179776,6.388820839457782,40.87499999999996,1491.0,427.0,497.0,5000.0
4442,Lier,600.0,500.0,0.018910284405250666,0.028512316000777,0.009441412915989161,0.12246204830937302,0.014246386967327274,0.0270180507087725,0.012771663741445227,40.54054054054054,20.3357694429123,250.0,1399.0,503.0,596.0,4000.0
4442,Lier,700.0,600.0,,,0.12706263472941015,9999.0,0.2742749857031337,2.1622776601683795,1.8880026744652458,,12.985714285714286,999.9,1317.0,600.0,695.025,1000.0
4502,Lippstadt,325.0,275.0,0.0,0.0,0.0,0.0,0.0,0.0,0.0,0.0,0.0,0.0,1642.5,277.0,324.0,2000.0
4502,Lippstadt,375.0,325.0,-0.007918776218757695,-0.011245719464463783,-0.039735499207781966,-0.004649675119505869,-0.011199730444145017,-0.0062185092792987895,0.004981221164846228,-19.607843137254903,-100.0,-11.494252873563218,1601.0,326.0,373.0,2000.0
4502,Lippstadt,425.0,375.0,0.0,0.0,0.0,0.0,0.0,0.0,0.0,0.0,0.0,0.0,1550.0,376.0,423.0,3000.0
4502,Lippstadt,500.0,425.0,0.012856504764857224,0.016224663002023375,0.006998656382100027,0.05012184885293541,0.0101299761417184,0.01787747571713849,0.0077474995754200915,23.25581395348837,12.696525034265903,89.03162055335959,1489.0,427.0,498.0,3000.0
4502,Lippstadt,600.0,500.0,-0.009386675783810638,-0.013982491060864553,-0.05412916653100447,-0.0047846107879033544,-0.014639596005697975,-0.006772522985858731,0.007867073019839244,-13.606071825249908,-80.28846153846152,-6.919300766283526,1401.0,502.0,597.0,1000.0
4502,Lippstadt,700.0,600.0,,,0.1317822407038276,19999.0,0.2809310403725769,2.4484882412482154,2.1675572008756383,,24.99875,1999.9,1317.0,600.0,694.025,2000.0
4589,Leuven,325.0,275.0,0.0018126740669252017,0.006404902102327613,0.0,0.032357862679155636,0.0,0.008253075275817756,0.008253075275817756,17.045454545454547,0.0,300.0,1641.0,277.0,324.0,11000.0
4589,Leuven,375.0,325.0,-0.008326134355673254,-0.011604224934390799,-0.038051096439048956,-0.00462199943769674,-0.011517872909937887,-0.006415287704139572,0.005102585205798316,-82.48299319727892,-382.7272727272727,-45.70271682340649,1601.0,326.0,374.0,8000.0
4589,Leuven,425.0,375.0,-0.005693675050223557,-0.00816825969252949,-0.031168182332212746,-0.003090646629412525,-0.008308868811462977,-0.004238634138583275,0.004070234672879702,-81.9672131147541,-454.54545454545456,-44.43544563843238,1551.0,376.0,423.0,12000.0
4589,Leuven,500.0,425.0,0.0,0.0,0.0,0.0,0.0,0.0,0.0,0.0,0.0,0.0,1490.0,426.0,497.0,17000.0
4589,Leuven,600.0,500.0,-0.002223810367222079,-0.0041994054118616245,-0.01612054345947367,-0.0011161664717609795,-0.003451878086785487,-0.0016569821102384585,0.0017948959765470285,-41.0958904109589,-300.0,-20.615257439773266,1401.0,502.0,597.0,17000.0
4589,Leuven,700.0,600.0,,,0.1658488815358084,199999.0,0.3372573693981906,3.5986329782677027,3.2613756088695123,,251.42324430199434,19999.9,1319.0,600.0,694.0,20000.0
4604,Lübeck,325.0,275.0,0.0,0.0,0.0,0.0,0.0,0.0,0.0,0.0,0.0,0.0,1642.0,278.0,324.0,23000.0
4604,Lübeck,375.0,325.0,-0.0008508301269836149,-0.001094360196701416,-0.003268463399811905,-0.0004947568048953022,-0.0011495985538744202,-0.00065454898803885,0.0004950495658355702,-20.0,-76.92307692307692,-11.627906976744185,1601.0,326.0,373.0,23000.0
4604,Lübeck,425.0,375.0,-0.0006376402853525143,-0.0008827681896881399,-0.003135228299434911,-0.0003659748281275633,-0.0008870410097987502,-0.000490247262077248,0.0003967937477215022,-15.625,-76.92307692307692,-8.966779279279281,1551.0,376.0,423.0,24000.0
4604,Lübeck,500.0,425.0,0.004442741923033289,0.005936284013237597,0.0025238493683505947,0.019025790228435986,0.0034804796159610962,0.00655806275391102,0.003077583137949924,91.95402298850574,52.287581699346404,390.9523809523805,1487.0,426.0,498.0,25000.0
4604,Lübeck,600.0,500.0,0.001670235197660519,0.0027861162386272503,0.0008974800619455991,0.008980307665537035,0.0012878786125406494,0.002666594650418963,0.0013787160378783136,26.666666666666668,14.33453237410072,142.85714285714286,1398.5,502.0,597.0,17000.0
4604,Lübeck,700.0,600.0,,,0.15952993394221318,149999.0,0.3193931206477143,4.488347589655888,4.168954469008174,,186.28348032407408,14999.9,1320.0,600.0,695.0,15000.0
4612,Lublin,325.0,275.0,0.0,0.0,0.0,0.0,0.0,0.0,0.0,0.0,0.0,0.0,1643.0,277.0,324.0,5000.0
4612,Lublin,375.0,325.0,0.010479542501580674,0.013473536049248344,0.005691978363395966,0.04007651103612231,0.007769811716388908,0.014702045149175502,0.006932233432786594,40.816326530612244,22.22222222222222,153.84615384615384,1600.0,326.0,373.0,5000.0
4612,Lublin,425.0,375.0,0.006669109111452354,0.00932607305819326,0.0037267906557580943,0.031681116530724474,0.005081179480498799,0.009474018174702836,0.004392838694204038,16.39344262295082,9.174311926605505,76.92307692307692,1550.0,376.0,423.0,3000.0
4612,Lublin,500.0,425.0,0.007999031637823784,0.010982371920809489,0.004453137034247767,0.03825973977865888,0.006045567912583927,0.011475765144395966,0.0054301972318120395,11.494252873563218,6.410256410256411,54.1666666666666,1489.0,426.475,496.0,2000.0
4612,Lublin,600.0,500.0,-0.008961515535408249,-0.014037921852815105,-0.05192248566082858,-0.004851589937347179,-0.015285247065568774,-0.006890465382659694,0.00839478168290908,-12.987012987012987,-76.92307692307692,-7.0163990938638845,1401.5,502.0,597.0,1000.0
4612,Lublin,700.0,600.0,,,0.13538044560631102,19999.0,0.27321917512884375,3.389199680773787,3.115980505644943,,25.639743589743592,1999.9,1317.0,600.0,694.0,2000.0
4653,Lüneburg,325.0,275.0,-0.0008954221433711829,-0.0033290245890958215,-0.02178082201781728,0.0,-0.004157567874630619,0.0,0.004157567874630619,-11.627906976744185,-285.7142857142857,0.0,1642.0,276.0,324.0,12000.0
4653,Lüneburg,375.0,325.0,0.001454153750925835,0.0018981358312010555,0.0008375189251822402,0.005967779878038204,0.0011541490085028028,0.001952112689452834,0.0007979636809500312,19.607843137254903,11.296603677221656,80.28846153846139,1601.0,326.0,373.0,14000.0
4653,Lüneburg,425.0,375.0,0.0012514497179003659,0.001673032722538374,0.0007115997491570214,0.005350443281080697,0.000988669988497115,0.0017803097101307674,0.0007916397216336524,15.625,8.887089127686473,66.66666666666667,1550.5,376.0,423.0,13000.0
4653,Lüneburg,500.0,425.0,0.010352855987454168,0.014772929652253432,0.005626179392584952,0.04077818644035181,0.007777600569351506,0.014949089568792262,0.007171488999440756,82.3529411764706,44.85925621532772,319.5652173913037,1488.0,427.0,497.525,12000.0
4653,Lüneburg,600.0,500.0,-0.006417723755382743,-0.009842759447501006,-0.043972427943180556,-0.00321402686202632,-0.009950242700491496,-0.004689008405802775,0.005261234294688721,-41.0958904109589,-287.0454545454545,-20.54794520547945,1400.0,503.475,597.525,5000.0
4653,Lüneburg,700.0,600.0,,,0.15783497782141714,79999.0,0.38066490387090046,4.016969106227038,3.636304202356138,,103.84485576923078,7999.9,1320.0,600.0,692.0,8000.0
4680,Liège,325.0,275.0,0.0012962485407693736,0.0044442401465602105,0.0,0.021253071756844183,0.0,0.005391933945453564,0.005391933945453564,43.20987654320987,0.0,701.9444444444426,1643.0,277.0,324.0,37000.0
4680,Liège,375.0,325.0,0.004472844466388848,0.005952908990281386,0.0025239441613070512,0.01898248898555007,0.0033740268617939995,0.006395896989544125,0.003021870127750126,120.0,67.77962206332994,505.5944055944037,1601.0,326.0,373.0,30000.0
4680,Liège,425.0,375.0,0.0028981846051745475,0.003794404984080841,0.0016660780093243678,0.01269051810678929,0.00217285195255279,0.004249037875992734,0.002076185923439944,63.492063492063494,36.52210175145955,276.66666666666623,1550.0,376.0,423.525,24000.0
4680,Liège,500.0,425.0,0.0033902288400484704,0.004650459406026219,0.0018879307631628594,0.014488052647620098,0.0025892917607373,0.0048062141804317005,0.0022169224196944004,58.8235294117647,32.78186274509804,250.0,1487.0,426.475,498.0,20000.0
4680,Liège,600.0,500.0,0.0040893244610138435,0.007258383107771399,0.0021110781380859144,0.024144952124014685,0.0030680111306614077,0.006349767250890093,0.003281756120228685,52.63157894736842,27.197408007405695,307.6923076923077,1401.0,502.0,597.0,15000.0
4680,Liège,700.0,600.0,,,0.16380990559967187,109999.0,0.33670267490522554,4.250479353294807,3.9137766783895813,,143.74869318181817,10999.9,1317.0,600.0,696.0,11000.0
4697,Maassluis,325.0,275.0,0.0,0.0,0.0,0.0,0.0,0.0,0.0,0.0,0.0,0.0,1641.0,277.0,324.0,2000.0
4697,Maassluis,375.0,325.0,0.01382169005635736,0.018682199453042656,0.007907775099265324,0.054766076481646664,0.011019634878096762,0.019440643702144822,0.00842100882404806,19.80392156862745,11.363636363636363,76.92307692307692,1601.0,326.0,373.0,2000.0
4697,Maassluis,425.0,375.0,0.0,0.0,0.0,0.0,0.0,0.0,0.0,0.0,0.0,0.0,1550.0,375.0,423.0,1000.0
4697,Maassluis,500.0,425.0,0.0,0.0,0.0,0.0,0.0,0.0,0.0,0.0,0.0,0.0,1490.0,426.0,497.0,1000.0
4697,Maassluis,600.0,500.0,0.0,0.0,0.0,0.0,0.0,0.0,0.0,0.0,0.0,0.0,1399.0,502.0,597.525,1000.0
4697,Maassluis,700.0,600.0,,,0.13345930747668575,9999.0,0.2645164830490942,2.72759372031494,2.463077237265846,,13.600083765272121,999.9,1318.0,600.0,693.0,1000.0
4698,Maastricht,325.0,275.0,0.0,0.0,0.0,0.0,0.0,0.0,0.0,0.0,0.0,0.0,1641.0,276.0,324.0,18000.0
4698,Maastricht,375.0,325.0,0.00493989513608839,0.006723979002265486,0.0028112299411599097,0.021163709890978488,0.0038150532273570903,0.007206253209126379,0.0033911999817692884,78.43137254901961,44.68164794007491,333.3333333333333,1601.5,326.0,373.0,18000.0
4698,Maastricht,425.0,375.0,0.00557740162671172,0.007676042690776095,0.0030635215349179568,0.025319991121284708,0.004162617956394943,0.007676410001614453,0.0035137920452195104,66.12021857923497,36.36363636363637,297.25274725274676,1549.5,376.0,424.0,14000.0
4698,Maastricht,500.0,425.0,0.0040613493800756295,0.005331807563533076,0.0023108923408065585,0.017583251599460673,0.0031544584069729265,0.005700522981764156,0.002546064574791229,34.09090909090909,19.414537075827397,146.6071428571427,1489.0,426.475,497.0,10000.0
4698,Maastricht,600.0,500.0,-0.004808334444273865,-0.007470318290485114,-0.02706357116766167,-0.002431293714465305,-0.007252652145722904,-0.003596294996679794,0.00365635714904311,-40.54054054054054,-230.76923076923077,-20.474559686888455,1402.0,502.475,597.0,7000.0
4698,Maastricht,700.0,600.0,,,0.15791520031542727,99999.0,0.324192791886045,2.749601506424926,2.4254087145388814,,127.35185856864653,9999.9,1318.0,600.0,695.0,10000.0
4705,Magdeburg,325.0,275.0,-0.0023682412275911058,-0.0093915336818988,-0.05425839099682417,0.0,-0.011378033985814717,0.0,0.011378033985814717,-47.87234042553192,-1125.0,0.0,1642.0,277.0,324.0,16000.0
4705,Magdeburg,375.0,325.0,0.0035645704147406754,0.004634962408566071,0.001971542114627506,0.01350214061684607,0.002771347183998518,0.0051412117036129246,0.0023698645196144064,81.63265306122449,45.18641470888662,307.6923076923077,1599.0,325.0,373.0,25000.0
4705,Magdeburg,425.0,375.0,0.0024498321344310625,0.003474660687306383,0.0013897096160031541,0.01152138342557694,0.001899093743554514,0.003356722954133806,0.001457629210579292,47.61904761904762,27.027027027027028,222.93956043956007,1549.5,377.0,423.0,21000.0
4705,Magdeburg,500.0,425.0,0.00685813872300689,0.009615268898869156,0.0037739140099919857,0.029825461723499425,0.005261890596659713,0.009682421212888093,0.00442053061622838,93.02325581395348,51.267721388945965,400.0,1487.0,426.0,498.0,18000.0
4705,Magdeburg,600.0,500.0,-0.0053208610157700065,-0.0085826716066729,-0.036189388115712484,-0.002579248314897642,-0.00858981212111709,-0.004046442082010437,0.004543370039106653,-65.78947368421052,-454.54545454545456,-31.84713375796178,1399.0,501.0,597.0,10000.0
4705,Magdeburg,700.0,600.0,,,0.1709491660628425,149999.0,0.3683995663061612,3.436202961165585,3.067803394859424,,198.61709692982456,14999.9,1316.0,600.0,693.0,15000.0
4716,Mainz,325.0,275.0,0.001697784298607341,0.006570373483955599,0.0,0.033077529462111066,0.0,0.008600521163292019,0.008600521163292019,26.041666666666668,0.0,500.0,1642.5,276.0,324.0,18000.0
4716,Mainz,375.0,325.0,0.007236346533796345,0.009413415588095676,0.004187433584873945,0.026614048685102087,0.0057622378812414166,0.009988058555558066,0.004225820674316649,78.43137254901961,45.45454545454545,285.7142857142857,1601.0,326.0,373.0,13000.0
4716,Mainz,425.0,375.0,0.006561190729592159,0.009302001876781114,0.003642333495888428,0.031681116530724474,0.005081179480498799,0.009938454523041429,0.00485727504254263,48.38709677419355,26.90033783783784,230.76923076923077,1550.0,376.0,424.0,9000.0
4716,Mainz,500.0,425.0,-0.004495034821845323,-0.006314824864298361,-0.01871357735115851,-0.0025468462893541988,-0.006441071307808327,-0.0035195752724397344,0.0029214960353685926,-33.333333333333336,-139.77272727272728,-18.867924528301888,1488.0,426.0,498.0,6000.0
4716,Mainz,600.0,500.0,-0.005094268589467155,-0.007739808496607348,-0.0328769336227428,-0.0025761281178504777,-0.008006203461398131,-0.0037075018986548747,0.004298701562743257,-55.55555555555556,-363.6363636363636,-28.058510638297886,1398.0,502.0,596.0,9000.0
4716,Mainz,700.0,600.0,,,0.16073601589607134,129999.0,0.3422968895246863,3.3575554180250444,3.0152585285003584,,164.55569620253164,12999.9,1316.0,600.0,694.0,13000.0
4746,Marburg,325.0,275.0,0.0022328008717216186,0.010475453306730763,0.0,0.05198950550864412,0.0,0.010800142716760497,0.010800142716760497,5.4945054945054945,0.0,125.0,1641.0,277.0,324.0,3000.0
4746,Marburg,375.0,325.0,0.0,0.0,0.0,0.0,0.0,0.0,0.0,0.0,0.0,0.0,1601.0,325.0,373.525,2000.0
4746,Marburg,425.0,375.0,0.0,0.0,0.0,0.0,0.0,0.0,0.0,0.0,0.0,0.0,1550.0,376.0,423.0,2000.0
4746,Marburg,500.0,425.0,0.007907775099265324,0.012149175677959347,0.004615533909659802,0.041616010650583846,0.0060987605963314095,0.011288858855190653,0.005190098258859244,11.363636363636363,6.643487858719647,58.8235294117647,1488.0,427.475,498.0,2000.0
4746,Marburg,600.0,500.0,-0.00932312146765335,-0.013125306994601417,-0.0502041072918907,-0.0045201270656655135,-0.014046278251899968,-0.006890465382659694,0.0071558128692402745,-13.513513513513514,-74.3131868131868,-6.5359477124183005,1402.0,501.0,596.0,1000.0
4746,Marburg,700.0,600.0,,,0.13816911638001297,19999.0,0.27321917512884375,2.4484882412482154,2.1752690661193714,,26.13505681818182,1999.9,1318.0,600.0,695.025,2000.0
4753,Marienberg,325.0,275.0,-0.0012112671499928118,-0.004351641075907407,-0.022067231457071457,0.0,-0.005427741931529617,0.0,0.005427741931529617,-5.434782608695652,-100.0,0.0,1643.0,277.0,324.0,4000.0
4753,Marienberg,375.0,325.0,0.004659646532143125,0.006451150719725558,0.002552819649289778,0.018769265121506118,0.0035912408500803905,0.006784839234850848,0.0031935983847704574,20.833333333333332,11.425679205851619,83.33333333333333,1598.0,326.0,373.0,5000.0
4753,Marienberg,425.0,375.0,0.004887874203033604,0.0068635280586468,0.0025829116966616717,0.02336679902741204,0.0036024993640531022,0.006873085131488876,0.003270585767435774,16.949152542372882,8.96677927927928,80.28846153846139,1552.0,376.0,423.0,4000.0
4753,Marienberg,500.0,425.0,0.012351034854648613,0.018623468482502945,0.006998656382100027,0.07107548307291456,0.009413990929696081,0.0171125264573741,0.007698535527678019,22.347066167290887,12.696525034265903,125.0,1491.0,426.0,497.0,3000.0
4753,Marienberg,600.0,500.0,0.0,0.0,0.0,0.0,0.0,0.0,0.0,0.0,0.0,0.0,1398.0,501.0,596.0,1000.0
4753,Marienberg,700.0,600.0,,,0.1211817897440687,9999.0,0.2742749857031337,2.72759372031494,2.4533187346118064,,12.417739583333333,999.9,1321.5,600.0,695.0,1000.0
4754,Malbork,325.0,275.0,-0.001198258391156004,-0.004366753924965259,-0.024488888020923416,0.0,-0.005854991058641068,0.0,0.005854991058641068,-5.376344086021505,-111.11111111111111,0.0,1642.0,277.0,324.0,4000.0
4754,Malbork,375.0,325.0,0.010268879222139482,0.013537224350421692,0.005629253429177972,0.04561200217662698,0.008013588659536275,0.014290750904546679,0.006277162245010404,40.0,21.978021978021978,174.62121212121178,1600.0,326.0,373.0,5000.0
4754,Malbork,425.0,375.0,0.01787747571713849,0.026731409266562454,0.009946549338772481,0.09391740445070823,0.013324280136769895,0.025282783729557945,0.01195850359278805,32.25806451612903,18.01801801801802,163.31168831168742,1549.0,376.0,423.0,3000.0
4754,Malbork,500.0,425.0,0.0,0.0,0.0,0.0,0.0,0.0,0.0,0.0,0.0,0.0,1486.0,427.0,498.0,1000.0
4754,Malbork,700.0,600.0,,,0.12615593236187142,9999.0,0.2589254117941673,2.72759372031494,2.4686683085207726,,12.89831043956044,999.9,1322.0,600.0,695.025,1000.0
4769,Kwidzyn,325.0,275.0,0.0,0.0,0.0,0.0,0.0,0.0,0.0,0.0,0.0,0.0,1640.0,277.0,324.0,3000.0
4769,Kwidzyn,375.0,325.0,0.007981983761950362,0.011292706714400242,0.004590884935473572,0.04384838568408263,0.006162320179612157,0.011326585144617374,0.005164264965005216,19.607843137254903,11.296603677221656,105.83333333333309,1601.0,326.0,373.0,3000.0
4769,Kwidzyn,425.0,375.0,0.0,0.0,0.0,0.0,0.0,0.0,0.0,0.0,0.0,0.0,1550.0,375.0,423.0,2000.0
4769,Kwidzyn,500.0,425.0,0.007863176176991282,0.009824906620173924,0.004354565674572814,0.03059554475200943,0.006045567912583927,0.010889286051700475,0.0048437181391165485,11.29979570990807,6.268671383647799,43.47826086956522,1488.0,426.0,499.0,2000.0
4769,Kwidzyn,600.0,500.0,0.0,0.0,0.0,0.0,0.0,0.0,0.0,0.0,0.0,0.0,1396.0,503.0,597.0,1000.0
4769,Kwidzyn,700.0,600.0,,,0.12615593236187142,9999.0,0.31113393742156426,2.72759372031494,2.4164597828933756,,12.89831043956044,999.9,1318.0,600.0,694.025,1000.0
4816,Mechelen,325.0,275.0,0.0016702832631296793,0.0064106186506343735,0.0,0.035062341979974265,0.0,0.008417797709368902,0.008417797709368902,21.50537634408602,0.0,444.44444444444446,1641.0,277.0,324.0,15000.0
4816,Mechelen,375.0,325.0,-0.008844695771900057,-0.011604981139458476,-0.03729334412788778,-0.0049345810180654315,-0.012360631175942327,-0.006674824825673498,0.005685806350268829,-122.44897959183673,-523.8636363636364,-68.18181818181819,1599.5,326.0,374.0,11000.0
4816,Mechelen,425.0,375.0,-0.006302391839179133,-0.007862169523282506,-0.021197793747882443,-0.0034684078929897444,-0.008726755260917929,-0.004749948340053711,0.003976806920864218,-131.14754098360655,-444.44444444444446,-72.07207207207207,1551.0,376.0,423.0,17000.0
4816,Mechelen,500.0,425.0,0.010290796199844743,0.013277136589674296,0.005909048593905003,0.03907004152636395,0.007930337898552686,0.01495010887407383,0.007019770975521145,167.60299625468164,96.44851116625311,627.3913043478249,1489.0,427.0,497.0,25000.0
4816,Mechelen,600.0,500.0,-0.00546427446148412,-0.010494480801646378,-0.036189388115712484,-0.002821096026858897,-0.009225866158249968,-0.004046442082010437,0.0051794240762395305,-67.56756756756756,-454.54545454545456,-34.83755827505828,1398.0,504.0,597.0,10000.0
4816,Mechelen,700.0,600.0,,,0.1564398911002438,149999.0,0.3683995663061612,6.289233736074769,5.920834169768608,,182.92560975609754,14999.9,1319.0,600.0,696.0,15000.0
4850,Meiningen,325.0,275.0,-0.0012807909706620824,-0.005645501789775497,-0.031374914073002635,0.0,-0.006012757378045408,0.0,0.006012757378045408,-5.747126436781609,-142.85714285714286,0.0,1641.0,277.0,324.0,4000.0
4850,Meiningen,375.0,325.0,0.010479542501580674,0.014546080899093634,0.005626835052258849,0.04348784793451377,0.007769811716388908,0.014702045149175502,0.006932233432786594,40.816326530612244,21.968599033816425,166.66666666666666,1601.0,326.0,373.0,5000.0
4850,Meiningen,425.0,375.0,0.006456709352256285,0.009074413156090632,0.0035630440784122364,0.03436608313191658,0.004941974581209874,0.009257705998790833,0.004315731417580959,15.873015873015873,8.771929824561404,83.33333333333333,1550.0,375.0,423.0,3000.0
4850,Meiningen,500.0,425.0,0.007999031637823784,0.010704828903878546,0.004511100233403731,0.039497051703497564,0.005993295084069983,0.011242520665180722,0.005249225581110739,11.494252873563218,6.4935064935064934,55.88235294117633,1488.0,427.0,498.0,2000.0
4850,Meiningen,600.0,500.0,-0.009261254101212035,-0.016551759978456433,-0.06792359348486199,-0.004686382582326356,-0.016368067555809995,-0.007120376362407699,0.009247691193402297,-13.423423423423424,-101.51515151515149,-6.776914590420156,1398.0,502.0,598.0,1000.0
4850,Meiningen,700.0,600.0,,,0.13349138803250724,19999.0,0.3069051036156929,3.1155971378360787,2.808692034220386,,25.30322195512821,1999.9,1321.0,600.0,693.0,2000.0
4853,Meißen,325.0,275.0,0.0,0.0,0.0,0.0,0.0,0.0,0.0,0.0,0.0,0.0,1641.0,277.0,324.0,3000.0
4853,Meißen,375.0,325.0,0.007827884862117163,0.010761905058349897,0.004725842294654337,0.039241537639781485,0.006257421110539063,0.01051989561448008,0.004262474503941016,19.23076923076923,11.627906976744185,94.8717948717941,1602.0,326.0,373.0,3000.0
4853,Meißen,425.0,375.0,0.0,0.0,0.0,0.0,0.0,0.0,0.0,0.0,0.0,0.0,1550.0,376.0,423.0,2000.0
4853,Meißen,500.0,425.0,0.008045725306085716,0.011180187699667755,0.004453137034247767,0.035815026540467185,0.006139363372389406,0.011242520665180722,0.005103157292791316,11.561079925153702,6.410256410256411,50.75757575757553,1488.0,426.475,498.0,2000.0
4853,Meißen,600.0,500.0,-0.00932312146765335,-0.015174218496827251,-0.05412916653100447,-0.004641190733500444,-0.014955456464126105,-0.006907504562964073,0.008047951901162032,-13.513513513513514,-80.28846153846152,-6.7114093959731544,1402.0,504.0,597.0,1000.0
4853,Meißen,700.0,600.0,,,0.1452219496420668,19999.0,0.33813793344342624,4.210007309586913,3.8718693761434864,,27.382264451951954,1999.9,1320.0,600.0,695.0,2000.0
4871,Klaipėda,325.0,275.0,0.0,0.0,0.0,0.0,0.0,0.0,0.0,0.0,0.0,0.0,1641.0,277.0,324.0,3000.0
4871,Klaipėda,375.0,325.0,0.007827884862117163,0.010765103513188407,0.004697257775425035,0.02739965906371644,0.00613925680269839,0.011652080087522387,0.005512823284823998,19.23076923076923,11.557738572574177,66.66666666666667,1601.0,326.0,373.0,3000.0
4871,Klaipėda,425.0,375.0,0.0,0.0,0.0,0.0,0.0,0.0,0.0,0.0,0.0,0.0,1551.0,375.475,423.0,2000.0
4871,Klaipėda,500.0,425.0,0.007907775099265324,0.011265364264721108,0.004631674402053809,0.03445403194506136,0.006152897631075405,0.011475765144395966,0.005322867513320562,11.363636363636363,6.666666666666667,48.869047619047564,1486.5,427.0,498.0,2000.0
4871,Klaipėda,600.0,500.0,0.0,0.0,0.0,0.0,0.0,0.0,0.0,0.0,0.0,0.0,1401.0,503.0,596.0,1000.0
4871,Klaipėda,700.0,600.0,,,0.12790588178316764,9999.0,0.2826498305280605,2.1622776601683795,1.879627829640319,,13.066875000000001,999.9,1318.5,600.0,695.0,1000.0
4872,nan,325.0,275.0,-0.00237940925681307,-0.009498778064413209,-0.04959161923382533,0.0,-0.010898690627577867,0.0,0.010898690627577867,-11.764705882352942,-250.89285714285708,0.0,1641.0,276.975,324.0,4000.0
4872,nan,375.0,325.0,0.0036530874540363634,0.005003054826009732,0.0020739836075955864,0.01671280916097362,0.0027662669050740885,0.005222778743138035,0.002456511838063946,20.0,11.363636363636363,90.9090909090909,1602.0,325.0,373.0,6000.0
4872,nan,425.0,375.0,0.0,0.0,0.0,0.0,0.0,0.0,0.0,0.0,0.0,0.0,1551.0,375.0,423.0,5000.0
4872,nan,500.0,425.0,0.0025681604948701864,0.0033467580121036037,0.0014687078343892824,0.00955526002549872,0.0019723336874871156,0.0034388771294375786,0.001466543441950463,11.494252873563218,6.577067913258018,42.617753623188364,1486.0,427.0,498.525,5000.0
4872,nan,600.0,500.0,0.0043029936803957725,0.0063495026051686556,0.001964828579774414,0.02543641050186509,0.0030328220689059826,0.0066380086309825725,0.00360518656207659,14.925373134328359,6.823159366262814,87.31060606060589,1396.5,502.475,596.0,4000.0
4872,nan,700.0,600.0,,,0.1357247807745332,29999.0,0.318892471201818,3.6643339533861425,3.3454414821843246,,37.0358024691358,2999.9,1322.0,600.0,693.0,3000.0
4880,Meppel,325.0,275.0,0.0,0.0,0.0,0.0,0.0,0.0,0.0,0.0,0.0,0.0,1641.0,277.0,324.0,2000.0
4880,Meppel,375.0,325.0,0.013959479790029095,0.02015128267328054,0.007731369217151451,0.06504108943996267,0.010889286051700475,0.019440643702144822,0.008551357650444347,20.0,11.11111111111111,90.9090909090909,1599.0,325.0,374.0,2000.0
4880,Meppel,425.0,375.0,0.0,0.0,0.0,0.0,0.0,0.0,0.0,0.0,0.0,0.0,1549.5,376.0,423.0,1000.0
4880,Meppel,500.0,425.0,0.0,0.0,0.0,0.0,0.0,0.0,0.0,0.0,0.0,0.0,1490.0,426.0,497.0,1000.0
4880,Meppel,600.0,500.0,0.0,0.0,0.0,0.0,0.0,0.0,0.0,0.0,0.0,0.0,1402.0,502.0,596.525,1000.0
4880,Meppel,700.0,600.0,,,0.1354190550832535,9999.0,0.26638017346740317,2.72759372031494,2.461213546847537,,13.787624143835616,999.9,1320.0,601.0,694.0,1000.0
4891,Merseburg,325.0,275.0,-0.0012245614650820413,-0.004315079314109549,-0.020081405291969112,0.0,-0.005705292172292986,0.0,0.005705292172292986,-5.4945054945054945,-90.9090909090909,0.0,1641.5,278.0,324.0,4000.0
4891,Merseburg,375.0,325.0,0.0045643350154995765,0.006649527689034123,0.0025681604948701864,0.02049293216846504,0.0034388771294375786,0.006395896989544125,0.0029570198601065467,20.408163265306122,11.494252873563218,90.9090909090909,1600.0,326.475,374.0,5000.0
4891,Merseburg,425.0,375.0,-0.003712152053280904,-0.004828829197423532,-0.015812474206771232,-0.002016946297777223,-0.005563057351029577,-0.002717563541566048,0.0028454938094635285,-16.666666666666668,-71.42857142857143,-9.04791154791155,1549.0,376.0,423.0,4000.0
4891,Merseburg,500.0,425.0,0.005691978363395966,0.008954727227277439,0.0033112846249993334,0.0252779496035728,0.004442226454311804,0.007889817612220629,0.0034475911579088248,22.22222222222222,12.943024717218265,97.73809523809513,1490.0,427.0,497.0,5000.0
4891,Merseburg,600.0,500.0,-0.007270946744612039,-0.011675542021656424,-0.04537691621306539,-0.0036163220642858596,-0.01086820335214414,-0.005306968270639589,0.005561235081504551,-28.571428571428573,-181.8181818181818,-14.184397163120567,1399.0,501.0,596.525,3000.0
4891,Merseburg,700.0,600.0,,,0.1487226126409869,49999.0,0.30199412479125054,3.6911727854354144,3.3891786606441636,,64.07072250534276,4999.9,1320.0,600.0,693.0,5000.0
4958,Minden,325.0,275.0,-0.0015442880613840693,-0.006222023676114031,-0.0353213700396906,0.0,-0.007959324172186144,0.0,0.007959324172186144,-5.376344086021505,-125.0,0.0,1642.0,278.0,324.0,3000.0
4958,Minden,375.0,325.0,0.0,0.0,0.0,0.0,0.0,0.0,0.0,0.0,0.0,0.0,1601.0,326.0,373.0,4000.0
4958,Minden,425.0,375.0,0.0,0.0,0.0,0.0,0.0,0.0,0.0,0.0,0.0,0.0,1550.0,375.0,424.0,4000.0
4958,Minden,500.0,425.0,0.007907775099265324,0.010909558697248365,0.004481931237688697,0.03715504444619189,0.006264107164007271,0.011063084486895525,0.004798977322888254,22.727272727272727,12.903225806451612,105.26315789473684,1488.0,426.0,496.0,4000.0
4958,Minden,600.0,500.0,-0.005251940705303326,-0.009977320365478187,-0.04200162095163448,-0.00276341452902523,-0.00902059498754268,-0.0039288163743047555,0.005091778613237924,-12.987012987012987,-105.83333333333331,-6.8248532289628185,1402.5,501.0,598.0,2000.0
4958,Minden,700.0,600.0,,,0.1348000589835515,29999.0,0.3025607302937148,2.627773439663084,2.325212709369369,,36.7986830021078,2999.9,1317.0,600.0,696.0,3000.0
4962,Minsk,325.0,275.0,0.001880764978517968,0.008953646847201147,0.0,0.04559318758735875,0.0,0.0099568804637169,0.0099568804637169,15.789473684210526,0.0,375.0,1641.0,277.0,324.0,10000.0
4962,Minsk,375.0,325.0,0.011726889339099822,0.01537954339498511,0.0061685718018007485,0.057557050338252314,0.00851507585424427,0.01611753092731627,0.007602455073072001,62.5,32.967032967032964,300.0,1602.0,325.0,373.0,7000.0
4962,Minsk,425.0,375.0,0.004505150194401342,0.006285605007152673,0.0025829116966616717,0.020097533703493056,0.003557945037178545,0.006273554923994951,0.002715609886816406,15.625,8.96677927927928,69.16666666666656,1552.0,376.0,423.0,4000.0
4962,Minsk,500.0,425.0,0.004838634138069731,0.006682132484753858,0.002688807768345125,0.01949546451812134,0.0036845158355077734,0.006780636928134465,0.0030961210926266913,11.904761904761905,6.622516556291391,47.61904761904762,1487.5,426.0,497.0,3000.0
4962,Minsk,600.0,500.0,-0.005119321104739449,-0.008245751852125156,-0.036189388115712484,-0.0026632187227751992,-0.008076510470497844,-0.003967257676113167,0.004109252794384677,-12.658227848101266,-90.9090909090909,-6.577067913258021,1402.0,501.0,596.0,2000.0
4962,Minsk,700.0,600.0,,,0.1412978271659482,29999.0,0.318892471201818,3.3610267508422353,3.0421342796404174,,38.46025641025641,2999.9,1318.0,600.0,696.0,3000.0
4969,Jelgava,325.0,275.0,0.0016188063096531646,0.006544776264767515,0.0,0.03661464962807748,0.0,0.007599310154630556,0.007599310154630556,5.617977528089888,0.0,125.0,1641.0,278.0,324.0,4000.0
4969,Jelgava,375.0,325.0,0.008142271612429308,0.011059780620656049,0.0045661811098276495,0.034761354143901455,0.006355503360101045,0.011738269060063033,0.005382765699961989,20.0,11.235955056179776,84.26573426573394,1599.0,325.0,373.0,3000.0
4969,Jelgava,425.0,375.0,0.0,0.0,0.0,0.0,0.0,0.0,0.0,0.0,0.0,0.0,1552.0,376.0,424.0,2000.0
4969,Jelgava,500.0,425.0,0.007863176176991282,0.0108288517317577,0.0043677289546268485,0.04049653795668208,0.0060987605963314095,0.011619440301922523,0.005520679705591114,11.29979570990807,6.287579113924051,57.271241830065286,1487.0,426.0,498.0,2000.0
4969,Jelgava,600.0,500.0,0.0,0.0,0.0,0.0,0.0,0.0,0.0,0.0,0.0,0.0,1400.0,503.0,597.0,1000.0
4969,Jelgava,700.0,600.0,,,0.1235940902438941,9999.0,0.27230128264420106,2.72759372031494,2.455292437670739,,12.650978365384615,999.9,1319.0,600.0,695.0,1000.0
5035,Mönchengladbach,325.0,275.0,0.0,0.0,0.0,0.0,0.0,0.0,0.0,0.0,0.0,0.0,1641.0,276.0,324.0,1000.0
5035,Mönchengladbach,375.0,325.0,0.0,0.0,0.0,0.0,0.0,0.0,0.0,0.0,0.0,0.0,1598.0,326.0,374.0,1000.0
5035,Mönchengladbach,425.0,375.0,0.0,0.0,0.0,0.0,0.0,0.0,0.0,0.0,0.0,0.0,1552.0,376.0,423.0,1000.0
5035,Mönchengladbach,500.0,425.0,0.0,0.0,0.0,0.0,0.0,0.0,0.0,0.0,0.0,0.0,1486.5,426.0,498.0,1000.0
5035,Mönchengladbach,600.0,500.0,0.0,0.0,0.0,0.0,0.0,0.0,0.0,0.0,0.0,0.0,1401.0,502.475,597.0,1000.0
5035,Mönchengladbach,700.0,600.0,,,0.11887221158742212,9999.0,0.2826498305280605,2.3036066752050197,2.0209568446769595,,12.19390243902439,999.9,1319.0,601.0,695.0,1000.0
5064,Moskva,325.0,275.0,0.0014482014525118991,0.005489917395474785,0.0,0.03531589938404611,0.0,0.006771327431305707,0.006771327431305707,130.95238095238096,0.0,3142.8571428571427,1640.0,277.0,324.0,102000.0
5064,Moskva,375.0,325.0,0.007661819779767209,0.0110010509377604,0.004449918272067532,0.03637717319707501,0.006065127902596279,0.010679394617495896,0.0046142667148996175,504.9019607843137,293.71169560776303,2363.6363636363635,1602.0,326.0,373.0,80000.0
5064,Moskva,425.0,375.0,0.006355503360101045,0.009005762340887034,0.0036099047496667815,0.02739965906371644,0.004897073445708333,0.009474018174702836,0.004576944728994503,281.25,159.96760429835652,1200.0,1549.0,375.0,423.0,54000.0
5064,Moskva,500.0,425.0,0.0020978474874486785,0.003000051695035997,0.0011654984344659947,0.00941201520525306,0.001629196744128425,0.003148421016122116,0.001519224271993691,68.96551724137932,38.332925036746694,308.2894736842102,1487.0,427.0,498.0,36000.0
5064,Moskva,600.0,500.0,0.00928480121187425,0.015923427376271972,0.004525137031312121,0.06857558531553601,0.006687136452383724,0.015522512504275054,0.00883537605189133,200.0,97.70499108734404,1435.2272727272696,1400.0,501.475,597.0,30000.0
5064,Moskva,700.0,600.0,,,0.16978611989806125,149999.0,0.3373532217279436,4.488347589655888,4.150994367927944,,197.3671052631579,14999.9,1319.0,600.0,694.0,15000.0
5108,nan,325.0,275.0,0.0,0.0,0.0,0.0,0.0,0.0,0.0,0.0,0.0,0.0,1642.0,277.0,324.0,20000.0
5108,nan,375.0,325.0,0.0045643350154995765,0.005862235221601929,0.0025389398366217897,0.01731305178338105,0.003386684800456674,0.006049129325025104,0.0026624445245684303,81.63265306122449,45.45454545454545,307.6923076923077,1602.0,326.0,372.525,20000.0
5108,nan,425.0,375.0,0.0031510049937069073,0.004496464581828274,0.0019067638674026277,0.014465471415354324,0.0024749548565092816,0.004840499988474578,0.0023655451319652965,45.45454545454545,27.522935779816514,207.49999999999966,1551.0,376.0,423.0,16000.0
5108,nan,500.0,425.0,0.006979742371913122,0.01029803024985672,0.004108012251341053,0.04085753709821594,0.0054932559859774965,0.009874453014801388,0.004381197028823891,67.41573033707866,39.735099337748345,388.12499999999943,1488.0,426.475,498.0,13000.0
5108,nan,600.0,500.0,-0.004874041259047002,-0.008219720130465227,-0.03190494082844941,-0.0023909287358165887,-0.007560106137249667,-0.0035165817901273155,0.004043524347122351,-41.0958904109589,-272.72727272727275,-20.13422818791946,1398.0,503.0,597.0,7000.0
5108,nan,700.0,600.0,,,0.17465224278381644,99999.0,0.38633591199304285,5.812920690579612,5.4265847785865695,,139.8166769366197,9999.9,1319.5,600.0,694.0,10000.0
5113,Münster (Westfalen),325.0,275.0,-0.0011135952582472797,-0.00398108011994769,-0.0199216395382771,0.0,-0.005266888821824134,0.0,0.005266888821824134,-11.11111111111111,-200.55555555555551,0.0,1643.0,276.975,324.0,9000.0
5113,Münster (Westfalen),375.0,325.0,0.0019469986555316066,0.002792923914292277,0.0010652209376783516,0.011985024140399592,0.0014903310005354165,0.0028071733353205452,0.0013168423347851288,20.408163265306122,11.170411985018728,125.0,1600.0,327.0,374.0,11000.0
5113,Münster (Westfalen),425.0,375.0,0.0,0.0,0.0,0.0,0.0,0.0,0.0,0.0,0.0,0.0,1550.5,377.0,422.525,10000.0
5113,Münster (Westfalen),500.0,425.0,-0.001107644013713882,-0.0015263573790511636,-0.004646880978511378,-0.0006206260144684978,-0.0016210743872578925,-0.0008357048128679878,0.0007853695743899047,-11.627906976744185,-48.86904761904761,-6.5136660724896025,1486.0,426.0,498.0,10000.0
5113,Münster (Westfalen),600.0,500.0,-0.005119636736316546,-0.007785329461692862,-0.030742005291610308,-0.002519612431360952,-0.007940507335954305,-0.0037399234946804416,0.004200583841273864,-68.4931506849315,-416.6666666666667,-33.664746961726834,1402.5,502.0,597.525,11000.0
5113,Münster (Westfalen),700.0,600.0,,,0.16952258548383148,159999.0,0.35968708968243535,4.539182980610752,4.179495890928317,,209.08960227272726,15999.9,1321.0,600.0,696.0,16000.0
5147,Namur,325.0,275.0,0.000579239191324632,0.0021871280991848626,0.0,0.010591751203291366,0.0,0.002871471762300737,0.002871471762300737,5.4945054945054945,0.0,100.0,1641.0,277.0,324.0,10000.0
5147,Namur,375.0,325.0,0.0023584374617564574,0.0033392004379693414,0.001362232562315663,0.011333581815941744,0.0018713207338953985,0.0033708983323690322,0.0014995775984736337,20.0,11.557738572574177,95.68181818181797,1600.0,326.0,373.0,9000.0
5147,Namur,425.0,375.0,0.0,0.0,0.0,0.0,0.0,0.0,0.0,0.0,0.0,0.0,1550.0,376.0,423.0,8000.0
5147,Namur,500.0,425.0,0.003350741603306062,0.004606381880849532,0.0018879307631628594,0.014891419165265473,0.002526713725541585,0.0048062141804317005,0.0022795004548901154,23.25581395348837,13.112745098039214,102.76315789473672,1488.0,426.0,497.0,8000.0
5147,Namur,600.0,500.0,0.0024503768690506966,0.004050022550340388,0.0011960827948815256,0.014123543114045178,0.0018067942178898733,0.003727779046789337,0.0019209848288994635,13.423423423423424,6.556372549019607,76.92307692307692,1402.0,503.0,598.0,6000.0
5147,Namur,700.0,600.0,,,0.1438170670900059,49999.0,0.33710673504758126,3.6911727854354144,3.354066050387833,,62.09366550925925,4999.9,1318.0,600.0,695.0,5000.0
5153,Narva,325.0,275.0,0.0,0.0,0.0,0.0,0.0,0.0,0.0,0.0,0.0,0.0,1641.0,276.0,324.0,1000.0
5153,Narva,375.0,325.0,0.0,0.0,0.0,0.0,0.0,0.0,0.0,0.0,0.0,0.0,1601.0,326.0,374.0,1000.0
5153,Narva,425.0,375.0,0.0,0.0,0.0,0.0,0.0,0.0,0.0,0.0,0.0,0.0,1551.0,376.0,423.525,1000.0
5153,Narva,500.0,425.0,0.0,0.0,0.0,0.0,0.0,0.0,0.0,0.0,0.0,0.0,1488.0,426.0,497.525,1000.0
5153,Narva,600.0,500.0,0.0,0.0,0.0,0.0,0.0,0.0,0.0,0.0,0.0,0.0,1402.0,502.475,597.525,1000.0
5153,Narva,700.0,600.0,,,0.1297050071605403,9999.0,0.2805561193218288,2.72759372031494,2.447037600993111,,13.239903947368422,999.9,1321.0,600.0,693.0,1000.0
5160,Nauen,325.0,275.0,0.0,0.0,0.0,0.0,0.0,0.0,0.0,0.0,0.0,0.0,1641.0,277.0,324.0,2000.0
5160,Nauen,375.0,325.0,0.01341899069870034,0.018817009344217702,0.007907775099265324,0.06504108943996267,0.010557571994472825,0.018910284405250666,0.00835271241077784,19.23076923076923,11.363636363636363,90.9090909090909,1601.0,325.475,373.0,2000.0
5160,Nauen,425.0,375.0,0.0,0.0,0.0,0.0,0.0,0.0,0.0,0.0,0.0,0.0,1550.0,376.0,423.525,1000.0
5160,Nauen,500.0,425.0,0.0,0.0,0.0,0.0,0.0,0.0,0.0,0.0,0.0,0.0,1489.0,427.0,498.0,1000.0
5160,Nauen,600.0,500.0,0.0,0.0,0.0,0.0,0.0,0.0,0.0,0.0,0.0,0.0,1399.0,503.0,598.0,1000.0
5160,Nauen,700.0,600.0,,,0.11807782902699247,9999.0,0.2826498305280605,3.6415888336127784,3.3589390030847177,,12.11677233323538,999.9,1320.0,600.0,694.0,1000.0
5165,Naumburg (Saale),325.0,275.0,-0.0007412910140326412,-0.0029014833081252842,-0.014727298096347208,0.0,-0.00350781720008031,0.0,0.00350781720008031,-5.555555555555555,-111.11111111111111,0.0,1642.0,277.0,324.0,7000.0
5165,Naumburg (Saale),375.0,325.0,0.0055476792422231025,0.00707147617399006,0.0032186963454341523,0.01814274521212278,0.0043029936803957725,0.00802318328887508,0.0037201896084793074,38.46153846153846,22.340823970037455,125.0,1600.0,326.0,373.0,8000.0
5165,Naumburg (Saale),425.0,375.0,0.003148421016122116,0.0045126703798737825,0.00172149476045802,0.015309470499731193,0.002370617907585526,0.004597795975141372,0.002227178067555846,17.24137931034483,9.433962264150944,83.33333333333333,1548.0,376.0,424.0,6000.0
5165,Naumburg (Saale),500.0,425.0,0.017943475986765933,0.026007702709810787,0.010238373023925273,0.08621339408227809,0.013971161837765145,0.02468517894079425,0.010714017103029105,44.2002442002442,25.31645569620253,205.52631578947344,1492.0,425.0,498.0,5000.0
5165,Naumburg (Saale),600.0,500.0,-0.009580852533173756,-0.01657283927146286,-0.06106908933829369,-0.0047689178123264675,-0.014955456464126105,-0.006890465382659694,0.00806499108146641,-13.88888888888889,-90.9090909090909,-6.896551724137931,1398.0,501.0,597.0,1000.0
5165,Naumburg (Saale),700.0,600.0,,,0.1334739903542419,19999.0,0.26418699586066335,3.1155971378360787,2.8514101419754154,,25.29936026936027,1999.9,1319.0,600.0,694.0,2000.0
5194,Nysa,325.0,275.0,0.0,0.0,0.0,0.0,0.0,0.0,0.0,0.0,0.0,0.0,1642.0,277.0,324.0,6000.0
5194,Nysa,375.0,325.0,0.0038055887000079114,0.004975380703855855,0.0020739836075955864,0.01671280916097362,0.002944998283070266,0.005713810549772269,0.002768812266702003,20.833333333333332,11.363636363636363,90.9090909090909,1596.0,326.0,373.0,6000.0
5194,Nysa,425.0,375.0,0.0,0.0,0.0,0.0,0.0,0.0,0.0,0.0,0.0,0.0,1551.0,377.0,423.0,5000.0
5194,Nysa,500.0,425.0,0.0025103766455460974,0.0034745046492739005,0.0014266408664094677,0.010732705293633332,0.00195505301252763,0.003664789986055128,0.001709736973527498,11.235955056179776,6.388820839457782,47.84090909090899,1489.0,426.0,498.0,5000.0
5194,Nysa,600.0,500.0,0.004031828693865869,0.006224003047195348,0.0019130399060724834,0.02336679902741204,0.002910105680186126,0.006139666116131037,0.0032295604359449115,13.986697965571206,6.643487858719647,80.28846153846139,1398.5,503.0,597.0,4000.0
5194,Nysa,700.0,600.0,,,0.1462139783357912,29999.0,0.311653070932316,2.627773439663084,2.3161203687307683,,39.7099785012285,2999.9,1319.0,600.0,694.0,3000.0
5224,Neubrandenburg,325.0,275.0,0.0,0.0,0.0,0.0,0.0,0.0,0.0,0.0,0.0,0.0,1642.0,277.0,324.0,2000.0
5224,Neubrandenburg,375.0,325.0,0.0,0.0,0.0,0.0,0.0,0.0,0.0,0.0,0.0,0.0,1600.0,326.0,373.0,2000.0
5224,Neubrandenburg,425.0,375.0,0.0,0.0,0.0,0.0,0.0,0.0,0.0,0.0,0.0,0.0,1550.5,375.475,423.525,2000.0
5224,Neubrandenburg,500.0,425.0,0.008092418974347648,0.011159469732786443,0.004511100233403731,0.03282176895243908,0.006045567912583927,0.011427873425220447,0.0053823055126365205,11.627906976744185,6.4935064935064934,46.590909090909044,1487.0,426.475,498.0,2000.0
5224,Neubrandenburg,600.0,500.0,-0.009450230099967927,-0.013600366561773956,-0.05192248566082858,-0.00465418341887759,-0.014046278251899968,-0.006907504562964073,0.0071387736889358955,-13.698630136986301,-76.92307692307692,-6.730245849587232,1399.0,503.0,597.0,1000.0
5224,Neubrandenburg,700.0,600.0,,,0.1275087681824313,19999.0,0.27321917512884375,2.4484882412482154,2.1752690661193714,,24.234756464883926,1999.9,1314.0,600.0,695.0,2000.0
5297,Neuruppin,325.0,275.0,0.0,0.0,0.0,0.0,0.0,0.0,0.0,0.0,0.0,0.0,1641.0,277.0,324.0,3000.0
5297,Neuruppin,375.0,325.0,-0.005853861693663864,-0.007891803576169669,-0.02714972742440661,-0.003319432462837705,-0.008185800156153333,-0.004484944844264205,0.0037008553118891285,-20.408163265306122,-95.68181818181817,-11.55773857257418,1601.0,326.0,373.0,3000.0
5297,Neuruppin,425.0,375.0,0.0,0.0,0.0,0.0,0.0,0.0,0.0,0.0,0.0,0.0,1551.0,375.0,423.0,4000.0
5297,Neuruppin,500.0,425.0,0.015522512504275054,0.021147034839398966,0.008839399706848489,0.06824169081440212,0.012022509754104904,0.021897148654116627,0.009874638900011723,33.333333333333336,19.044787551398855,142.85714285714286,1489.0,427.0,497.525,4000.0
5297,Neuruppin,600.0,500.0,-0.009647994522542558,-0.0141026641468124,-0.04870954311448716,-0.004817867581472802,-0.015285247065568774,-0.006839347841746557,0.008445899223822217,-13.986697965571206,-72.05128205128204,-6.9675116550116565,1399.0,502.475,597.0,1000.0
5297,Neuruppin,700.0,600.0,,,0.1335571422695565,19999.0,0.2977319584968121,2.4484882412482154,2.150756282751403,,25.315189873417722,1999.9,1316.0,601.0,695.0,2000.0
5304,Neuss,325.0,275.0,0.0,0.0,0.0,0.0,0.0,0.0,0.0,0.0,0.0,0.0,1641.0,277.975,324.0,3000.0
5304,Neuss,375.0,325.0,0.008142271612429308,0.010806807203749444,0.004697257775425035,0.03436608313191658,0.006355503360101045,0.011326585144617374,0.004971081784516329,20.0,11.557738572574177,83.33333333333333,1600.5,326.0,372.525,3000.0
5304,Neuss,425.0,375.0,0.0,0.0,0.0,0.0,0.0,0.0,0.0,0.0,0.0,0.0,1551.0,376.0,423.0,2000.0
5304,Neuss,500.0,425.0,0.0,0.0,0.0,0.0,0.0,0.0,0.0,0.0,0.0,0.0,1484.0,426.0,499.0,2000.0
5304,Neuss,600.0,500.0,-0.005859074198477199,-0.008379833417546192,-0.030708245041122573,-0.002645839308063153,-0.00902059498754268,-0.0040872315918704105,0.004933363395672269,-14.492753623188406,-76.92307692307692,-6.534090909090911,1398.0,502.0,598.0,2000.0
5304,Neuss,700.0,600.0,,,0.14025261903732059,29999.0,0.32130560462498536,3.3610267508422353,3.03972114621725,,38.19272037337662,2999.9,1319.0,600.0,693.025,3000.0
5424,Nijkerk,325.0,275.0,0.0,0.0,0.0,0.0,0.0,0.0,0.0,0.0,0.0,0.0,1640.0,277.0,324.0,1000.0
5424,Nijkerk,375.0,325.0,0.0,0.0,0.0,0.0,0.0,0.0,0.0,0.0,0.0,0.0,1601.0,326.0,373.525,1000.0
5424,Nijkerk,425.0,375.0,0.0,0.0,0.0,0.0,0.0,0.0,0.0,0.0,0.0,0.0,1550.5,376.0,423.525,1000.0
5424,Nijkerk,500.0,425.0,0.0,0.0,0.0,0.0,0.0,0.0,0.0,0.0,0.0,0.0,1488.5,426.0,498.0,1000.0
5424,Nijkerk,600.0,500.0,0.0,0.0,0.0,0.0,0.0,0.0,0.0,0.0,0.0,0.0,1400.0,501.475,596.0,1000.0
5424,Nijkerk,700.0,600.0,,,0.12706263472941015,9999.0,0.2645164830490942,3.6415888336127784,3.3770723505636844,,12.985714285714286,999.9,1321.0,600.0,695.0,1000.0
5430,Nijmegen,325.0,275.0,-0.001689387011456045,-0.00557503087460704,-0.028435863697185208,0.0,-0.007349324061850182,0.0,0.007349324061850182,-17.647058823529413,-300.83333333333326,0.0,1640.0,277.0,324.0,9000.0
5430,Nijmegen,375.0,325.0,0.0036530874540363634,0.005098893141229664,0.0021341393804123364,0.01671280916097362,0.002944998283070266,0.005222778743138035,0.0022777804600677687,40.0,23.38577291381669,181.8181818181818,1597.0,326.475,373.0,12000.0
5430,Nijmegen,425.0,375.0,-0.002844720417797597,-0.003845198119097727,-0.012081199611125082,-0.001710111420379382,-0.004231059942043425,-0.00224835207873586,0.0019827078633075645,-31.25,-133.33333333333334,-18.775348263092933,1549.0,376.0,423.0,10000.0
5430,Nijmegen,500.0,425.0,0.007907775099265324,0.010575481410843442,0.0044668142808822085,0.028113826656066543,0.006139363372389406,0.011475765144395966,0.00533640177200656,68.18181818181819,38.57940446650124,240.0,1487.5,428.0,496.0,12000.0
5430,Nijmegen,600.0,500.0,0.0098104463373212,0.015659494878909986,0.004726421401904712,0.05723201086741209,0.007246412223703924,0.014857097917020168,0.007610685693316244,42.25352112676056,20.408163265306122,240.8653846153842,1400.0,503.0,596.0,6000.0
5430,Nijmegen,700.0,600.0,,,0.1462590056856541,29999.0,0.27092258946378345,3.3610267508422353,3.090104161378452,,39.7223600877193,2999.9,1320.0,600.0,693.0,3000.0
5438,Nivelles,325.0,275.0,0.0,0.0,0.0,0.0,0.0,0.0,0.0,0.0,0.0,0.0,1641.0,276.0,324.0,5000.0
5438,Nivelles,375.0,325.0,0.0,0.0,0.0,0.0,0.0,0.0,0.0,0.0,0.0,0.0,1601.0,326.0,373.525,5000.0
5438,Nivelles,425.0,375.0,-0.002889809404047816,-0.00414195351144772,-0.012938536405764589,-0.0016189959091107407,-0.0041350985830951315,-0.0021426607099747086,0.001992437873120423,-15.873015873015873,-71.42857142857143,-8.887089127686474,1551.0,375.0,423.525,5000.0
5438,Nivelles,500.0,425.0,0.0,0.0,0.0,0.0,0.0,0.0,0.0,0.0,0.0,0.0,1487.0,427.0,497.0,6000.0
5438,Nivelles,600.0,500.0,0.0024018476783402853,0.0037518171518624755,0.0012116890762137622,0.014746154991530308,0.0017504481389246096,0.0038055887000079114,0.002055140561083302,13.157894736842104,6.641866831508301,80.28846153846139,1402.0,502.0,597.0,6000.0
5438,Nivelles,700.0,600.0,,,0.1497342731191451,49999.0,0.33967418666579086,3.6911727854354144,3.3514985987696235,,64.4765585443038,4999.9,1318.0,600.0,695.0,5000.0
5453,Norden,325.0,275.0,0.0,0.0,0.0,0.0,0.0,0.0,0.0,0.0,0.0,0.0,1642.0,276.975,324.0,2000.0
5453,Norden,375.0,325.0,0.0,0.0,0.0,0.0,0.0,0.0,0.0,0.0,0.0,0.0,1601.0,326.0,373.0,2000.0
5453,Norden,425.0,375.0,0.0,0.0,0.0,0.0,0.0,0.0,0.0,0.0,0.0,0.0,1552.0,375.0,424.0,2000.0
5453,Norden,500.0,425.0,0.007999031637823784,0.01038287694432922,0.004615533909659802,0.03133723061766449,0.006152897631075405,0.011288858855190653,0.005135961224115249,11.494252873563218,6.643487858719647,44.515810276679794,1487.0,426.475,497.0,2000.0
5453,Norden,600.0,500.0,-0.009139140032089321,-0.013764234919103682,-0.04830484698938042,-0.004817867581472802,-0.014046278251899968,-0.007194279508731083,0.006851998743168886,-13.24561403508772,-71.42857142857143,-6.9675116550116565,1400.0,502.0,597.0,1000.0
5453,Norden,700.0,600.0,,,0.1344232113545149,19999.0,0.2977319584968121,2.4484882412482154,2.150756282751403,,25.46935288867251,1999.9,1319.0,600.0,693.025,2000.0
5460,Nordhausen,325.0,275.0,0.0,0.0,0.0,0.0,0.0,0.0,0.0,0.0,0.0,0.0,1640.0,277.0,324.0,7000.0
5460,Nordhausen,375.0,325.0,0.0030271348969084233,0.004324763244983943,0.0017142529860159073,0.013550141530824589,0.0024022213592902464,0.004414018344535586,0.00201179698524534,19.607843137254903,11.11111111111111,87.31060606060589,1601.0,326.0,374.0,7000.0
5460,Nordhausen,425.0,375.0,0.0,0.0,0.0,0.0,0.0,0.0,0.0,0.0,0.0,0.0,1551.0,376.475,423.0,6000.0
5460,Nordhausen,500.0,425.0,0.007863176176991282,0.01027617438334223,0.004537942283955637,0.03059554475200943,0.006045567912583927,0.011668965006472187,0.0056233970938882605,33.89938712972421,19.596153846153847,130.43478260869566,1486.0,427.475,497.0,6000.0
5460,Nordhausen,600.0,500.0,-0.003880048656954682,-0.006025771380287549,-0.02188633144888963,-0.0020306903564902006,-0.005975452055631436,-0.002953857426047757,0.0030215946295836793,-13.513513513513514,-76.92307692307692,-7.065977424832685,1401.0,503.475,598.0,3000.0
5460,Nordhausen,700.0,600.0,,,0.14163099141669377,39999.0,0.28698313830555455,2.9564492304124874,2.6694660921069326,,49.99875,3999.9,1319.0,600.0,696.0,4000.0
5474,Veliky Novgorod,325.0,275.0,-0.0005601143122377916,-0.002157195998524078,-0.010480741793785553,0.0,-0.00284353098968948,0.0,0.00284353098968948,-5.319148936170213,-100.0,0.0,1641.0,277.0,324.0,9000.0
5474,Veliky Novgorod,375.0,325.0,-0.014046278251899968,-0.01798536034716811,-0.0502041072918907,-0.0077579213473271125,-0.02018027839056369,-0.010607146004063317,0.009573132386500371,-204.08163265306123,-743.1318681318681,-112.35955056179775,1599.0,326.0,373.0,10000.0
5474,Veliky Novgorod,425.0,375.0,-0.0007741472435913721,-0.0012036029783087509,-0.004250821342097393,-0.0004413516635100896,-0.0011146924767146682,-0.0006021663308348746,0.0005125261458797936,-15.873015873015873,-87.31060606060605,-9.04791154791155,1551.0,376.0,423.525,20000.0
5474,Veliky Novgorod,500.0,425.0,-0.004044921540484747,-0.005781274105422726,-0.023497852606283898,-0.002343794697676649,-0.005668209658895446,-0.003237248266110271,0.0024309613927851748,-102.27272727272727,-600.0,-59.21052631578947,1488.0,426.475,497.0,21000.0
5474,Veliky Novgorod,600.0,500.0,-0.003854231244418138,-0.005976097972027235,-0.021151364800742267,-0.002030175783180697,-0.005313280113623309,-0.0029238355538996896,0.002389444559723619,-134.23423423423424,-743.1318681318681,-70.64185814185818,1402.0,502.0,596.0,30000.0
5474,Veliky Novgorod,700.0,600.0,,,0.1798350176539889,399999.0,0.349834316527863,5.313850355589191,4.964016039061328,,512.8192307692308,39999.9,1318.0,600.0,694.0,40000.0
5492,Nürnberg,325.0,275.0,0.0,0.0,0.0,0.0,0.0,0.0,0.0,0.0,0.0,0.0,1641.0,277.0,324.0,40000.0
5492,Nürnberg,375.0,325.0,0.000486999468529703,0.0006571112589027557,0.0002845102179895864,0.0024253970337266787,0.00037239002560807144,0.0006664801040809909,0.00029409007847291946,19.23076923076923,11.235955056179776,95.68181818181797,1604.0,326.0,372.525,40000.0
5492,Nürnberg,425.0,375.0,0.00041572077652141104,0.0005811798653443803,0.00023294358093760571,0.0023641981742987817,0.0003130066438690182,0.0006042635728658041,0.0002912569289967859,16.001024065540193,8.96677927927928,90.9090909090909,1550.0,376.0,424.0,39000.0
5492,Nürnberg,500.0,425.0,0.020838565146221733,0.028066337993824558,0.012421251927033939,0.08752145574249903,0.016580084919705917,0.028361821007570676,0.011781736087864758,357.5530586766542,214.01342281879195,1454.5454545454545,1487.0,427.0,498.0,38000.0
5492,Nürnberg,600.0,500.0,-0.0118628476311331,-0.01767869607829305,-0.05872625749187643,-0.005927343297512889,-0.017866088711869343,-0.008608628254358708,0.009257460457510636,-112.67605633802818,-571.4285714285714,-56.131192750911076,1400.0,502.0,597.0,6000.0
5492,Nürnberg,700.0,600.0,,,0.16288763477905563,139999.0,0.3897862191690189,4.877363659383625,4.487577440214606,,178.29311140863356,13999.9,1321.0,600.0,694.0,14000.0
5622,Oldenburg (Holstein),325.0,275.0,0.0,0.0,0.0,0.0,0.0,0.0,0.0,0.0,0.0,0.0,1641.0,277.0,324.0,2000.0
5622,Oldenburg (Holstein),375.0,325.0,0.0,0.0,0.0,0.0,0.0,0.0,0.0,0.0,0.0,0.0,1600.0,325.0,374.0,2000.0
5622,Oldenburg (Holstein),425.0,375.0,0.010889286051700475,0.016006891684102707,0.006179073341625718,0.050756638653219444,0.008386139151709715,0.016250325193551962,0.007864186041842247,15.625,8.887089127686473,71.42857142857143,1551.0,376.0,423.0,2000.0
5622,Oldenburg (Holstein),500.0,425.0,0.0,0.0,0.0,0.0,0.0,0.0,0.0,0.0,0.0,0.0,1488.0,426.475,498.0,1000.0
5622,Oldenburg (Holstein),600.0,500.0,0.0,0.0,0.0,0.0,0.0,0.0,0.0,0.0,0.0,0.0,1397.0,504.0,597.0,1000.0
5622,Oldenburg (Holstein),700.0,600.0,,,0.1244531718082076,9999.0,0.31113393742156426,3.6415888336127784,3.330454896191214,,12.734039678675755,999.9,1322.0,600.0,692.0,1000.0
5623,Oldenburg (Oldenburg),325.0,275.0,0.0022084777773859754,0.009463753760594494,0.0,0.05198950550864412,0.0,0.010727263318404345,0.010727263318404345,5.434782608695652,0.0,125.0,1640.0,277.0,324.0,3000.0
5623,Oldenburg (Oldenburg),375.0,325.0,0.0,0.0,0.0,0.0,0.0,0.0,0.0,0.0,0.0,0.0,1600.0,325.0,374.0,2000.0
5623,Oldenburg (Oldenburg),425.0,375.0,0.0,0.0,0.0,0.0,0.0,0.0,0.0,0.0,0.0,0.0,1551.0,376.0,423.0,2000.0
5623,Oldenburg (Oldenburg),500.0,425.0,0.0,0.0,0.0,0.0,0.0,0.0,0.0,0.0,0.0,0.0,1483.0,427.475,498.0,2000.0
5623,Oldenburg (Oldenburg),600.0,500.0,-0.00546427446148412,-0.008464886366393835,-0.038051096439048956,-0.0027069600447371216,-0.008775725417672242,-0.003967257676113167,0.004808467741559075,-13.513513513513514,-95.68181818181817,-6.68523988542786,1399.0,501.475,596.0,2000.0
5623,Oldenburg (Oldenburg),700.0,600.0,,,0.14325848126618124,29999.0,0.285873005998726,3.3610267508422353,3.0751537448435093,,38.95974025974026,2999.9,1318.0,600.0,693.0,3000.0
5639,Olkusz,325.0,275.0,-0.002709787983546541,-0.010993061885206774,-0.05517769163081476,0.0,-0.013352828924830251,0.0,0.013352828924830251,-10.638297872340425,-222.22222222222223,0.0,1642.0,278.0,324.0,3000.0
5639,Olkusz,375.0,325.0,0.010268879222139482,0.014684109472979033,0.005821717345327659,0.03716138563040583,0.008013588659536275,0.015137714958284532,0.007124126298748257,40.0,22.727272727272727,142.85714285714286,1602.0,325.475,373.0,5000.0
5639,Olkusz,425.0,375.0,0.006561190729592159,0.009061250207705988,0.00365951855834723,0.02938526445012246,0.0050182917336516475,0.009257705998790833,0.004239414265139185,16.129032258064516,9.00900900900901,71.42857142857143,1551.0,376.0,423.0,3000.0
5639,Olkusz,500.0,425.0,0.00781857725471724,0.010591039688755738,0.004525137031312121,0.03355778300702772,0.006250081470537627,0.011288858855190653,0.005038777384653026,11.235955056179776,6.513666072489602,47.61904761904762,1489.0,427.0,497.0,2000.0
5639,Olkusz,600.0,500.0,0.0,0.0,0.0,0.0,0.0,0.0,0.0,0.0,0.0,0.0,1399.0,501.0,598.0,1000.0
5639,Olkusz,700.0,600.0,,,0.12883789168468907,9999.0,0.2826498305280605,2.72759372031494,2.444943889786879,,13.156578947368422,999.9,1318.0,600.0,696.0,1000.0
5675,Opole,325.0,275.0,0.0,0.0,0.0,0.0,0.0,0.0,0.0,0.0,0.0,0.0,1642.0,277.0,324.0,2000.0
5675,Opole,375.0,325.0,-0.007918776218757695,-0.01089100685586744,-0.036189388115712484,-0.004596959535107525,-0.010898690627577867,-0.006195026600855635,0.004703664026722232,-19.607843137254903,-90.9090909090909,-11.363636363636363,1602.0,326.0,373.0,2000.0
5675,Opole,425.0,375.0,-0.0045559720311388885,-0.006622089627973681,-0.022832430155091114,-0.002565293928116219,-0.006372543611403825,-0.0034600492515064474,0.0029124943598973774,-15.873015873015873,-80.28846153846152,-8.928571428571429,1550.0,375.475,423.0,3000.0
5675,Opole,500.0,425.0,0.01597006544417101,0.022477049585105244,0.00910192028880763,0.08496391364363709,0.012567453366576498,0.023373891996774976,0.010806438630198478,34.28683385579937,19.607843137254903,176.47058823529412,1487.0,426.0,498.0,4000.0
5675,Opole,600.0,500.0,-0.00932312146765335,-0.013400988752546387,-0.038919166876514616,-0.004885787700658738,-0.013499178904123443,-0.006839347841746557,0.006659831062376886,-13.513513513513514,-57.27124183006536,-7.065977424832685,1401.5,504.0,596.0,1000.0
5675,Opole,700.0,600.0,,,0.14529725314659014,19999.0,0.2809310403725769,2.4484882412482154,2.1675572008756383,,27.395890410958906,1999.9,1317.0,600.0,695.0,2000.0
5704,Osnabrück,325.0,275.0,0.0016007908107272817,0.006825666433737201,0.0,0.04195362743720854,0.0,0.0082533605159536,0.0082533605159536,5.555555555555555,0.0,142.85714285714286,1640.0,277.0,324.0,4000.0
5704,Osnabrück,375.0,325.0,-0.0055170722947754935,-0.007452432511731915,-0.01970112175141666,-0.0032815667484444432,-0.0077450425363290165,-0.004284557257593025,0.003460485278735992,-19.23076923076923,-69.16666666666666,-11.425679205851623,1602.0,325.0,373.0,3000.0
5704,Osnabrück,425.0,375.0,-0.006466854911477082,-0.009376711227156902,-0.036189388115712484,-0.0036792613075058433,-0.009607481546070051,-0.004978048559120568,0.004629432986949483,-32.002048131080386,-181.8181818181818,-18.181818181818183,1550.0,376.0,423.0,4000.0
5704,Osnabrück,500.0,425.0,0.0020278483846261075,0.00274672831173501,0.0011805925666939665,0.00941201520525306,0.0015430412155269524,0.0028981846051745475,0.001355143389647595,11.11111111111111,6.471512358609132,51.38157894736836,1487.0,426.475,497.0,6000.0
5704,Osnabrück,600.0,500.0,-0.008187491310234996,-0.013211728313398707,-0.050023030572705116,-0.003895782072413487,-0.01297698914743095,-0.006041333650136815,0.006935655497294135,-55.946791862284826,-349.2424242424242,-26.56332803391629,1399.0,503.0,596.525,5000.0
5704,Osnabrück,700.0,600.0,,,0.15748648708269264,89999.0,0.37283343412196923,4.1020995710752315,3.729266136953262,,115.38333333333333,8999.9,1319.5,600.0,695.0,9000.0
5801,Paderborn,325.0,275.0,-0.0011730615143566991,-0.004484484981086498,-0.024488888020923416,0.0,-0.006012757378045408,0.0,0.006012757378045408,-5.2631578947368425,-111.11111111111111,0.0,1641.0,277.0,324.0,4000.0
5801,Paderborn,375.0,325.0,0.004472844466388848,0.0061775514756989055,0.0024957146205644375,0.019674190321159513,0.0035482412888032666,0.005889473875522411,0.002341232586719144,20.0,11.170411985018728,87.31060606060589,1601.5,326.0,373.0,5000.0
5801,Paderborn,425.0,375.0,0.0,0.0,0.0,0.0,0.0,0.0,0.0,0.0,0.0,0.0,1551.0,375.0,423.0,4000.0
5801,Paderborn,500.0,425.0,0.0,0.0,0.0,0.0,0.0,0.0,0.0,0.0,0.0,0.0,1488.0,427.0,497.525,4000.0
5801,Paderborn,600.0,500.0,-0.007385049049680459,-0.01392402530113128,-0.05213370780728879,-0.0036150104786168958,-0.011186376457826108,-0.005525428729103221,0.005660947728722887,-39.73684210526316,-287.0454545454545,-19.4145370758274,1401.0,501.475,598.0,4000.0
5801,Paderborn,700.0,600.0,,,0.15368635666972183,69999.0,0.34122790317461327,3.2553561320997018,2.9141282289250885,,89.69952408351142,6999.9,1318.0,600.0,695.0,7000.0
5937,Plzeň,325.0,275.0,-0.0006121860595860174,-0.002024897346571931,-0.010480741793785553,0.0,-0.002768804918348078,0.0,0.002768804918348078,-5.813953488372093,-100.0,0.0,1643.0,277.0,324.0,9000.0
5937,Plzeň,375.0,325.0,-0.0018857349144390523,-0.002542039601575425,-0.007911056553009055,-0.0010824839161832633,-0.002572635891209041,-0.0014881132192723356,0.0010845226719367052,-19.80392156862745,-83.33333333333333,-11.363636363636363,1601.5,326.0,373.0,10000.0
5937,Plzeň,425.0,375.0,-0.0014253991684378686,-0.0019449245438625687,-0.005783966550888753,-0.0007835791206008969,-0.0020695549639913047,-0.0010870509439615539,0.0009825040200297508,-16.39344262295082,-66.66666666666667,-9.00900900900901,1550.0,376.0,423.0,11000.0
5937,Plzeň,500.0,425.0,0.00781857725471724,0.011093218464915821,0.0044668142808822085,0.03736193249137205,0.0060987605963314095,0.010889286051700475,0.004790525455369066,67.41573033707866,38.57940446650124,317.4999999999992,1490.0,426.0,497.0,12000.0
5937,Plzeň,600.0,500.0,-0.005391614233396402,-0.009946120016710868,-0.044051921577024866,-0.002699450633559697,-0.00902059498754268,-0.0040872315918704105,0.004933363395672269,-40.0,-333.3333333333333,-20.0,1400.0,503.0,597.0,6000.0
5937,Plzeň,700.0,600.0,,,0.16076190792063894,89999.0,0.38531898489291927,4.1020995710752315,3.7167805861823124,,117.61232954545454,8999.9,1320.0,600.0,694.0,9000.0
5949,Pirna,325.0,275.0,0.0,0.0,0.0,0.0,0.0,0.0,0.0,0.0,0.0,0.0,1642.5,277.975,324.0,2000.0
5949,Pirna,375.0,325.0,0.013959479790029095,0.019834815918703595,0.007951121955080593,0.06504108943996267,0.010889286051700475,0.019580885131908365,0.00869159908020789,20.0,11.425679205851619,90.9090909090909,1600.0,326.0,373.0,2000.0
5949,Pirna,425.0,375.0,0.0,0.0,0.0,0.0,0.0,0.0,0.0,0.0,0.0,0.0,1551.0,376.0,423.0,1000.0
5949,Pirna,500.0,425.0,0.0,0.0,0.0,0.0,0.0,0.0,0.0,0.0,0.0,0.0,1488.0,426.475,498.0,1000.0
5949,Pirna,600.0,500.0,0.0,0.0,0.0,0.0,0.0,0.0,0.0,0.0,0.0,0.0,1400.0,503.0,597.525,1000.0
5949,Pirna,700.0,600.0,,,0.13345930747668575,9999.0,0.2742749857031337,2.72759372031494,2.4533187346118064,,13.600083765272121,999.9,1319.0,600.0,695.0,1000.0
5972,Plauen,325.0,275.0,0.0,0.0,0.0,0.0,0.0,0.0,0.0,0.0,0.0,0.0,1642.0,277.0,324.0,2000.0
5972,Plauen,375.0,325.0,0.014102933378678184,0.018702249164532288,0.007907775099265324,0.05723201086741209,0.010720863771376044,0.02059590957958668,0.009875045808210636,20.20408163265306,11.363636363636363,80.28846153846139,1599.0,326.0,373.0,2000.0
5972,Plauen,425.0,375.0,0.0,0.0,0.0,0.0,0.0,0.0,0.0,0.0,0.0,0.0,1550.0,376.0,423.0,1000.0
5972,Plauen,500.0,425.0,0.0,0.0,0.0,0.0,0.0,0.0,0.0,0.0,0.0,0.0,1489.0,427.0,497.525,1000.0
5972,Plauen,600.0,500.0,0.0,0.0,0.0,0.0,0.0,0.0,0.0,0.0,0.0,0.0,1404.0,502.0,596.525,1000.0
5972,Plauen,700.0,600.0,,,0.130663397949639,9999.0,0.26638017346740317,2.72759372031494,2.461213546847537,,13.331999999999999,999.9,1317.0,600.0,695.0,1000.0
5978,Pskov,325.0,275.0,0.0,0.0,0.0,0.0,0.0,0.0,0.0,0.0,0.0,0.0,1640.0,277.0,324.0,3000.0
5978,Pskov,375.0,325.0,-0.019817914975366557,-0.024749833017413986,-0.07572380736618937,-0.010776737717086779,-0.02548103224229048,-0.014976402077767625,0.010504630164522855,-102.04081632653062,-401.4423076923077,-55.23504273504275,1602.0,325.475,373.0,3000.0
5978,Pskov,425.0,375.0,-0.013997886123051861,-0.019864212843278304,-0.06805725860180156,-0.008220893565587861,-0.020609450818532382,-0.011112076879160049,0.009497373939372333,-184.6153846153846,-923.0769230769231,-108.10810810810811,1551.0,375.0,423.0,8000.0
5978,Pskov,500.0,425.0,0.010466792301105698,0.015413419060842528,0.005947402968418602,0.05222297013984201,0.007862291475660976,0.01488863044297628,0.007026338967315304,136.36363636363637,77.65814830330959,666.6666666666666,1487.5,426.0,498.0,20000.0
5978,Pskov,600.0,500.0,0.0017940558919303795,0.0032113012547304665,0.0009405194612913337,0.015936570566853256,0.0013497119881562547,0.0030394140586160745,0.0016897020704598198,13.423423423423424,7.0401229975698065,118.40277777777746,1400.0,501.0,597.525,8000.0
5978,Pskov,700.0,600.0,,,0.15376309052039194,69999.0,0.33116926904716637,3.033083884198029,2.7019146151508626,,89.74230769230769,6999.9,1318.0,600.0,694.0,7000.0
5982,Płock,325.0,275.0,-0.005121292623040674,-0.020684534546414217,-0.12269333787625847,0.0,-0.025131335690441015,0.0,0.025131335690441015,-16.853932584269664,-428.57142857142856,0.0,1641.0,277.0,324.0,2000.0
5982,Płock,375.0,325.0,0.004384949630707791,0.005492697407525025,0.00244110857595784,0.01731305178338105,0.003386684800456674,0.005889473875522411,0.0025027890750657367,19.607843137254903,10.926301958910654,76.92307692307692,1603.0,326.0,373.0,5000.0
5982,Płock,425.0,375.0,0.0,0.0,0.0,0.0,0.0,0.0,0.0,0.0,0.0,0.0,1549.0,376.0,423.0,4000.0
5982,Płock,500.0,425.0,0.003312163619931585,0.00416932679157658,0.001857736829562029,0.012586467339374297,0.002526713725541585,0.004576823912877392,0.0020501101873358074,11.494252873563218,6.451612903225806,43.47826086956522,1488.0,426.475,497.0,4000.0
5982,Płock,600.0,500.0,-0.003828413831881594,-0.006420839644046429,-0.023688424222606752,-0.0018542920429410747,-0.005975452055631436,-0.002837323227251387,0.003138128828380049,-13.333333333333334,-83.33333333333333,-6.451612903225806,1400.0,502.0,597.0,3000.0
5982,Płock,700.0,600.0,,,0.14060777208874786,39999.0,0.3192666837609942,3.5439876423907704,3.224720958629776,,49.65914749922816,3999.9,1318.5,600.0,695.0,4000.0
6074,Poznań,325.0,275.0,0.0,0.0,0.0,0.0,0.0,0.0,0.0,0.0,0.0,0.0,1642.0,277.0,324.0,20000.0
6074,Poznań,375.0,325.0,0.008652879925422186,0.011532950114124463,0.004693402674053937,0.03832957646518577,0.00664943948548169,0.012384139489322266,0.005734700003840576,140.0,76.08695652173913,611.1742424242412,1600.0,326.0,373.0,20000.0
6074,Poznań,425.0,375.0,0.005997575006265854,0.008425165367816274,0.003302749144657452,0.03147508218514768,0.004550132659154604,0.00863975526464561,0.004089622605491006,65.04494976203067,35.86711711711712,337.06293706293576,1550.0,376.0,423.0,13000.0
6074,Poznań,500.0,425.0,0.00905105100497905,0.012829652867796611,0.005457321897208711,0.040425591628200044,0.007015270253283301,0.012955107800172172,0.005939837546888871,55.55555555555556,33.557046979865774,244.34523809523782,1490.0,427.0,496.0,9000.0
6074,Poznań,600.0,500.0,-0.005694500684926274,-0.008345827855637226,-0.03202917088782342,-0.0026205328156289846,-0.008775725417672242,-0.0041288518186768375,0.004646873598995405,-28.169014084507044,-160.57692307692304,-12.943024717218266,1397.0,502.0,597.0,4000.0
6074,Poznań,700.0,600.0,,,0.14743182338458172,59999.0,0.3462918693946955,5.256890314820025,4.910598445425329,,74.99875,5999.9,1321.0,600.0,694.0,6000.0
6092,Praha,325.0,275.0,-0.0005601143122377916,-0.0023678352670572942,-0.014938794558884472,0.0,-0.0028632488509401643,0.0,0.0028632488509401643,-31.914893617021278,-857.1428571428571,0.0,1643.0,277.0,324.0,54000.0
6092,Praha,375.0,325.0,0.007018138866985435,0.008585128369351595,0.003947964150142996,0.02254251138393193,0.00550238967339256,0.009187459353300564,0.003685069679908004,352.94117647058823,198.84615384615384,1125.0,1603.0,325.0,371.525,60000.0
6092,Praha,425.0,375.0,0.00571921186590818,0.008101359120849586,0.0029683144729415857,0.024324869001833394,0.004214760180796917,0.008240406694346225,0.004025646513549308,203.38983050847457,105.70563577084303,857.1428571428571,1550.0,375.475,423.0,42000.0
6092,Praha,500.0,425.0,-0.003245470517276361,-0.004309076213930878,-0.015027110666373855,-0.00185377145612177,-0.004416098272852609,-0.0024558007074552135,0.0019602975653973953,-112.9979570990807,-526.3157894736842,-64.49800199800201,1491.5,426.0,497.0,30000.0
6092,Praha,600.0,500.0,0.018910284405250666,0.04115561820666939,0.009673533228510944,0.11774502650825186,0.013959479790029095,0.029302236643492074,0.01534275685346298,405.4054054054054,208.33333333333334,2408.6538461538416,1399.0,502.0,598.0,40000.0
6092,Praha,700.0,600.0,,,0.15168403214653864,99999.0,0.39962666598621466,4.179474679231211,3.779848013244996,,122.66513888888888,9999.9,1321.0,600.0,694.0,10000.0
6104,Prenzlau,325.0,275.0,0.0037405198422428843,0.016507389444310978,0.0,0.09050773266525769,0.0,0.01793188433739057,0.01793188433739057,5.376344086021505,0.0,125.0,1642.0,277.0,324.0,2000.0
6104,Prenzlau,375.0,325.0,0.0,0.0,0.0,0.0,0.0,0.0,0.0,0.0,0.0,0.0,1600.0,326.0,374.0,1000.0
6104,Prenzlau,425.0,375.0,0.0,0.0,0.0,0.0,0.0,0.0,0.0,0.0,0.0,0.0,1550.0,376.0,423.0,1000.0
6104,Prenzlau,500.0,425.0,0.0,0.0,0.0,0.0,0.0,0.0,0.0,0.0,0.0,0.0,1489.0,426.0,497.0,1000.0
6104,Prenzlau,600.0,500.0,-0.018685237846199743,-0.029338679857875385,-0.10910128185966073,-0.009546328803222478,-0.02906487424018589,-0.013905387740632214,0.015159486499553676,-40.818215475749724,-250.0,-20.757902298850578,1402.0,502.0,597.525,1000.0
6104,Prenzlau,700.0,600.0,,,0.14254097673097893,39999.0,0.35075690673258686,4.848035476425731,4.497278569693144,,50.29937539556962,3999.9,1321.0,600.0,694.025,4000.0
6148,Przemyśl,325.0,275.0,-0.006134042081497981,-0.021637696663239486,-0.11491184792853981,0.0,-0.029255740656527363,0.0,0.029255740656527363,-22.471910112359552,-444.44444444444446,0.0,1641.0,276.975,324.0,2000.0
6148,Przemyśl,375.0,325.0,0.013959479790029095,0.01958982180056245,0.007772793034995201,0.06504108943996267,0.010720863771376044,0.020001609421198996,0.009280745649822952,60.0,33.51123595505618,272.72727272727275,1601.0,326.0,373.0,6000.0
6148,Przemyśl,425.0,375.0,0.006306462235320054,0.009365636699035252,0.003761362793079037,0.036036713279467766,0.004956941626377054,0.00905105100497905,0.0040941093786019955,15.504807692307693,9.25925925925926,87.31060606060589,1551.0,376.0,423.0,3000.0
6148,Przemyśl,500.0,425.0,0.007774973235934346,0.011315599811228915,0.004481931237688697,0.0458594611338505,0.006152897631075405,0.011668965006472187,0.005516067375396783,11.173533083645443,6.451612903225806,64.68749999999991,1487.0,427.0,497.525,2000.0
6148,Przemyśl,600.0,500.0,-0.009386675783810638,-0.01353573477133427,-0.0502041072918907,-0.00490387400607839,-0.014046278251899968,-0.006977033367622565,0.007069244884277404,-13.606071825249908,-74.3131868131868,-7.092198581560283,1400.0,501.0,596.0,1000.0
6148,Przemyśl,700.0,600.0,,,0.1344232113545149,19999.0,0.2493728586398689,2.4484882412482154,2.1991153826083467,,25.46935288867251,1999.9,1318.0,600.0,695.0,2000.0
6195,Quedlinburg,325.0,275.0,0.0008206231109746387,0.003108921710916356,0.0,0.015534493002352434,0.0,0.004064835963681235,0.004064835963681235,5.319148936170213,0.0,100.0,1641.5,277.0,324.0,7000.0
6195,Quedlinburg,375.0,325.0,0.0036530874540363634,0.005389942683855585,0.0021094467224402557,0.01839937614702425,0.0028418480968769866,0.005376802123371549,0.0025349540264945625,20.0,11.557738572574177,100.0,1599.0,326.0,373.0,6000.0
6195,Quedlinburg,425.0,375.0,0.0,0.0,0.0,0.0,0.0,0.0,0.0,0.0,0.0,0.0,1552.0,375.475,423.0,5000.0
6195,Quedlinburg,500.0,425.0,0.010233010925684516,0.01350655147389682,0.00574324663917869,0.03982309343264585,0.007999572452234816,0.014196608634044816,0.006197036181810001,33.333333333333336,18.75,127.85326086956509,1488.0,427.0,497.0,5000.0
6195,Quedlinburg,600.0,500.0,-0.005538919852493551,-0.009412837328060532,-0.044051921577024866,-0.002681597468240815,-0.009385103533257277,-0.0040872315918704105,0.005297871941386867,-13.698630136986301,-111.11111111111111,-6.622516556291391,1397.0,502.0,597.0,2000.0
6195,Quedlinburg,700.0,600.0,,,0.14734743761242552,29999.0,0.3315714633325024,3.3610267508422353,3.029455287509733,,39.998666666666665,2999.9,1319.0,600.0,693.0,3000.0
6221,Radevormwald,325.0,275.0,0.0,0.0,0.0,0.0,0.0,0.0,0.0,0.0,0.0,0.0,1642.0,277.0,324.0,1000.0
6221,Radevormwald,375.0,325.0,0.0,0.0,0.0,0.0,0.0,0.0,0.0,0.0,0.0,0.0,1600.0,326.0,373.0,1000.0
6221,Radevormwald,425.0,375.0,0.0,0.0,0.0,0.0,0.0,0.0,0.0,0.0,0.0,0.0,1551.0,376.0,423.0,1000.0
6221,Radevormwald,500.0,425.0,0.0,0.0,0.0,0.0,0.0,0.0,0.0,0.0,0.0,0.0,1486.0,427.0,498.0,1000.0
6221,Radevormwald,600.0,500.0,0.0,0.0,0.0,0.0,0.0,0.0,0.0,0.0,0.0,0.0,1404.0,502.475,597.0,1000.0
6221,Radevormwald,700.0,600.0,,,0.1244531718082076,9999.0,0.2742749857031337,2.72759372031494,2.4533187346118064,,12.734039678675755,999.9,1319.0,600.0,696.0,1000.0
6226,Radom,325.0,275.0,-0.004013728712780662,-0.015350323968785428,-0.08299595679532878,0.0,-0.018559322341406004,0.0,0.018559322341406004,-5.813953488372093,-125.0,0.0,1641.0,277.0,324.0,1000.0
6226,Radom,375.0,325.0,0.0,0.0,0.0,0.0,0.0,0.0,0.0,0.0,0.0,0.0,1600.5,325.0,373.0,2000.0
6226,Radom,425.0,375.0,0.011242520665180722,0.015353873706469014,0.006234653207721019,0.044273782427413755,0.008701983790398993,0.016742765654858327,0.008040781864459334,16.129032258064516,8.96677927927928,62.5,1550.0,376.0,423.0,2000.0
6226,Radom,500.0,425.0,0.0,0.0,0.0,0.0,0.0,0.0,0.0,0.0,0.0,0.0,1489.0,427.0,497.525,1000.0
6226,Radom,600.0,500.0,0.0,0.0,0.0,0.0,0.0,0.0,0.0,0.0,0.0,0.0,1401.5,502.0,596.525,1000.0
6226,Radom,700.0,600.0,,,0.12706263472941015,9999.0,0.2742749857031337,3.6415888336127784,3.367313847909645,,12.985714285714286,999.9,1320.0,600.0,695.0,1000.0
6297,Recklinghausen,325.0,275.0,0.00390928862735862,0.01465984406109651,0.0,0.07177346253629313,0.0,0.01793188433739057,0.01793188433739057,5.617977528089888,0.0,100.0,1642.0,276.975,324.0,2000.0
6297,Recklinghausen,375.0,325.0,0.0,0.0,0.0,0.0,0.0,0.0,0.0,0.0,0.0,0.0,1600.0,326.0,373.0,1000.0
6297,Recklinghausen,425.0,375.0,0.0,0.0,0.0,0.0,0.0,0.0,0.0,0.0,0.0,0.0,1553.0,376.0,423.0,1000.0
6297,Recklinghausen,500.0,425.0,0.0,0.0,0.0,0.0,0.0,0.0,0.0,0.0,0.0,0.0,1488.0,428.0,497.0,1000.0
6297,Recklinghausen,600.0,500.0,0.0,0.0,0.0,0.0,0.0,0.0,0.0,0.0,0.0,0.0,1397.0,502.0,598.0,1000.0
6297,Recklinghausen,700.0,600.0,,,0.1385130897615372,9999.0,0.2826498305280605,2.3036066752050197,2.0209568446769595,,14.083098591549296,999.9,1321.0,600.0,693.025,1000.0
6313,nan,325.0,275.0,0.0,0.0,0.0,0.0,0.0,0.0,0.0,0.0,0.0,0.0,1642.0,277.0,324.0,20000.0
6313,nan,375.0,325.0,-0.0010159453312709177,-0.001344952858808613,-0.0039096125095771424,-0.0005573054067568502,-0.0013543643576862108,-0.0007741472435913721,0.0005802171140948387,-20.833333333333332,-80.28846153846152,-11.425679205851623,1600.0,326.0,373.0,20000.0
6313,nan,425.0,375.0,-0.0007623324839601819,-0.001034265684527433,-0.003317343675879436,-0.00041159682506752837,-0.001107006235901098,-0.0005654485462021352,0.0005415576896989627,-16.39344262295082,-71.42857142857143,-8.849557522123893,1550.0,375.475,422.0,21000.0
6313,nan,500.0,425.0,0.011178511342993636,0.016620687669489934,0.006698540380773199,0.05067907837880178,0.008537082808398155,0.016792156633292088,0.008255073824893933,153.84615384615384,92.39499825723249,684.166666666666,1489.0,426.0,498.0,22000.0
6313,nan,600.0,500.0,-0.005775615321137795,-0.009825995146344394,-0.039735499207781966,-0.0025870915936637737,-0.009172787033247531,-0.004118446761975231,0.005054340271272301,-57.142857142857146,-400.0,-25.555283357831133,1398.5,502.0,597.0,8000.0
6313,nan,700.0,600.0,,,0.1522576433552699,119999.0,0.39675252190483556,4.316151155627663,3.9193986337228277,,145.4145977813694,11999.9,1323.0,600.0,695.0,12000.0
6331,Reichenbach,325.0,275.0,0.003623206111851962,0.015769487358571654,0.0,0.08005973889230611,0.0,0.019440643702144822,0.019440643702144822,5.208333333333333,0.0,111.11111111111111,1641.0,276.975,324.0,2000.0
6331,Reichenbach,375.0,325.0,0.0,0.0,0.0,0.0,0.0,0.0,0.0,0.0,0.0,0.0,1602.0,326.0,373.0,1000.0
6331,Reichenbach,425.0,375.0,0.0,0.0,0.0,0.0,0.0,0.0,0.0,0.0,0.0,0.0,1550.0,376.0,423.525,1000.0
6331,Reichenbach,500.0,425.0,0.0,0.0,0.0,0.0,0.0,0.0,0.0,0.0,0.0,0.0,1487.0,427.0,498.0,1000.0
6331,Reichenbach,600.0,500.0,0.0,0.0,0.0,0.0,0.0,0.0,0.0,0.0,0.0,0.0,1402.0,503.0,597.0,1000.0
6331,Reichenbach,700.0,600.0,,,0.12365480013875096,9999.0,0.2915496650148839,2.9560924986393995,2.6645428336245156,,12.656962025316455,999.9,1320.0,600.0,694.0,1000.0
6334,Liberec,325.0,275.0,0.0015490724896881636,0.006394041826675764,0.0,0.029268384540044566,0.0,0.007805496438260562,0.007805496438260562,5.376344086021505,0.0,100.27777777777753,1642.0,277.0,324.0,4000.0
6334,Liberec,375.0,325.0,0.008142271612429308,0.012256482111220064,0.004489223327311442,0.036036713279467766,0.006257421110539063,0.011326585144617374,0.005069164034078311,20.0,11.047008547008547,87.31060606060589,1602.0,325.0,372.0,3000.0
6334,Liberec,425.0,375.0,0.0,0.0,0.0,0.0,0.0,0.0,0.0,0.0,0.0,0.0,1553.0,375.0,423.525,2000.0
6334,Liberec,500.0,425.0,0.011242520665180722,0.017740924216342015,0.005472773022213051,0.07177346253629313,0.008285891695374081,0.017479692102686295,0.009193800407312214,16.129032258064516,7.874015748031496,100.0,1489.0,427.0,497.525,2000.0
6334,Liberec,600.0,500.0,,,0.13345930747668575,9999.0,0.2915496650148839,3.6415888336127784,3.3500391685978945,,13.600083765272121,999.9,1420.0,500.0,594.0,1000.0
6364,Rendsburg,325.0,275.0,0.0,0.0,0.0,0.0,0.0,0.0,0.0,0.0,0.0,0.0,1641.0,277.0,324.0,2000.0
6364,Rendsburg,375.0,325.0,0.013959479790029095,0.01731914068835171,0.007995480939929429,0.041616010650583846,0.010720863771376044,0.019440643702144822,0.008719779930768778,20.0,11.489164904862578,58.8235294117647,1600.0,326.0,373.525,2000.0
6364,Rendsburg,425.0,375.0,0.0,0.0,0.0,0.0,0.0,0.0,0.0,0.0,0.0,0.0,1550.0,377.0,423.0,1000.0
6364,Rendsburg,500.0,425.0,0.0,0.0,0.0,0.0,0.0,0.0,0.0,0.0,0.0,0.0,1488.0,427.0,498.0,1000.0
6364,Rendsburg,600.0,500.0,0.0,0.0,0.0,0.0,0.0,0.0,0.0,0.0,0.0,0.0,1396.0,502.475,597.525,1000.0
6364,Rendsburg,700.0,600.0,,,0.13155540862114612,9999.0,0.2589254117941673,2.72759372031494,2.4686683085207726,,13.417577027027026,999.9,1318.0,601.0,694.025,1000.0
6387,Tallinn,325.0,275.0,0.0012551883227730487,0.004703327395565768,0.0,0.025103648456901162,0.0,0.006049129325025104,0.006049129325025104,11.235955056179776,0.0,222.22222222222223,1642.0,277.0,324.0,10000.0
6387,Tallinn,375.0,325.0,0.00565676435947271,0.008492911294361189,0.003183081747005362,0.026497904095038605,0.004368332749805415,0.008497134868602707,0.004128802118797292,39.21568627450981,22.094017094017094,181.8181818181818,1601.0,326.0,374.0,8000.0
6387,Tallinn,425.0,375.0,0.0028981846051745475,0.003958817661605174,0.001658843058584436,0.011541887701974984,0.002225907280969386,0.004152268623195621,0.001926361342226235,15.873015873015873,9.090909090909092,62.94117647058806,1550.0,376.0,424.0,6000.0
6387,Tallinn,500.0,425.0,0.006099785811310987,0.00791298029763348,0.0033443093327070184,0.02408546252336297,0.004612638261668245,0.008273157946163456,0.0036605196844952115,23.80952380952381,13.071895424836601,93.18181818181809,1487.0,426.0,497.0,5000.0
6387,Tallinn,600.0,500.0,0.0053144966202007815,0.010273235063785474,0.0026528586450342397,0.04137974399241062,0.004145969914096881,0.008664236282960536,0.004518266368863655,13.072453861927546,6.534090909090909,100.0,1401.0,502.0,597.0,3000.0
6387,Tallinn,700.0,600.0,,,0.14851422023155442,19999.0,0.2809310403725769,3.1155971378360787,2.8346660974635016,,27.962216842723006,1999.9,1320.0,600.0,693.0,2000.0
6398,Rheine,325.0,275.0,0.0,0.0,0.0,0.0,0.0,0.0,0.0,0.0,0.0,0.0,1641.0,277.0,324.0,2000.0
6398,Rheine,375.0,325.0,0.014545334937523746,0.019630937737627804,0.007907775099265324,0.06239154177664555,0.010720863771376044,0.02059590957958668,0.009875045808210636,20.833333333333332,11.363636363636363,87.31060606060589,1600.0,326.0,373.0,2000.0
6398,Rheine,425.0,375.0,0.0,0.0,0.0,0.0,0.0,0.0,0.0,0.0,0.0,0.0,1552.0,375.475,423.0,1000.0
6398,Rheine,500.0,425.0,0.0,0.0,0.0,0.0,0.0,0.0,0.0,0.0,0.0,0.0,1489.0,426.0,497.525,1000.0
6398,Rheine,600.0,500.0,-0.00971513651191136,-0.015365738842164205,-0.05192248566082858,-0.004751809981487233,-0.014639596005697975,-0.007047976109570531,0.007591619896127444,-14.084507042253522,-76.92307692307692,-6.871752479924422,1398.0,503.0,596.525,1000.0
6398,Rheine,700.0,600.0,,,0.14116138283714363,19999.0,0.2809310403725769,4.210007309586913,3.9290762692143355,,26.665333333333333,1999.9,1320.0,600.0,694.0,2000.0
6401,Rheydt,325.0,275.0,0.0,0.0,0.0,0.0,0.0,0.0,0.0,0.0,0.0,0.0,1642.0,277.0,324.0,1000.0
6401,Rheydt,375.0,325.0,0.0,0.0,0.0,0.0,0.0,0.0,0.0,0.0,0.0,0.0,1601.0,326.0,373.0,1000.0
6401,Rheydt,425.0,375.0,0.0,0.0,0.0,0.0,0.0,0.0,0.0,0.0,0.0,0.0,1551.0,376.0,423.0,1000.0
6401,Rheydt,500.0,425.0,0.0,0.0,0.0,0.0,0.0,0.0,0.0,0.0,0.0,0.0,1488.0,426.0,498.0,1000.0
6401,Rheydt,600.0,500.0,0.0,0.0,0.0,0.0,0.0,0.0,0.0,0.0,0.0,0.0,1400.0,501.0,596.0,1000.0
6401,Rheydt,700.0,600.0,,,0.12279571857443747,9999.0,0.2826498305280605,2.9560924986393995,2.6734426681113392,,12.573900712025315,999.9,1317.0,601.0,694.0,1000.0
6425,Rīga,325.0,275.0,0.0010611334647681048,0.003677471364996096,0.0,0.01839937614702425,0.0,0.004809464228950455,0.004809464228950455,11.627906976744185,0.0,200.0,1642.0,276.0,324.0,12000.0
6425,Rīga,375.0,325.0,-0.001867081885015609,-0.002677100199547174,-0.010036152494638307,-0.0010824839161832633,-0.0026440034440222693,-0.0014652359505992196,0.0011787674934230497,-19.607843137254903,-105.83333333333331,-11.363636363636363,1602.0,326.0,373.0,10000.0
6425,Rīga,425.0,375.0,-0.002648139613331435,-0.0035965408711741914,-0.011160918520586111,-0.00145106853223809,-0.003877441946514515,-0.0020859973354472316,0.0017914446110672833,-31.746031746031747,-134.37499999999997,-17.385057471264375,1550.0,376.0,424.0,11000.0
6425,Rīga,500.0,425.0,0.007140767757883415,0.01083526428472105,0.004121047818385121,0.03733018749418142,0.005592509827920811,0.01019985119002409,0.004607341362103279,68.96551724137932,39.860927152317885,355.2083333333324,1488.5,427.0,497.0,13000.0
6425,Rīga,600.0,500.0,0.0,0.0,0.0,0.0,0.0,0.0,0.0,0.0,0.0,0.0,1402.0,501.0,596.0,7000.0
6425,Rīga,700.0,600.0,,,0.15919168068108572,69999.0,0.3632831178105156,3.922172875804719,3.5588897579942036,,92.68727236842105,6999.9,1318.0,600.0,694.0,7000.0
6477,Roermond,325.0,275.0,-0.001252045217699338,-0.005080323548775599,-0.027507527533926934,0.0,-0.0061792613312130484,0.0,0.0061792613312130484,-5.617977528089888,-125.0,0.0,1641.0,277.0,324.0,4000.0
6477,Roermond,375.0,325.0,-0.003568550022906014,-0.004937401353406039,-0.017293240850978362,-0.002069691102176807,-0.005051684793433542,-0.00267760815989615,0.002374076633537392,-19.607843137254903,-95.68181818181817,-11.363636363636363,1602.0,326.0,374.0,5000.0
6477,Roermond,425.0,375.0,-0.002523869996044259,-0.003599680449996617,-0.014640936189358886,-0.0013690128579724294,-0.0035784814502253237,-0.0018781204597566603,0.0017003609904686634,-16.39344262295082,-95.68181818181817,-8.887089127686474,1550.0,376.0,423.0,6000.0
6477,Roermond,500.0,425.0,0.001773417542787481,0.0025680850231099544,0.0009576554961847339,0.008146194818773989,0.0013413394863250883,0.002627430978480172,0.0012860914921550837,11.494252873563218,6.2094907407407405,52.63157894736842,1489.0,426.0,497.0,7000.0
6477,Roermond,600.0,500.0,0.014465185572225647,0.02896983535444334,0.007350968612491737,0.11085463048112118,0.010936722837617596,0.022330032690769108,0.011393309853151512,52.28981544771018,26.666666666666668,382.7272727272719,1400.0,501.0,597.0,6000.0
6477,Roermond,700.0,600.0,,,0.12513008641426926,19999.0,0.2790030740616436,3.1155971378360787,2.8365940637744353,,23.808333333333334,1999.9,1318.0,600.0,696.0,2000.0
6517,Roosendaal,325.0,275.0,0.00211626341175708,0.00930076291423432,0.0,0.041497298358680615,0.0,0.011407958880343627,0.011407958880343627,5.208333333333333,0.0,100.27777777777753,1642.0,277.0,324.0,3000.0
6517,Roosendaal,375.0,325.0,0.0,0.0,0.0,0.0,0.0,0.0,0.0,0.0,0.0,0.0,1601.5,325.0,373.0,2000.0
6517,Roosendaal,425.0,375.0,0.0,0.0,0.0,0.0,0.0,0.0,0.0,0.0,0.0,0.0,1551.0,376.0,423.0,2000.0
6517,Roosendaal,500.0,425.0,0.008285891695374081,0.011738557463953685,0.004540651386895078,0.04247806059276995,0.006321233202251975,0.013164143024914754,0.006842909822662779,11.904761904761905,6.5359477124183005,59.99999999999968,1483.0,427.0,497.0,2000.0
6517,Roosendaal,600.0,500.0,0.0,0.0,0.0,0.0,0.0,0.0,0.0,0.0,0.0,0.0,1402.0,502.0,597.0,1000.0
6517,Roosendaal,700.0,600.0,,,0.12201845430196334,9999.0,0.2826498305280605,2.72759372031494,2.444943889786879,,12.49875,999.9,1321.0,600.0,693.025,1000.0
6545,Rostock,325.0,275.0,-0.0016470415390071325,-0.0067224999353083905,-0.03802745289640708,0.0,-0.008347529891370331,0.0,0.008347529891370331,-21.27659574468085,-500.0,0.0,1641.0,278.0,324.0,11000.0
6545,Rostock,375.0,325.0,0.004472844466388848,0.0061783559253870204,0.0025103766455460974,0.02049293216846504,0.003386684800456674,0.006395896989544125,0.0030092121890874513,60.0,33.70786516853933,272.72727272727275,1601.0,325.0,373.0,15000.0
6545,Rostock,425.0,375.0,0.0029215914441224067,0.003970507670658711,0.0016285988743690583,0.012228939874784794,0.00219905965531364,0.004249037875992734,0.002049978220679094,32.002048131080386,17.850593956788646,133.33333333333334,1551.0,376.0,423.0,12000.0
6545,Rostock,500.0,425.0,-0.0030111386017142028,-0.004209326921361781,-0.012149342842531568,-0.0017245918667478932,-0.004309660734710757,-0.0023191143396255054,0.001990546395085252,-34.48275862068966,-139.77272727272728,-19.736842105263158,1487.0,426.0,497.0,10000.0
6545,Rostock,600.0,500.0,0.0035043160012107055,0.005397033887678681,0.0017445337538329552,0.022104450593615876,0.0026010428424607657,0.00559782800592501,0.002996785163464244,40.0,19.930463576158942,250.0,1401.0,502.475,596.0,13000.0
6545,Rostock,700.0,600.0,,,0.1623612375999438,99999.0,0.37685716485275833,4.179474679231211,3.8026175143784524,,130.68051136363636,9999.9,1319.0,600.0,695.0,10000.0
6554,nan,325.0,275.0,0.0,0.0,0.0,0.0,0.0,0.0,0.0,0.0,0.0,0.0,1641.0,277.0,324.0,5000.0
6554,nan,375.0,325.0,-0.003639790979274582,-0.004904003158842529,-0.016438082623121075,-0.002012080780494855,-0.005051684793433542,-0.002801016839200976,0.002250667954232566,-20.0,-90.9090909090909,-11.04700854700855,1599.0,326.0,373.0,5000.0
6554,nan,425.0,375.0,0.0,0.0,0.0,0.0,0.0,0.0,0.0,0.0,0.0,0.0,1549.0,376.0,423.0,6000.0
6554,nan,500.0,425.0,0.0,0.0,0.0,0.0,0.0,0.0,0.0,0.0,0.0,0.0,1491.0,426.475,497.0,6000.0
6554,nan,600.0,500.0,0.002500677062596157,0.00379864035284611,0.0012200956082952963,0.017598256828650162,0.00184332873230586,0.0038055887000079114,0.0019622599677020514,13.698630136986301,6.6879194630872485,95.68181818181797,1401.0,503.0,596.525,6000.0
6554,nan,700.0,600.0,,,0.14978069127753435,49999.0,0.31745359419877833,3.6911727854354144,3.373719191236636,,64.49671203796204,4999.9,1320.0,600.0,693.0,5000.0
6562,Rotterdam,325.0,275.0,0.00446426288925883,0.020207136828057873,0.0,0.10054180912475275,0.0,0.022949470587314114,0.022949470587314114,134.02061855670104,0.0,2888.8888888888887,1642.0,277.0,324.0,45000.0
6562,Rotterdam,375.0,325.0,0.020171322678523396,0.031383847596382616,0.011474201602723333,0.07983679071552574,0.01572435983249032,0.028940256239078144,0.013215896406587824,240.0,137.10815047021944,923.0769230769231,1599.0,326.0,373.0,19000.0
6562,Rotterdam,425.0,375.0,0.005355116805382698,0.0075531075798766206,0.0030635215349179568,0.02738364311647599,0.004162617956394943,0.007676410001614453,0.0035137920452195104,31.746031746031747,18.181818181818183,160.57692307692278,1550.0,376.0,423.525,7000.0
6562,Rotterdam,500.0,425.0,0.010967934581242123,0.015302772186190718,0.005890942293019119,0.04940761418323669,0.007862291475660976,0.016205178385780616,0.00834288691011964,35.714285714285715,19.23076923076923,157.89473684210526,1485.0,427.0,497.525,5000.0
6562,Rotterdam,600.0,500.0,0.008812619435775826,0.016207618926560707,0.004554873300639617,0.07612375762319976,0.0065605510971085135,0.014545334937523746,0.007984783840415233,12.658227848101266,6.556372549019607,105.83333333333309,1403.0,501.0,598.0,2000.0
6562,Rotterdam,700.0,600.0,,,0.12883789168468907,9999.0,0.2742749857031337,2.72759372031494,2.4533187346118064,,13.156578947368422,999.9,1315.0,601.0,694.0,1000.0
6653,Rzeszów,325.0,275.0,0.0,0.0,0.0,0.0,0.0,0.0,0.0,0.0,0.0,0.0,1640.0,278.0,324.0,3000.0
6653,Rzeszów,375.0,325.0,0.008142271612429308,0.01127515657432955,0.0045661811098276495,0.04384838568408263,0.00613925680269839,0.011652080087522387,0.005512823284823998,20.0,11.235955056179776,105.83333333333309,1602.0,325.475,374.0,3000.0
6653,Rzeszów,425.0,375.0,0.01664043939193549,0.02786568995422864,0.0074810396844857685,0.09763816769474852,0.011817539120121179,0.025299280151165615,0.013481741031044436,23.80952380952381,10.75268817204301,134.3749999999996,1550.0,376.0,423.0,2000.0
6653,Rzeszów,500.0,425.0,,,0.17698554072053796,9999.0,0.3894954943731377,5.309573444801933,4.920077950428796,,17.690899906015037,999.9,1501.0,425.0,495.025,1000.0
6686,Żagań,325.0,275.0,0.0,0.0,0.0,0.0,0.0,0.0,0.0,0.0,0.0,0.0,1641.0,277.0,324.0,4000.0
6686,Żagań,375.0,325.0,0.0057702254348444,0.007920588299197484,0.003166343765360846,0.026497904095038605,0.004505150194401342,0.0082533605159536,0.003748210321552259,20.0,10.989010989010989,90.9090909090909,1601.0,326.0,372.525,4000.0
6686,Żagań,425.0,375.0,0.006406106356178665,0.00931007810944351,0.0036928482612279545,0.03309072399635027,0.0048824636187986825,0.00905105100497905,0.004168587386180367,15.749007936507937,9.090909090909092,80.28846153846139,1550.5,376.0,423.0,3000.0
6686,Żagań,500.0,425.0,0.008336015423541898,0.010778397289187643,0.004646474178124293,0.03625723715890505,0.00643866913237523,0.011427873425220447,0.004989204292845217,11.976477337923122,6.6879194630872485,51.38157894736836,1485.5,427.0,497.0,2000.0
6686,Żagań,600.0,500.0,-0.00919938673477072,-0.013288068716142796,-0.03995331314520678,-0.004504752194525819,-0.014046278251899968,-0.006907504562964073,0.0071387736889358955,-13.333333333333334,-58.8235294117647,-6.5136660724896025,1402.5,502.0,595.525,1000.0
6686,Żagań,700.0,600.0,,,0.1275087681824313,19999.0,0.2890887562651854,2.1161198463621727,1.8270310900969873,,24.234756464883926,1999.9,1316.0,600.0,695.0,2000.0
6705,Salzgitter-Bad,325.0,275.0,0.0,0.0,0.0,0.0,0.0,0.0,0.0,0.0,0.0,0.0,1642.0,276.975,324.0,1000.0
6705,Salzgitter-Bad,375.0,325.0,0.0,0.0,0.0,0.0,0.0,0.0,0.0,0.0,0.0,0.0,1600.5,326.0,373.0,1000.0
6705,Salzgitter-Bad,425.0,375.0,0.0,0.0,0.0,0.0,0.0,0.0,0.0,0.0,0.0,0.0,1551.0,376.0,423.0,1000.0
6705,Salzgitter-Bad,500.0,425.0,0.0,0.0,0.0,0.0,0.0,0.0,0.0,0.0,0.0,0.0,1484.0,425.475,497.525,1000.0
6705,Salzgitter-Bad,600.0,500.0,0.0,0.0,0.0,0.0,0.0,0.0,0.0,0.0,0.0,0.0,1402.0,502.475,597.0,1000.0
6705,Salzgitter-Bad,700.0,600.0,,,0.1211817897440687,9999.0,0.2518750258625291,1.7825594022071245,1.5306843763445954,,12.417739583333333,999.9,1316.0,600.0,695.0,1000.0
6712,Salzwedel,325.0,275.0,-0.0017493920360669435,-0.007709824001079768,-0.041186819435131805,0.0,-0.009369039173554666,0.0,0.009369039173554666,-10.416666666666666,-250.0,0.0,1642.0,277.0,324.0,5000.0
6712,Salzwedel,375.0,325.0,0.0030271348969084233,0.004565675549366706,0.0017532474149501986,0.015534493002352434,0.0023383460376573684,0.004578642691816959,0.0022402966541595903,19.607843137254903,11.363636363636363,100.0,1602.0,325.0,373.0,7000.0
6712,Salzwedel,425.0,375.0,0.002944998283070266,0.004006276854962258,0.0016000122204625712,0.012325399313274612,0.0022534185570328713,0.004152268623195621,0.0018988500661627494,16.129032258064516,8.768757214313197,67.1874999999998,1551.0,375.475,423.0,6000.0
6712,Salzwedel,500.0,425.0,0.01058773492974363,0.014750981823508686,0.006025625075258068,0.04163316587077498,0.008214724447581201,0.01488863044297628,0.00667390599539508,34.48275862068966,19.669117647058826,133.5474308300394,1489.0,426.475,497.0,5000.0
6712,Salzwedel,600.0,500.0,-0.0053208610157700065,-0.007851363609980037,-0.02687287498673096,-0.0026294272966057575,-0.007918776218757695,-0.0040872315918704105,0.0038315446268872844,-13.157894736842104,-67.18749999999999,-6.4935064935064934,1401.5,502.0,597.0,2000.0
6712,Salzwedel,700.0,600.0,,,0.13841511218016606,29999.0,0.3025607302937148,2.627773439663084,2.325212709369369,,37.72421716772152,2999.9,1316.0,600.0,696.0,3000.0
6728,Sandomierz,325.0,275.0,-0.0013755337586192073,-0.0043538674060442,-0.022067231457071457,0.0,-0.006012757378045408,0.0,0.006012757378045408,-6.172839506172839,-100.0,0.0,1641.0,277.0,324.0,4000.0
6728,Sandomierz,375.0,325.0,0.004472844466388848,0.0058319531850114905,0.0024824489789143644,0.016066525730476844,0.003386684800456674,0.00621768201324735,0.0028309972127906757,20.0,11.11111111111111,71.42857142857143,1602.0,326.0,373.0,5000.0
6728,Sandomierz,425.0,375.0,0.004650815050990964,0.006511684008133321,0.0026063125573230262,0.027909159151642614,0.0036024993640531022,0.006559649797480471,0.002957150433427369,16.129032258064516,9.047911547911548,95.68181818181797,1550.0,376.0,423.0,4000.0
6728,Sandomierz,500.0,425.0,0.004725842294654337,0.006527731793998354,0.0026795083756659343,0.021569600815111167,0.00365133519527161,0.006809467281153614,0.003158132085882004,11.627906976744185,6.599642732659463,52.63157894736842,1488.0,426.475,497.0,3000.0
6728,Sandomierz,600.0,500.0,-0.005391614233396402,-0.007942923658434688,-0.02854642033934629,-0.0026375797393778048,-0.007918776218757695,-0.004118446761975231,0.003800329456782464,-13.333333333333334,-71.42857142857143,-6.5136660724896025,1403.0,501.0,596.0,2000.0
6728,Sandomierz,700.0,600.0,,,0.14520073553064727,29999.0,0.32130560462498536,3.3610267508422353,3.03972114621725,,39.4532303030303,2999.9,1319.0,600.0,694.0,3000.0
6791,Schaarbeek,600.0,500.0,-0.5,-0.5,-1.0,0.0,-1.0,0.0,1.0,-5.1020408163265305,-1000.0,0.0,1380.0,505.0,599.0,1000.0
6791,Schaarbeek,700.0,600.0,,,0.11887221158742212,9999.0,0.30860675729388104,2.72759372031494,2.4189869630210588,,12.19390243902439,999.9,1323.5,600.0,694.025,1000.0
6820,Šiauliai,325.0,275.0,0.0,0.0,0.0,0.0,0.0,0.0,0.0,0.0,0.0,0.0,1641.0,277.0,324.0,1000.0
6820,Šiauliai,375.0,325.0,0.0,0.0,0.0,0.0,0.0,0.0,0.0,0.0,0.0,0.0,1603.0,325.0,373.0,1000.0
6820,Šiauliai,425.0,375.0,0.0,0.0,0.0,0.0,0.0,0.0,0.0,0.0,0.0,0.0,1552.0,375.475,423.0,1000.0
6820,Šiauliai,500.0,425.0,0.0,0.0,0.0,0.0,0.0,0.0,0.0,0.0,0.0,0.0,1486.0,426.0,498.0,1000.0
6820,Šiauliai,600.0,500.0,0.0,0.0,0.0,0.0,0.0,0.0,0.0,0.0,0.0,0.0,1401.5,502.0,597.0,1000.0
6820,Šiauliai,700.0,600.0,,,0.12706263472941015,9999.0,0.27230128264420106,2.72759372031494,2.455292437670739,,12.985714285714286,999.9,1320.0,600.0,694.0,1000.0
6840,Schiedam,325.0,275.0,0.001960065780744369,0.007985576013181237,0.0,0.042956042188392995,0.0,0.00913531886040797,0.00913531886040797,11.627906976744185,0.0,250.0,1641.0,277.0,324.0,7000.0
6840,Schiedam,375.0,325.0,0.004384949630707791,0.005848757424628848,0.002598061584935474,0.018769265121506118,0.0035482412888032666,0.006049129325025104,0.0025008880362218378,19.607843137254903,11.627906976744185,83.33333333333333,1602.0,325.0,373.0,5000.0
6840,Schiedam,425.0,375.0,0.0,0.0,0.0,0.0,0.0,0.0,0.0,0.0,0.0,0.0,1551.0,376.0,423.0,4000.0
6840,Schiedam,500.0,425.0,0.007731369217151451,0.010413320397126391,0.004511100233403731,0.032150719835893966,0.005980450926793723,0.010557571994472825,0.004577121067679102,22.22222222222222,12.987012987012987,91.30434782608677,1488.0,427.0,498.0,4000.0
6840,Schiedam,600.0,500.0,0.010096237848608247,0.016423200069329978,0.004569284016453279,0.06857558531553601,0.007303829702563713,0.016347853743147844,0.009044024040584131,14.492753623188406,6.577067913258018,95.68181818181797,1395.5,502.475,598.0,2000.0
6840,Schiedam,700.0,600.0,,,0.12706263472941015,9999.0,0.2742749857031337,2.72759372031494,2.4533187346118064,,12.985714285714286,999.9,1318.0,600.0,693.025,1000.0
6880,Schleswig,325.0,275.0,0.0016560818099657926,0.0067201110084847285,0.0,0.0324810319761204,0.0,0.00802318328887508,0.00802318328887508,5.747126436781609,0.0,111.11111111111111,1640.0,277.0,324.0,4000.0
6880,Schleswig,375.0,325.0,0.0,0.0,0.0,0.0,0.0,0.0,0.0,0.0,0.0,0.0,1601.0,326.0,373.0,3000.0
6880,Schleswig,425.0,375.0,0.006162320179612157,0.008685138106603848,0.0037951376352667212,0.02739965906371644,0.004781573152468299,0.009257705998790833,0.004476132846322534,15.151515151515152,9.34224318658281,66.66666666666667,1550.0,376.0,423.0,3000.0
6880,Schleswig,500.0,425.0,0.0,0.0,0.0,0.0,0.0,0.0,0.0,0.0,0.0,0.0,1486.0,426.0,497.525,2000.0
6880,Schleswig,600.0,500.0,-0.00546427446148412,-0.008283913944311602,-0.03202917088782342,-0.0026808279732696847,-0.007918776218757695,-0.004046442082010437,0.0038723341367472575,-13.513513513513514,-80.28846153846152,-6.620614035087721,1403.5,503.0,597.0,2000.0
6880,Schleswig,700.0,600.0,,,0.1472569431912598,29999.0,0.32130560462498536,4.574255561017864,4.252949956392879,,39.973760896637614,2999.9,1319.0,600.0,695.0,3000.0
7018,Schwerin,325.0,275.0,0.0,0.0,0.0,0.0,0.0,0.0,0.0,0.0,0.0,0.0,1641.0,276.0,324.0,2000.0
7018,Schwerin,375.0,325.0,0.014246386967327274,0.019860583668912343,0.007999031637823784,0.06857558531553601,0.011063084486895525,0.020001609421198996,0.008938524934303471,20.408163265306122,11.494252873563218,95.68181818181797,1600.0,326.0,374.0,2000.0
7018,Schwerin,425.0,375.0,-0.016759694647508927,-0.022034528717029378,-0.07316890602805849,-0.009890905840439022,-0.02411800477915349,-0.013471550069619753,0.010646454709533737,-30.76923076923077,-138.33333333333331,-18.0958230958231,1551.0,376.0,423.0,1000.0
7018,Schwerin,500.0,425.0,0.013086677792683687,0.018342358965682422,0.007302109393320322,0.07895260692974121,0.009748119017159107,0.018173196271457526,0.008425077254298419,23.669467787114847,13.245033112582782,138.33333333333312,1489.0,427.0,497.0,3000.0
7018,Schwerin,600.0,500.0,-0.00932312146765335,-0.013997360427678395,-0.046810282811976876,-0.004490841596827999,-0.014336801359812412,-0.006977033367622565,0.007359767992189847,-13.513513513513514,-69.16666666666666,-6.4935064935064934,1400.0,501.475,596.0,1000.0
7018,Schwerin,700.0,600.0,,,0.13087483082048532,19999.0,0.2790030740616436,4.210007309586913,3.9310042355252692,,24.836721064814817,1999.9,1321.0,600.0,694.0,2000.0
7115,Siegen,325.0,275.0,0.0,0.0,0.0,0.0,0.0,0.0,0.0,0.0,0.0,0.0,1642.0,277.0,324.0,3000.0
7115,Siegen,375.0,325.0,0.0,0.0,0.0,0.0,0.0,0.0,0.0,0.0,0.0,0.0,1600.5,326.0,373.0,3000.0
7115,Siegen,425.0,375.0,0.0,0.0,0.0,0.0,0.0,0.0,0.0,0.0,0.0,0.0,1551.0,375.475,424.0,3000.0
7115,Siegen,500.0,425.0,0.004725842294654337,0.006665583907715591,0.0024894582757047814,0.01949546451812134,0.0035630440784122364,0.006895958340211061,0.003332914261798825,11.627906976744185,6.132128740824394,47.61904761904762,1488.0,427.0,498.0,3000.0
7115,Siegen,600.0,500.0,0.0,0.0,0.0,0.0,0.0,0.0,0.0,0.0,0.0,0.0,1399.0,501.0,597.0,2000.0
7115,Siegen,700.0,600.0,,,0.1391100884913047,19999.0,0.28704932729203325,4.210007309586913,3.9229579822948795,,26.301715151515154,1999.9,1321.0,600.0,694.0,2000.0
7153,Sint-Truiden,325.0,275.0,0.0,0.0,0.0,0.0,0.0,0.0,0.0,0.0,0.0,0.0,1642.0,276.0,324.0,5000.0
7153,Sint-Truiden,375.0,325.0,0.004659646532143125,0.006943134632713582,0.0025681604948701864,0.023897877157570167,0.003492703312129475,0.006634682011621096,0.003141978699491621,20.833333333333332,11.494252873563218,105.83333333333309,1599.0,326.0,373.0,5000.0
7153,Sint-Truiden,425.0,375.0,0.0,0.0,0.0,0.0,0.0,0.0,0.0,0.0,0.0,0.0,1552.0,375.0,423.0,4000.0
7153,Sint-Truiden,500.0,425.0,0.0,0.0,0.0,0.0,0.0,0.0,0.0,0.0,0.0,0.0,1490.0,427.0,497.0,4000.0
7153,Sint-Truiden,600.0,500.0,-0.0030109114830019212,-0.005002047299113386,-0.020081405291969112,-0.0016040614061187952,-0.005058606285837319,-0.0022743846722248495,0.0027842216136124698,-13.513513513513514,-90.9090909090909,-7.194244604316546,1400.0,502.0,598.0,4000.0
7153,Sint-Truiden,700.0,600.0,,,0.15403858248095592,49999.0,0.3506006194265898,3.6911727854354144,3.3405721660088243,,66.20481622807017,4999.9,1320.0,600.0,695.0,5000.0
7216,Smolensk,325.0,275.0,-0.0002672849449825154,-0.0009381494908993161,-0.00424354712716576,0.0,-0.0011921097856266716,0.0,0.0011921097856266716,-11.494252873563218,-182.82828282828277,0.0,1643.0,277.0,324.0,42000.0
7216,Smolensk,375.0,325.0,-0.0013053735950541157,-0.0018148593137778943,-0.006574092257359498,-0.0007578502471570214,-0.0019380597613191108,-0.0010142232935583806,0.0009238364677607303,-59.41176470588235,-300.0,-34.48275862068966,1600.0,327.0,373.0,44000.0
7216,Smolensk,425.0,375.0,-0.0009740015470560692,-0.0014589486828872618,-0.004748337272397318,-0.0005523063844152798,-0.0013740640798050041,-0.0007636021804169335,0.0006104618993880706,-47.24702380952381,-230.76923076923077,-26.785714285714285,1551.0,376.0,423.0,47000.0
7216,Smolensk,500.0,425.0,0.007999031637823784,0.010923760803141346,0.004525137031312121,0.041616010650583846,0.006208004390128696,0.011427873425220447,0.005219869035091751,287.35632183908046,162.84165181224006,1470.5882352941176,1486.0,427.0,498.0,50000.0
7216,Smolensk,600.0,500.0,0.0,0.0,0.0,0.0,0.0,0.0,0.0,0.0,0.0,0.0,1401.0,502.0,598.0,25000.0
7216,Smolensk,700.0,600.0,,,0.17150643105517105,249999.0,0.4123514430817239,6.937005259840997,6.5246538167592725,,318.3815567185979,24999.9,1319.0,600.0,695.0,25000.0
7220,Snits,325.0,275.0,0.0016951144200242352,0.006341831148825829,0.0,0.0324810319761204,0.0,0.007859918150914191,0.007859918150914191,5.882352941176471,0.0,111.11111111111111,1642.0,278.0,324.0,4000.0
7220,Snits,375.0,325.0,0.0,0.0,0.0,0.0,0.0,0.0,0.0,0.0,0.0,0.0,1601.0,326.0,373.0,3000.0
7220,Snits,425.0,375.0,0.0,0.0,0.0,0.0,0.0,0.0,0.0,0.0,0.0,0.0,1549.0,376.0,423.525,3000.0
7220,Snits,500.0,425.0,0.00451533139369209,0.006274247182120501,0.002619328385316644,0.022781461820273075,0.003532006434950219,0.006669109111452354,0.003137102676502135,11.11111111111111,6.451612903225806,55.55555555555556,1487.0,426.0,497.0,3000.0
7220,Snits,600.0,500.0,0.0,0.0,0.0,0.0,0.0,0.0,0.0,0.0,0.0,0.0,1398.0,502.0,598.0,2000.0
7220,Snits,700.0,600.0,,,0.13816911638001297,19999.0,0.31665822187606274,4.210007309586913,3.89334908771085,,26.13505681818182,1999.9,1319.0,600.0,695.0,2000.0
7230,Soest (Westfalen),325.0,275.0,-0.001977606197005377,-0.007649532192025177,-0.03503890488018235,0.0,-0.009342270020379573,0.0,0.009342270020379573,-16.666666666666668,-300.0,0.0,1642.0,277.0,324.0,7000.0
7230,Soest (Westfalen),375.0,325.0,0.0,0.0,0.0,0.0,0.0,0.0,0.0,0.0,0.0,0.0,1601.0,325.0,372.0,10000.0
7230,Soest (Westfalen),425.0,375.0,0.0,0.0,0.0,0.0,0.0,0.0,0.0,0.0,0.0,0.0,1550.0,376.0,423.0,10000.0
7230,Soest (Westfalen),500.0,425.0,0.00258311103990283,0.0035074135341449163,0.0014132987243427042,0.011219650997533304,0.0019255027085649523,0.003664789986055128,0.0017392872774901758,23.122159850307405,12.658227848101266,100.0,1487.0,427.0,497.0,10000.0
7230,Soest (Westfalen),600.0,500.0,-0.0056156328884413576,-0.00957329170795575,-0.044051921577024866,-0.002717543112625509,-0.008824260139664447,-0.004046442082010437,0.00477781805765401,-55.55555555555556,-444.44444444444446,-26.845637583892618,1397.0,502.0,597.0,8000.0
7230,Soest (Westfalen),700.0,600.0,,,0.16875213336350936,119999.0,0.3838479283890257,4.316151155627663,3.932303227238638,,159.99866666666665,11999.9,1318.0,600.0,695.0,12000.0
7242,Solingen,325.0,275.0,0.0,0.0,0.0,0.0,0.0,0.0,0.0,0.0,0.0,0.0,1641.0,277.0,324.0,1000.0
7242,Solingen,375.0,325.0,0.0,0.0,0.0,0.0,0.0,0.0,0.0,0.0,0.0,0.0,1602.0,326.0,372.0,1000.0
7242,Solingen,425.0,375.0,0.0,0.0,0.0,0.0,0.0,0.0,0.0,0.0,0.0,0.0,1551.0,376.0,424.0,1000.0
7242,Solingen,500.0,425.0,0.0,0.0,0.0,0.0,0.0,0.0,0.0,0.0,0.0,0.0,1489.5,426.475,498.0,1000.0
7242,Solingen,600.0,500.0,-0.008904324795134255,-0.013559793775272737,-0.06106908933829369,-0.0045943283976051606,-0.012581203150317855,-0.0068226416277746005,0.005758561522543254,-12.903762903762903,-90.9090909090909,-6.643487858719648,1405.0,501.475,597.0,1000.0
7242,Solingen,700.0,600.0,,,0.1317822407038276,19999.0,0.3069051036156929,3.1155971378360787,2.808692034220386,,24.99875,1999.9,1317.0,600.0,693.025,2000.0
7281,Spandau,325.0,275.0,0.0,0.0,0.0,0.0,0.0,0.0,0.0,0.0,0.0,0.0,1641.0,277.0,324.0,2000.0
7281,Spandau,375.0,325.0,0.013683900322685627,0.019441549994769564,0.007772793034995201,0.06504108943996267,0.010720863771376044,0.018910284405250666,0.008189420633874622,19.607843137254903,11.170411985018728,90.9090909090909,1601.0,326.0,373.0,2000.0
7281,Spandau,425.0,375.0,0.0,0.0,0.0,0.0,0.0,0.0,0.0,0.0,0.0,0.0,1551.0,375.0,423.0,1000.0
7281,Spandau,500.0,425.0,0.0,0.0,0.0,0.0,0.0,0.0,0.0,0.0,0.0,0.0,1490.0,427.0,497.0,1000.0
7281,Spandau,600.0,500.0,0.0,0.0,0.0,0.0,0.0,0.0,0.0,0.0,0.0,0.0,1401.0,501.475,597.0,1000.0
7281,Spandau,700.0,600.0,,,0.1297050071605403,9999.0,0.2589254117941673,2.9560924986393995,2.697167086845232,,13.239903947368422,999.9,1323.0,600.0,695.0,1000.0
7321,Stade,325.0,275.0,0.002138587441450124,0.009244152987880921,0.0,0.04608191864321465,0.0,0.010800142716760497,0.010800142716760497,5.2631578947368425,0.0,111.11111111111111,1642.0,277.0,324.0,3000.0
7321,Stade,375.0,325.0,0.0,0.0,0.0,0.0,0.0,0.0,0.0,0.0,0.0,0.0,1600.0,325.0,373.0,2000.0
7321,Stade,425.0,375.0,0.0,0.0,0.0,0.0,0.0,0.0,0.0,0.0,0.0,0.0,1551.0,376.0,423.0,2000.0
7321,Stade,500.0,425.0,0.00781857725471724,0.011074480613999153,0.004409975811877409,0.041616010650583846,0.006085462425394539,0.011107943531466824,0.005022481106072285,11.235955056179776,6.348262517132952,58.8235294117647,1490.5,426.0,496.0,2000.0
7321,Stade,600.0,500.0,-0.00919938673477072,-0.014780101212493651,-0.06416549687886561,-0.004835454446860066,-0.014046278251899968,-0.006907504562964073,0.0071387736889358955,-13.333333333333334,-95.68181818181817,-6.993006993006993,1403.5,502.0,596.525,1000.0
7321,Stade,700.0,600.0,,,0.13538044560631102,19999.0,0.265917711354581,2.4484882412482154,2.1825705298936344,,25.639743589743592,1999.9,1320.0,600.0,694.0,2000.0
7340,Staraya Russa,325.0,275.0,0.0012275679298473507,0.005168227389571907,0.0,0.028285594297889682,0.0,0.005889473875522411,0.005889473875522411,5.4945054945054945,0.0,125.0,1641.0,276.975,324.0,5000.0
7340,Staraya Russa,375.0,325.0,0.0,0.0,0.0,0.0,0.0,0.0,0.0,0.0,0.0,0.0,1599.0,326.0,373.0,4000.0
7340,Staraya Russa,425.0,375.0,0.0,0.0,0.0,0.0,0.0,0.0,0.0,0.0,0.0,0.0,1550.0,376.0,423.0,4000.0
7340,Staraya Russa,500.0,425.0,0.01569828465972245,0.01945432351200107,0.009070751145548195,0.05946309435929531,0.012454548098765006,0.021556664462756503,0.009102116363991497,33.70786516853933,19.540998217468807,125.0,1489.5,427.0,497.0,4000.0
7340,Staraya Russa,600.0,500.0,-0.00971513651191136,-0.013817682334017476,-0.04384659961520882,-0.004686382582326356,-0.015629910094144273,-0.006907504562964073,0.0087224055311802,-14.084507042253522,-64.6875,-6.776914590420156,1398.0,503.0,595.0,1000.0
7340,Staraya Russa,700.0,600.0,,,0.13725415551173614,19999.0,0.3069051036156929,3.1155971378360787,2.808692034220386,,25.972727272727273,1999.9,1320.0,600.0,693.0,2000.0
7343,Stargard,325.0,275.0,-0.005121292623040674,-0.018576473879907362,-0.08755646344451917,0.0,-0.025840016963066814,0.0,0.025840016963066814,-16.853932584269664,-300.0,0.0,1642.0,277.0,324.0,2000.0
7343,Stargard,375.0,325.0,0.004472844466388848,0.006409903863098258,0.0024551358596947015,0.022565182563572872,0.0034388771294375786,0.006395896989544125,0.0029570198601065467,20.0,10.989010989010989,100.0,1600.0,326.0,373.0,5000.0
7343,Stargard,425.0,375.0,0.0,0.0,0.0,0.0,0.0,0.0,0.0,0.0,0.0,0.0,1552.0,376.0,423.0,4000.0
7343,Stargard,500.0,425.0,0.016842605633291097,0.0225861806846789,0.009130493695617858,0.07382995247033493,0.012682424393701153,0.023774732471097737,0.011092308077396584,36.144578313253014,19.669117647058826,154.1447368421051,1487.0,426.475,498.0,4000.0
7343,Stargard,600.0,500.0,-0.008904324795134255,-0.013399919656992543,-0.05192248566082858,-0.0046560515929203496,-0.01383704119295559,-0.006772522985858731,0.007064518207096859,-12.903762903762903,-76.92307692307692,-6.7329493923453665,1403.0,502.0,596.0,1000.0
7343,Stargard,700.0,600.0,,,0.15077168257836007,19999.0,0.32704781514661274,3.389199680773787,3.0621518656271745,,28.35874295774648,1999.9,1320.0,600.0,694.0,2000.0
7405,Stendal,325.0,275.0,0.0,0.0,0.0,0.0,0.0,0.0,0.0,0.0,0.0,0.0,1642.0,277.0,324.0,4000.0
7405,Stendal,375.0,325.0,-0.004452927215533697,-0.00637043757646132,-0.02112396402864784,-0.002504090435398676,-0.0061792613312130484,-0.0034805467948112456,0.002698714536401803,-20.0,-95.68181818181817,-11.235955056179776,1600.0,326.0,373.0,4000.0
7405,Stendal,425.0,375.0,-0.003009248095453443,-0.0039690701642376355,-0.012938536405764589,-0.0016411883228085733,-0.004159088922832205,-0.002305206728143383,0.0018538821946888218,-16.530054644808743,-71.42857142857143,-9.00900900900901,1550.0,376.0,423.0,5000.0
7405,Stendal,500.0,425.0,0.0,0.0,0.0,0.0,0.0,0.0,0.0,0.0,0.0,0.0,1490.0,427.0,496.525,6000.0
7405,Stendal,600.0,500.0,0.014956862924686787,0.03095326842656791,0.007400486077956847,0.10068106757238582,0.01104669193785357,0.02365005960681299,0.01260336766895942,54.054054054054056,26.845637583892618,349.24242424242357,1401.0,502.0,597.0,6000.0
7405,Stendal,700.0,600.0,,,0.13816911638001297,19999.0,0.31665822187606274,2.4484882412482154,2.1318300193721527,,26.13505681818182,1999.9,1320.0,600.0,695.0,2000.0
7413,Szczecin,325.0,275.0,-0.00046758433058574633,-0.001970953475249652,-0.010817487703327355,0.0,-0.002348895854202504,0.0,0.002348895854202504,-5.376344086021505,-125.0,0.0,1640.0,277.975,324.0,11000.0
7413,Szczecin,375.0,325.0,0.0035813301787976926,0.004583048168158436,0.0020739836075955864,0.01269051810678929,0.002808884572186976,0.004809464228950455,0.0020005796567634793,39.21568627450981,22.727272727272727,138.33333333333312,1601.0,325.475,373.0,12000.0
7413,Szczecin,425.0,375.0,0.0017431326773765798,0.002733278522183242,0.0009411615045979982,0.00813758667370923,0.001317874079563186,0.0025117328349779644,0.0011938587554147784,16.530054644808743,8.928571428571429,76.92307692307692,1549.0,376.0,423.0,10000.0
7413,Szczecin,500.0,425.0,0.009364613119491771,0.013114431145175744,0.005194332008913722,0.04608191864321465,0.007138783439929242,0.013382695239244846,0.006243911799315605,57.47126436781609,31.94410419728891,277.77777777777777,1489.0,426.0,497.0,9000.0
7413,Szczecin,600.0,500.0,-0.0055015971569888356,-0.00806737739915255,-0.02854642033934629,-0.0028812368913630738,-0.008411612491333487,-0.0040872315918704105,0.004324380899463076,-27.212143650499815,-142.85714285714286,-14.232522796352585,1401.0,502.475,595.0,4000.0
7413,Szczecin,700.0,600.0,,,0.15040676088227564,59999.0,0.31439904502124016,2.9561149883102327,2.6417159432889923,,76.41060572865953,5999.9,1318.0,600.0,694.0,6000.0
7442,Słupsk,325.0,275.0,-0.0022984797675537627,-0.008673319405807038,-0.044051921577024866,0.0,-0.010613410469590745,0.0,0.010613410469590745,-5.681818181818182,-111.11111111111111,0.0,1641.0,277.0,324.0,2000.0
7442,Słupsk,375.0,325.0,0.0,0.0,0.0,0.0,0.0,0.0,0.0,0.0,0.0,0.0,1601.0,326.0,373.0,3000.0
7442,Słupsk,425.0,375.0,-0.004704996212584689,-0.006478733044727223,-0.020339033242263604,-0.002611874672126424,-0.0068261682956709535,-0.0034600492515064474,0.003366119044164506,-16.39344262295082,-71.42857142857143,-9.090909090909092,1549.0,376.0,423.0,3000.0
7442,Słupsk,500.0,425.0,0.01569828465972245,0.02088872059225675,0.00910192028880763,0.06824169081440212,0.012234716073474372,0.02298634314146386,0.010751627067989489,33.70786516853933,19.607843137254903,142.85714285714286,1488.0,426.0,497.0,4000.0
7442,Słupsk,600.0,500.0,-0.009580852533173756,-0.0160942294847061,-0.06416549687886561,-0.004641190733500444,-0.01572005126520909,-0.007327522433059119,0.00839252883214997,-13.88888888888889,-95.68181818181817,-6.7114093959731544,1401.0,502.0,597.0,1000.0
7442,Słupsk,700.0,600.0,,,0.13262531894754884,19999.0,0.2890887562651854,2.615265465395181,2.326176709129996,,25.14905893987342,1999.9,1322.0,600.0,694.0,2000.0
7461,Stralsund,325.0,275.0,-0.0012112671499928118,-0.004963646383782152,-0.031374914073002635,0.0,-0.006012757378045408,0.0,0.006012757378045408,-16.304347826086957,-428.57142857142856,0.0,1642.0,277.0,324.0,12000.0
7461,Stralsund,375.0,325.0,0.0027036642435001035,0.004113196259022595,0.0015566542830132146,0.016027172858229077,0.0021381160042528435,0.0037729112526330155,0.001634795248380172,37.735849056603776,21.73913043478261,222.22222222222223,1602.0,326.0,373.0,15000.0
7461,Stralsund,425.0,375.0,0.0028354374339321087,0.003979054969143614,0.001492667247763757,0.012491805314694866,0.00211684602829898,0.004292625101808056,0.0021757790735090765,33.898305084745765,17.857142857142858,148.62637362637338,1548.5,375.0,424.0,13000.0
7461,Stralsund,500.0,425.0,-0.0034402346557130814,-0.004353179151449625,-0.012839977021057436,-0.0019984376943893217,-0.004778797915467897,-0.002711061159228839,0.002067736756239058,-44.44444444444444,-166.66666666666666,-25.799200799200808,1490.5,426.0,497.0,11000.0
7461,Stralsund,600.0,500.0,0.003061437634669595,0.004914996754927811,0.0014788643059084894,0.018769265121506118,0.002233927018232995,0.004971060510761349,0.002737133492528354,41.0958904109589,19.867549668874172,250.0,1400.0,502.475,596.0,15000.0
7461,Stralsund,700.0,600.0,,,0.16283906638862833,119999.0,0.37175063153742594,4.316151155627663,3.9444005240902373,,154.79391483516483,11999.9,1319.0,600.0,696.0,12000.0
7529,Suhl,325.0,275.0,0.0,0.0,0.0,0.0,0.0,0.0,0.0,0.0,0.0,0.0,1641.0,277.0,324.0,4000.0
7529,Suhl,375.0,325.0,0.006011372725139186,0.00842267868441824,0.0032913488867062028,0.02543641050186509,0.004576823912877392,0.008497134868602707,0.003920310955725315,20.833333333333332,11.42213221844787,87.31060606060589,1600.0,327.0,373.0,4000.0
7529,Suhl,425.0,375.0,0.006116193425784622,0.009213165264705211,0.0034560536818118216,0.0256653964664324,0.004838634138069731,0.009257705998790833,0.004419071860721102,15.038444142921755,8.508981602201942,62.5,1552.0,375.0,423.0,3000.0
7529,Suhl,500.0,425.0,0.007999031637823784,0.012635415280705916,0.004354565674572814,0.06857558531553601,0.006152897631075405,0.011668965006472187,0.005516067375396783,11.494252873563218,6.268671383647799,95.68181818181797,1488.0,426.0,498.0,2000.0
7529,Suhl,600.0,500.0,0.0,0.0,0.0,0.0,0.0,0.0,0.0,0.0,0.0,0.0,1397.5,502.0,596.525,1000.0
7529,Suhl,700.0,600.0,,,0.12790588178316764,9999.0,0.2915496650148839,2.72759372031494,2.436044055300056,,13.066875000000001,999.9,1320.0,600.0,694.0,1000.0
7612,Tarnów,325.0,275.0,-0.0037127446521617036,-0.01405880510830175,-0.07412528771270954,0.0,-0.01807536035472912,0.0,0.01807536035472912,-5.376344086021505,-111.11111111111111,0.0,1643.0,277.0,324.0,1000.0
7612,Tarnów,375.0,325.0,0.0,0.0,0.0,0.0,0.0,0.0,0.0,0.0,0.0,0.0,1601.0,325.475,373.0,2000.0
7612,Tarnów,425.0,375.0,0.011063084486895525,0.014896381863579068,0.006291242032173505,0.04729412282062673,0.008594091576999086,0.01597114362755153,0.007377052050552446,15.873015873015873,9.047911547911548,66.66666666666667,1551.0,375.475,423.0,2000.0
7612,Tarnów,500.0,425.0,0.0,0.0,0.0,0.0,0.0,0.0,0.0,0.0,0.0,0.0,1487.0,426.0,498.0,1000.0
7612,Tarnów,600.0,500.0,0.0,0.0,0.0,0.0,0.0,0.0,0.0,0.0,0.0,0.0,1402.5,501.475,596.0,1000.0
7612,Tarnów,700.0,600.0,,,0.13155540862114612,9999.0,0.2986563289368445,3.6415888336127784,3.3429325046759337,,13.417577027027026,999.9,1320.0,600.0,695.0,1000.0
7696,Toruń,325.0,275.0,-0.0015781748386194394,-0.006240560283192607,-0.0353213700396906,0.0,-0.007541996186424926,0.0,0.007541996186424926,-27.47252747252747,-625.0,0.0,1642.0,276.0,324.0,15000.0
7696,Toruń,375.0,325.0,0.0057702254348444,0.007975270263166839,0.003292371236524805,0.026497904095038605,0.0043029936803957725,0.0082533605159536,0.003950366835557828,100.0,57.1283960292581,454.54545454545456,1601.0,326.0,373.0,20000.0
7696,Toruń,425.0,375.0,0.005182632422814137,0.008417664341790896,0.0027849616828156286,0.03150148464027125,0.003884461644071635,0.007411974854322656,0.003527513210251021,66.66666666666667,35.86711711711712,400.0,1550.0,376.0,423.0,15000.0
7696,Toruń,500.0,425.0,0.014705766467238757,0.01956954463181544,0.008335434441603895,0.06240559011737266,0.011642326986238904,0.02189088138800699,0.010248554401768084,89.88764044943821,51.11056671566226,372.72727272727235,1489.0,425.475,497.0,11000.0
7696,Toruń,600.0,500.0,0.005245737141093665,0.008781530861880415,0.002781018151090331,0.036036713279467766,0.00401269608297361,0.008142271612429308,0.004129575529455698,12.903762903762903,6.8493150684931505,87.31060606060589,1400.5,502.475,596.0,3000.0
7696,Toruń,700.0,600.0,,,0.1317822407038276,19999.0,0.28704932729203325,2.4484882412482154,2.1614389139561823,,24.99875,1999.9,1315.0,600.0,695.025,2000.0
7714,Tiel,325.0,275.0,0.0,0.0,0.0,0.0,0.0,0.0,0.0,0.0,0.0,0.0,1640.0,277.0,324.0,2000.0
7714,Tiel,375.0,325.0,-0.008076510470497844,-0.010899423216281519,-0.03202917088782342,-0.00462199943769674,-0.011199730444145017,-0.0062185092792987895,0.004981221164846228,-20.0,-80.28846153846152,-11.425679205851623,1600.0,326.0,373.0,2000.0
7714,Tiel,425.0,375.0,0.0,0.0,0.0,0.0,0.0,0.0,0.0,0.0,0.0,0.0,1550.0,376.0,423.0,3000.0
7714,Tiel,500.0,425.0,0.004867853791889032,0.007580337053200653,0.0026528586450342397,0.02048015364945277,0.003761362793079037,0.007015270253283301,0.003253907460204264,11.976477337923122,6.534090909090909,50.0,1485.0,428.0,497.0,3000.0
7714,Tiel,600.0,500.0,-0.00546427446148412,-0.008162971882914729,-0.036189388115712484,-0.0027823778082323868,-0.008636290445255879,-0.004046442082010437,0.004589848363245441,-13.513513513513514,-90.9090909090909,-6.871752479924422,1402.0,501.0,596.0,2000.0
7714,Tiel,700.0,600.0,,,0.1422291378635589,29999.0,0.311653070932316,4.574255561017864,4.262602490085548,,38.69751123876124,2999.9,1321.0,600.0,695.0,3000.0
7715,Tienen,325.0,275.0,0.0,0.0,0.0,0.0,0.0,0.0,0.0,0.0,0.0,0.0,1641.0,277.0,324.0,4000.0
7715,Tienen,375.0,325.0,-0.00824065622001302,-0.010865231626369995,-0.034780968540392566,-0.004649675119505869,-0.011602059199736309,-0.006315366030076541,0.005286693169659767,-40.816326530612244,-174.6212121212121,-22.988505747126435,1600.0,326.0,373.0,4000.0
7715,Tienen,425.0,375.0,-0.006518422118814593,-0.009692770944356263,-0.023717325446822635,-0.003644830632091116,-0.009172787033247531,-0.004978048559120568,0.004194738474126963,-48.38709677419355,-177.60416666666663,-27.017045454545464,1551.5,376.0,423.0,6000.0
7715,Tienen,500.0,425.0,0.012562483864357876,0.021218692909043976,0.007067242383455463,0.0667581171328453,0.009515785494429885,0.017313996305892143,0.007798210811462258,68.18181818181819,38.46153846153846,352.94117647058823,1488.0,426.0,498.0,9000.0
7715,Tienen,600.0,500.0,-0.006926231333959865,-0.010532888187624318,-0.04167547137285199,-0.0035167370804465303,-0.01086820335214414,-0.005146565601389486,0.0057216377507546545,-27.212143650499815,-166.66666666666666,-13.793103448275861,1399.0,503.0,595.525,3000.0
7715,Tienen,700.0,600.0,,,0.1562594715482926,49999.0,0.3622483352370476,3.6911727854354144,3.328924450198367,,67.0932527027027,4999.9,1318.0,600.0,691.0,5000.0
7719,Tilburg,325.0,275.0,0.0012011369359810065,0.004656107898912236,0.0,0.020544738428342688,0.0,0.005775890448363186,0.005775890448363186,5.376344086021505,0.0,91.13636363636343,1641.0,277.0,324.0,5000.0
7719,Tilburg,375.0,325.0,0.005888331169939143,0.00861057983765187,0.0032015816214545634,0.029186008964760646,0.004505150194401342,0.0082533605159536,0.003748210321552259,20.408163265306122,11.11111111111111,100.0,1599.5,326.0,373.0,4000.0
7719,Tilburg,425.0,375.0,0.006561190729592159,0.009896890248744386,0.00362678510604475,0.0256653964664324,0.004956941626377054,0.009257705998790833,0.004300764372413779,16.129032258064516,8.928571428571429,62.5,1550.0,375.0,424.0,3000.0
7719,Tilburg,500.0,425.0,0.007999031637823784,0.010888373257234789,0.004438213075232811,0.03445403194506136,0.006208004390128696,0.012022509754104904,0.005814505363976208,11.494252873563218,6.388820839457782,48.869047619047564,1487.0,426.0,498.0,2000.0
7719,Tilburg,600.0,500.0,0.0,0.0,0.0,0.0,0.0,0.0,0.0,0.0,0.0,0.0,1400.0,502.0,597.0,1000.0
7719,Tilburg,700.0,600.0,,,0.12042480752502116,9999.0,0.26638017346740317,2.72759372031494,2.461213546847537,,12.344444444444445,999.9,1321.0,600.0,693.0,1000.0
7722,Sovetsk,325.0,275.0,0.001675370801653031,0.005706255559922073,0.0,0.029186008964760646,0.0,0.007805496438260562,0.007805496438260562,5.813953488372093,0.0,100.0,1642.0,276.0,324.0,4000.0
7722,Sovetsk,375.0,325.0,0.008309128894722129,0.010808251473019332,0.0047523144521159685,0.034761354143901455,0.006257421110539063,0.011326585144617374,0.005069164034078311,20.408163265306122,11.692886456908345,84.26573426573394,1601.0,326.0,373.0,3000.0
7722,Sovetsk,425.0,375.0,0.0,0.0,0.0,0.0,0.0,0.0,0.0,0.0,0.0,0.0,1551.0,376.0,422.0,2000.0
7722,Sovetsk,500.0,425.0,0.007863176176991282,0.010535702499494162,0.004409975811877409,0.03355778300702772,0.006045567912583927,0.011619440301922523,0.005573872389338597,11.29979570990807,6.348262517132952,47.61904761904762,1488.5,426.0,498.0,2000.0
7722,Sovetsk,600.0,500.0,0.0,0.0,0.0,0.0,0.0,0.0,0.0,0.0,0.0,0.0,1398.0,502.475,597.0,1000.0
7722,Sovetsk,700.0,600.0,,,0.1244531718082076,9999.0,0.24519708473503288,2.1622776601683795,1.9170805754333466,,12.734039678675755,999.9,1319.0,600.0,694.025,1000.0
7751,Tongeren,325.0,275.0,-0.000989896835059012,-0.003537208516429606,-0.018116634978966262,0.0,-0.004547666825238994,0.0,0.004547666825238994,-5.434782608695652,-100.27777777777776,0.0,1642.0,277.0,324.0,5000.0
7751,Tongeren,375.0,325.0,-0.003206321234457743,-0.004701556712564484,-0.014640936189358886,-0.0017800470389904848,-0.004660339482685738,-0.00244384512411433,0.002216494358571408,-20.833333333333332,-95.68181818181817,-11.55773857257418,1598.5,326.0,374.0,6000.0
7751,Tongeren,425.0,375.0,-0.001991021142625171,-0.0027242500579412704,-0.008310983263587257,-0.0012131852461729764,-0.0029147268624959977,-0.0016075185151005478,0.0013072083473954499,-14.925373134328359,-62.5,-9.090909090909092,1552.0,376.0,423.0,7000.0
7751,Tongeren,500.0,425.0,0.011337689359340875,0.015536293198978398,0.006451403441765891,0.055056528934917165,0.009039041126966296,0.01594562260049237,0.006906581473526074,57.47126436781609,32.78186274509804,273.16176470588135,1486.0,427.0,498.0,8000.0
7751,Tongeren,600.0,500.0,-0.007168907006247838,-0.010034976481718054,-0.038532272011602364,-0.003528316865165377,-0.010809780130522917,-0.005198944827089269,0.005610835303433648,-28.169014084507044,-153.84615384615384,-13.838601532567052,1400.0,502.0,594.0,3000.0
7751,Tongeren,700.0,600.0,,,0.1508681850797582,49999.0,0.3622483352370476,3.6911727854354144,3.328924450198367,,64.93376623376624,4999.9,1320.0,600.0,692.0,5000.0
7760,Torgau,325.0,275.0,-0.0010232299787408805,-0.003724308361024967,-0.020054137073244327,0.0,-0.004786443997759293,0.0,0.004786443997759293,-5.617977528089888,-111.11111111111111,0.0,1642.0,276.0,324.0,5000.0
7760,Torgau,375.0,325.0,0.008309128894722129,0.011770957435786275,0.0045661811098276495,0.04137974399241062,0.006233645877807337,0.011407958880343627,0.0051743130025362905,40.816326530612244,22.471910112359552,200.0,1600.5,326.0,373.525,6000.0
7760,Torgau,425.0,375.0,0.004505150194401342,0.006312269795299221,0.002571891585985586,0.022376061343984732,0.003557945037178545,0.006413413367788001,0.0028554683306094564,15.625,8.928571428571429,76.92307692307692,1551.0,377.0,423.0,4000.0
7760,Torgau,500.0,425.0,0.0045661811098276495,0.007469313562696397,0.002593802065528872,0.025850179122152653,0.0034715255799644407,0.007015270253283301,0.0035437446733188604,11.235955056179776,6.388820839457782,62.94117647058806,1486.0,427.0,498.0,3000.0
7760,Torgau,600.0,500.0,0.009162074829460742,0.01433841702864044,0.004708450461157254,0.05723201086741209,0.007171439712219119,0.014857097917020168,0.007685658204801049,13.157894736842104,6.776914590420152,80.28846153846139,1400.0,502.0,598.0,2000.0
7760,Torgau,700.0,600.0,,,0.12533558260076494,9999.0,0.2915496650148839,2.1622776601683795,1.8707279951534956,,12.819230769230769,999.9,1320.0,600.0,694.025,1000.0
7767,Toropets,325.0,275.0,0.0,0.0,0.0,0.0,0.0,0.0,0.0,0.0,0.0,0.0,1641.0,277.0,324.0,3000.0
7767,Toropets,375.0,325.0,0.007981983761950362,0.010448037468931365,0.004618189163819064,0.0256653964664324,0.006070066671957086,0.011326585144617374,0.005256518472660288,19.607843137254903,11.363636363636363,62.5,1600.0,326.0,373.0,3000.0
7767,Toropets,425.0,375.0,0.0,0.0,0.0,0.0,0.0,0.0,0.0,0.0,0.0,0.0,1549.0,375.475,423.0,2000.0
7767,Toropets,500.0,425.0,0.007731369217151451,0.011149069820977929,0.004511100233403731,0.03736193249137205,0.006032499705455441,0.011242520665180722,0.005210020959725281,11.11111111111111,6.4935064935064934,52.91666666666654,1489.0,426.0,497.0,2000.0
7767,Toropets,600.0,500.0,-0.009580852533173756,-0.013853475946364775,-0.0502041072918907,-0.004686382582326356,-0.014639596005697975,-0.006977033367622565,0.00766256263807541,-13.88888888888889,-74.3131868131868,-6.776914590420156,1399.0,502.0,597.0,1000.0
7767,Toropets,700.0,600.0,,,0.14012136102992645,19999.0,0.31665822187606274,4.210007309586913,3.89334908771085,,26.48113201754386,1999.9,1319.0,600.0,695.0,2000.0
7768,Torzhok,325.0,275.0,0.0,0.0,0.0,0.0,0.0,0.0,0.0,0.0,0.0,0.0,1642.0,277.0,324.0,4000.0
7768,Torzhok,375.0,325.0,0.0057702254348444,0.007976905733376928,0.0032186963454341523,0.027909159151642614,0.004505150194401342,0.0082533605159536,0.003748210321552259,20.0,11.170411985018728,95.68181818181797,1600.0,325.0,373.0,4000.0
7768,Torzhok,425.0,375.0,0.0,0.0,0.0,0.0,0.0,0.0,0.0,0.0,0.0,0.0,1551.0,376.0,423.0,3000.0
7768,Torzhok,500.0,425.0,0.00451533139369209,0.006505867924393252,0.0026356137490005983,0.021569600815111167,0.0034715255799644407,0.006669109111452354,0.003197583531487913,11.11111111111111,6.491671937592241,52.63157894736842,1489.0,425.475,498.0,3000.0
7768,Torzhok,600.0,500.0,0.0,0.0,0.0,0.0,0.0,0.0,0.0,0.0,0.0,0.0,1401.0,501.475,595.0,2000.0
7768,Torzhok,700.0,600.0,,,0.13087483082048532,19999.0,0.2977319584968121,2.4484882412482154,2.150756282751403,,24.836721064814817,1999.9,1316.0,600.0,694.0,2000.0
7814,nan,325.0,275.0,-0.001252045217699338,-0.004509727033433909,-0.022127772871167753,0.0,-0.006012757378045408,0.0,0.006012757378045408,-5.617977528089888,-100.27777777777776,0.0,1641.0,277.0,324.0,4000.0
7814,nan,375.0,325.0,-0.003568550022906014,-0.005259190305857879,-0.01806695543808734,-0.002012080780494855,-0.004915488891632291,-0.002844720417797597,0.0020707684738346943,-19.607843137254903,-100.0,-11.04700854700855,1601.0,326.0,373.0,5000.0
7814,nan,425.0,375.0,-0.004864099098529029,-0.006731817365720476,-0.023688424222606752,-0.002588374748852651,-0.0068261682956709535,-0.0036814385257344373,0.003144729769936516,-33.898305084745765,-166.66666666666666,-18.01801801801802,1550.0,376.0,423.0,6000.0
7814,nan,500.0,425.0,-0.0025913291522112747,-0.0034444241696191228,-0.011095167094968383,-0.0014202869416611863,-0.0036073175186021045,-0.0019684511886351175,0.001638866329966987,-23.25581395348837,-100.0,-12.738853503184714,1490.0,427.0,496.0,8000.0
7814,nan,600.0,500.0,-0.0012291039632495449,-0.0019154311991156235,-0.0073047420234382265,-0.000626844107698421,-0.0019836586893144936,-0.000933977099118688,0.0010496815901958056,-12.903762903762903,-76.92307692307692,-6.578947368421052,1404.0,502.475,596.0,10000.0
7814,nan,700.0,600.0,,,0.16380990559967187,109999.0,0.35727618375682013,3.267505462020959,2.910229278264139,,143.74869318181817,10999.9,1318.0,600.0,694.0,11000.0
7821,Trakai,325.0,275.0,-0.0038360268685282417,-0.01521725121969478,-0.08299595679532878,0.0,-0.01807536035472912,0.0,0.01807536035472912,-5.555555555555555,-125.0,0.0,1641.0,278.0,324.0,1000.0
7821,Trakai,375.0,325.0,-0.007918776218757695,-0.01079266805340329,-0.038051096439048956,-0.00451897057070419,-0.010973950581719655,-0.006124578565526173,0.004849372016193482,-19.607843137254903,-95.68181818181817,-11.17041198501873,1601.0,325.0,373.0,2000.0
7821,Trakai,425.0,375.0,0.006780636928134465,0.008618465771109118,0.00365951855834723,0.02349343227977355,0.005145663408022028,0.009257705998790833,0.004112042590768805,16.666666666666668,9.00900900900901,57.271241830065286,1550.0,376.0,423.525,3000.0
7821,Trakai,500.0,425.0,0.011335197045200585,0.018088552426717357,0.005648145634946634,0.06504108943996267,0.008701983790398993,0.017479692102686295,0.008777708312287302,16.261237440507667,8.125619834710744,90.9090909090909,1488.0,425.475,498.0,2000.0
7821,Trakai,600.0,500.0,,,0.12042480752502116,9999.0,0.24519708473503288,2.1622776601683795,1.9170805754333466,,12.344444444444445,999.9,1420.0,500.0,594.0,1000.0
7850,Turnhout,325.0,275.0,0.0012551883227730487,0.004792319462812528,0.0,0.025183197102925804,0.0,0.006049129325025104,0.006049129325025104,5.617977528089888,0.0,111.45833333333302,1642.5,277.0,324.0,5000.0
7850,Turnhout,375.0,325.0,0.00565676435947271,0.0074299989144765285,0.0032744638420139083,0.020761297971865877,0.0043029936803957725,0.00802318328887508,0.0037201896084793074,19.607843137254903,11.363636363636363,71.42857142857143,1601.0,327.0,372.0,4000.0
7850,Turnhout,425.0,375.0,0.006355503360101045,0.00921180902682162,0.00362678510604475,0.03309072399635027,0.004897073445708333,0.009474018174702836,0.004576944728994503,15.625,8.928571428571429,80.28846153846139,1551.0,376.0,423.0,3000.0
7850,Turnhout,500.0,425.0,0.008188012619719132,0.011399599178592311,0.004540651386895078,0.04049653795668208,0.006264107164007271,0.011427873425220447,0.005163766261213176,11.764705882352942,6.5359477124183005,57.271241830065286,1487.0,426.0,498.0,2000.0
7850,Turnhout,600.0,500.0,-0.008961515535408249,-0.013458438330655539,-0.04830484698938042,-0.004564076442251783,-0.014046278251899968,-0.006642715706043023,0.007403562545856945,-12.987012987012987,-71.42857142857143,-6.599642732659464,1403.0,503.0,596.0,1000.0
7850,Turnhout,700.0,600.0,,,0.13725415551173614,19999.0,0.2977319584968121,3.1155971378360787,2.8178651793392664,,25.972727272727273,1999.9,1317.0,600.0,695.0,2000.0
7912,nan,325.0,275.0,-0.0023248375597529347,-0.007801688812140453,-0.03984340976701303,0.0,-0.010613410469590745,0.0,0.010613410469590745,-40.229885057471265,-701.9444444444443,0.0,1640.0,278.0,324.0,14000.0
7912,nan,375.0,325.0,0.0030271348969084233,0.003992940513775823,0.0016953990812644815,0.01152138342557694,0.0023383460376573684,0.004414018344535586,0.002075672306878218,58.8235294117647,32.967032967032964,222.93956043956007,1600.0,325.0,373.0,21000.0
7912,nan,425.0,375.0,0.0019327347657567273,0.0028002304713844266,0.0010713283322598688,0.010336867579403504,0.0014374105692844807,0.002742895236660603,0.0013054846673761222,32.78688524590164,18.181818181818183,174.62121212121178,1548.5,376.0,423.525,18000.0
7912,nan,500.0,425.0,0.006832518231586926,0.010184903143138923,0.0036826629088462072,0.03557418914701836,0.005138974079246128,0.009799639720292186,0.004660665641046058,82.84313725490196,44.72174587620447,425.27573529411706,1488.0,426.0,497.0,16000.0
7912,nan,600.0,500.0,0.0034485961729802117,0.00528421854249894,0.0016547519901817243,0.019519949838637807,0.00246090981789987,0.00547830848793196,0.00301739867003209,27.397260273972602,13.157894736842104,153.84615384615384,1401.0,501.475,596.0,9000.0
7912,nan,700.0,600.0,,,0.15478202579792924,69999.0,0.31272308589317976,5.419723747801424,5.107000661908244,,90.29591283716283,6999.9,1320.0,600.0,694.0,7000.0
7919,Unna,325.0,275.0,-0.0050646785518857484,-0.016984515390436668,-0.07992414149644911,0.0,-0.023220784095067337,0.0,0.023220784095067337,-16.666666666666668,-272.72727272727275,0.0,1641.0,276.0,324.0,2000.0
7919,Unna,375.0,325.0,0.004659646532143125,0.006770399682126344,0.0024957146205644375,0.028285594297889682,0.003492703312129475,0.006997605600685519,0.0035049022885560444,20.833333333333332,11.170411985018728,125.0,1599.0,326.0,374.0,5000.0
7919,Unna,425.0,375.0,0.004650815050990964,0.006492342010115924,0.002526713725541585,0.019363899512133687,0.0036367626177913337,0.006597915017086398,0.002961152399295064,16.129032258064516,8.771929824561404,66.66666666666667,1550.0,375.0,423.0,4000.0
7919,Unna,500.0,425.0,0.012782149317584812,0.016670409094717235,0.00708897690585481,0.04892491764529261,0.009598927332304275,0.018173196271457526,0.008574268939153251,23.122159850307405,12.859801488833748,86.95652173913044,1491.0,427.0,497.0,3000.0
7919,Unna,600.0,500.0,-0.00932312146765335,-0.01672798533329342,-0.07412528771270954,-0.00454849973143346,-0.014639596005697975,-0.006977033367622565,0.00766256263807541,-13.513513513513514,-111.11111111111111,-6.577067913258021,1400.0,503.0,598.0,1000.0
7919,Unna,700.0,600.0,,,0.13005384092603278,19999.0,0.2955711579389054,4.210007309586913,3.9144361516480073,,24.690123456790126,1999.9,1320.0,600.0,695.0,2000.0
7944,Utrecht,325.0,275.0,0.0,0.0,0.0,0.0,0.0,0.0,0.0,0.0,0.0,0.0,1641.0,277.0,324.0,30000.0
7944,Utrecht,375.0,325.0,0.002220824579521441,0.0028988534556351245,0.0012117740154093948,0.00881870060450729,0.0016737883600455028,0.0031978451309242484,0.0015240567708787456,63.16489361702128,34.48275862068966,250.0,1599.0,326.0,373.525,30000.0
7944,Utrecht,425.0,375.0,0.0012032395803418527,0.0016366325753256698,0.0007128561940339395,0.005512354647803974,0.000927671480734471,0.0018340856226548574,0.0009064141419203864,31.25,18.51851851851852,142.85714285714286,1553.0,376.0,423.0,27000.0
7944,Utrecht,500.0,425.0,0.00763277840230181,0.010608000113368531,0.004159925537695441,0.033407458521066295,0.005557133623564692,0.010433842038206853,0.004876708414642161,139.53488372093022,76.17915020559542,603.0075187969911,1489.5,427.0,497.0,25000.0
7944,Utrecht,600.0,500.0,0.010225477675538608,0.02022707758394913,0.005237926222172451,0.08970823661662042,0.0076847225008984665,0.016586908975518178,0.008902186474619711,92.10526315789474,47.2972972972973,777.7777777777778,1401.5,502.0,596.0,13000.0
7944,Utrecht,700.0,600.0,,,0.16266373567632342,59999.0,0.33579810300530033,5.256890314820025,4.921092211814724,,82.19041095890411,5999.9,1319.0,600.0,695.0,6000.0
7984,Velbert,325.0,275.0,0.0,0.0,0.0,0.0,0.0,0.0,0.0,0.0,0.0,0.0,1641.0,277.0,324.0,2000.0
7984,Velbert,375.0,325.0,0.0,0.0,0.0,0.0,0.0,0.0,0.0,0.0,0.0,0.0,1600.0,325.475,373.0,2000.0
7984,Velbert,425.0,375.0,0.010976185269298,0.015469327617676528,0.006291242032173505,0.04459701953985623,0.008594091576999086,0.015182517950348418,0.006588426373349332,15.749007936507937,9.047911547911548,62.94117647058806,1551.0,376.0,423.525,2000.0
7984,Velbert,500.0,425.0,0.0,0.0,0.0,0.0,0.0,0.0,0.0,0.0,0.0,0.0,1488.0,426.0,496.0,1000.0
7984,Velbert,600.0,500.0,-0.00932312146765335,-0.015957916618218593,-0.04830484698938042,-0.004504752194525819,-0.015285247065568774,-0.006977033367622565,0.00830821369794621,-13.513513513513514,-71.42857142857143,-6.5136660724896025,1399.0,502.0,597.0,1000.0
7984,Velbert,700.0,600.0,,,0.1267294308598781,19999.0,0.3069051036156929,4.210007309586913,3.9031022059712197,,24.095180722891566,1999.9,1321.0,600.0,695.0,2000.0
7991,Velikiye Luki,325.0,275.0,0.0,0.0,0.0,0.0,0.0,0.0,0.0,0.0,0.0,0.0,1644.0,277.0,324.0,1000.0
7991,Velikiye Luki,375.0,325.0,0.0,0.0,0.0,0.0,0.0,0.0,0.0,0.0,0.0,0.0,1602.0,325.475,373.0,1000.0
7991,Velikiye Luki,425.0,375.0,0.0,0.0,0.0,0.0,0.0,0.0,0.0,0.0,0.0,0.0,1550.0,377.0,423.0,1000.0
7991,Velikiye Luki,500.0,425.0,0.0,0.0,0.0,0.0,0.0,0.0,0.0,0.0,0.0,0.0,1487.0,427.0,497.525,1000.0
7991,Velikiye Luki,600.0,500.0,0.0,0.0,0.0,0.0,0.0,0.0,0.0,0.0,0.0,0.0,1399.0,503.0,596.0,1000.0
7991,Velikiye Luki,700.0,600.0,,,0.11807782902699247,9999.0,0.2742749857031337,2.72759372031494,2.4533187346118064,,12.11677233323538,999.9,1320.5,600.0,694.0,1000.0
7992,Veliž,325.0,275.0,0.0023907865762341496,0.007601618637595878,0.0,0.04137974399241062,0.0,0.010727263318404345,0.010727263318404345,5.882352941176471,0.0,100.0,1641.0,276.0,324.0,3000.0
7992,Veliž,375.0,325.0,0.0,0.0,0.0,0.0,0.0,0.0,0.0,0.0,0.0,0.0,1599.5,326.0,373.0,2000.0
7992,Veliž,425.0,375.0,0.0,0.0,0.0,0.0,0.0,0.0,0.0,0.0,0.0,0.0,1549.0,376.0,424.0,2000.0
7992,Veliž,500.0,425.0,0.011817539120121179,0.01911379488983252,0.005450265269772631,0.06857558531553601,0.008386139151709715,0.020001609421198996,0.01161547026948928,16.949152542372882,7.841719980314961,95.68181818181797,1486.0,428.0,498.0,2000.0
7992,Veliž,600.0,500.0,,,0.1244531718082076,9999.0,0.26638017346740317,2.72759372031494,2.461213546847537,,12.734039678675755,999.9,1420.0,500.0,594.0,1000.0
8000,Venlo,325.0,275.0,0.0009811848897820497,0.003838439117516718,0.0,0.02046453567684825,0.0,0.004685856160555835,0.004685856160555835,5.376344086021505,0.0,111.11111111111111,1642.0,277.0,324.0,6000.0
8000,Venlo,375.0,325.0,0.004384949630707791,0.006142127671603077,0.0025103766455460974,0.02049293216846504,0.0033360530458059756,0.006443080143127555,0.0031070270973215797,19.607843137254903,11.235955056179776,90.9090909090909,1601.0,326.0,373.0,5000.0
8000,Venlo,425.0,375.0,0.004766726014595379,0.0061704535444063995,0.0026063125573230262,0.020945284473855418,0.0035038751704576376,0.006712710675904177,0.003208835505446539,16.530054644808743,9.047911547911548,72.05128205128182,1549.0,376.0,424.0,4000.0
8000,Venlo,500.0,425.0,0.012856504764857224,0.019162651047360982,0.00725389538184773,0.07598962472534576,0.009857304594033778,0.018557896006486274,0.008700591412452496,23.25581395348837,13.157894736842104,133.33333333333334,1487.0,427.0,498.0,3000.0
8000,Venlo,600.0,500.0,0.0,0.0,0.0,0.0,0.0,0.0,0.0,0.0,0.0,0.0,1403.0,501.0,596.0,1000.0
8000,Venlo,700.0,600.0,,,0.12790588178316764,9999.0,0.2826498305280605,2.72759372031494,2.444943889786879,,13.066875000000001,999.9,1318.0,600.0,693.0,1000.0
8005,Verden,325.0,275.0,0.0,0.0,0.0,0.0,0.0,0.0,0.0,0.0,0.0,0.0,1641.0,278.0,324.0,4000.0
8005,Verden,375.0,325.0,0.0057702254348444,0.008445052362927188,0.003312163619931585,0.029186008964760646,0.004576823912877392,0.00932326018262053,0.004746436269743137,20.0,11.494252873563218,100.0,1599.0,326.0,373.0,4000.0
8005,Verden,425.0,375.0,0.006355503360101045,0.008895418488351719,0.003594632046277191,0.030590586792438465,0.0050182917336516475,0.009102714753431995,0.004084423019780348,15.625,8.849557522123893,74.31318681318669,1550.0,376.0,423.0,3000.0
8005,Verden,500.0,425.0,0.007999031637823784,0.011012660466719563,0.004453137034247767,0.03526492384137758,0.0060987605963314095,0.011427873425220447,0.005329112828889038,11.494252873563218,6.410256410256411,50.0,1488.0,426.0,498.0,2000.0
8005,Verden,600.0,500.0,-0.00932312146765335,-0.014777985652988261,-0.05412916653100447,-0.004672476753331822,-0.014955456464126105,-0.007030240424083539,0.007925216040042565,-13.513513513513514,-80.28846153846152,-6.756756756756757,1401.5,503.0,596.0,1000.0
8005,Verden,700.0,600.0,,,0.1317822407038276,19999.0,0.3069051036156929,3.1155971378360787,2.808692034220386,,24.99875,1999.9,1318.0,600.0,695.0,2000.0
8038,Vitebsk,325.0,275.0,0.0,0.0,0.0,0.0,0.0,0.0,0.0,0.0,0.0,0.0,1642.0,277.0,324.0,5000.0
8038,Vitebsk,375.0,325.0,0.004472844466388848,0.006237737266807958,0.0025389398366217897,0.01731305178338105,0.003492703312129475,0.006395896989544125,0.0029031936774146505,20.0,11.363636363636363,76.92307692307692,1602.0,326.0,373.0,5000.0
8038,Vitebsk,425.0,375.0,0.004505150194401342,0.006419240182839929,0.002571891585985586,0.019363899512133687,0.003472062759659167,0.006413413367788001,0.0029413506081288343,15.625,8.928571428571429,66.66666666666667,1551.0,376.0,423.0,4000.0
8038,Vitebsk,500.0,425.0,0.0,0.0,0.0,0.0,0.0,0.0,0.0,0.0,0.0,0.0,1488.0,426.0,498.0,3000.0
8038,Vitebsk,600.0,500.0,-0.003729160158135958,-0.005396868887008039,-0.023688424222606752,-0.0018306921234426676,-0.0055440405633279954,-0.002762351440127153,0.0027816891232008423,-12.987012987012987,-83.33333333333333,-6.369426751592357,1403.0,503.0,597.0,3000.0
8038,Vitebsk,700.0,600.0,,,0.15855725160436274,39999.0,0.3216207294336044,2.7606030930863934,2.438982363652789,,55.55416666666667,3999.9,1314.5,601.0,695.0,4000.0
8041,Vlaardingen,325.0,275.0,0.0022084777773859754,0.009273779910801533,0.0,0.04137974399241062,0.0,0.011018780911828951,0.011018780911828951,5.434782608695652,0.0,100.0,1641.0,277.0,324.0,3000.0
8041,Vlaardingen,375.0,325.0,0.0,0.0,0.0,0.0,0.0,0.0,0.0,0.0,0.0,0.0,1600.0,326.0,373.0,2000.0
8041,Vlaardingen,425.0,375.0,0.0,0.0,0.0,0.0,0.0,0.0,0.0,0.0,0.0,0.0,1551.0,376.0,423.0,2000.0
8041,Vlaardingen,500.0,425.0,0.0076460851390429685,0.011105438096949612,0.004438213075232811,0.03736193249137205,0.005993295084069983,0.011063084486895525,0.005069789402825542,10.989010989010989,6.388820839457782,52.91666666666654,1489.0,427.0,498.0,2000.0
8041,Vlaardingen,600.0,500.0,-0.009261254101212035,-0.014741213918800955,-0.05872097337879976,-0.0047846107879033544,-0.014955456464126105,-0.006977033367622565,0.00797842309650354,-13.423423423423424,-87.31060606060605,-6.919300766283526,1398.0,502.475,598.0,1000.0
8041,Vlaardingen,700.0,600.0,,,0.1335571422695565,19999.0,0.2890887562651854,2.0053303814001584,1.716241625134973,,25.315189873417722,1999.9,1318.0,600.0,695.0,2000.0
8185,Warburg,325.0,275.0,-0.0013108876893729304,-0.004590368156328003,-0.022067231457071457,0.0,-0.005854991058641068,0.0,0.005854991058641068,-5.882352941176471,-100.0,0.0,1642.0,277.0,324.0,4000.0
8185,Warburg,375.0,325.0,0.010479542501580674,0.015679959647674026,0.0057561168919590955,0.05009371566018235,0.008013588659536275,0.015137714958284532,0.007124126298748257,40.816326530612244,22.471910112359552,191.36363636363595,1600.0,326.0,373.525,5000.0
8185,Warburg,425.0,375.0,0.006456709352256285,0.009780825579703716,0.003691472804617391,0.04137974399241062,0.005145663408022028,0.009257705998790833,0.004112042590768805,15.873015873015873,9.087527894867344,100.0,1552.0,376.0,423.0,3000.0
8185,Warburg,500.0,425.0,0.007907775099265324,0.01047033234924428,0.004495786510653338,0.03715504444619189,0.006032499705455441,0.011063084486895525,0.005030584781440084,11.363636363636363,6.471512358609132,52.63157894736842,1489.0,427.0,497.0,2000.0
8185,Warburg,600.0,500.0,-0.00971513651191136,-0.015431719470866356,-0.0451583960895835,-0.004475664667534269,-0.015285247065568774,-0.007120376362407699,0.008164870703161076,-14.084507042253522,-66.66666666666667,-6.471512358609133,1399.5,503.0,598.0,1000.0
8185,Warburg,700.0,600.0,,,0.13262531894754884,19999.0,0.27321917512884375,2.4484882412482154,2.1752690661193714,,25.14905893987342,1999.9,1320.0,600.0,695.0,2000.0
8205,Warszawa,325.0,275.0,0.00044487950975447,0.0015942149371536887,0.0,0.00893330005450399,0.0,0.002003071163930281,0.002003071163930281,5.555555555555555,0.0,111.11111111111111,1642.0,277.0,324.0,13000.0
8205,Warszawa,375.0,325.0,0.008309128894722129,0.010894038636134891,0.0046434622169012115,0.036036713279467766,0.006669109111452354,0.011326585144617374,0.00465747603316502,81.63265306122449,45.702716823406476,349.24242424242357,1598.5,326.0,373.0,12000.0
8205,Warszawa,425.0,375.0,0.007370838587224204,0.01007012227119994,0.004148751878240648,0.028033004753126534,0.005594415620210569,0.010990271113809236,0.005395855493598667,46.875,26.426408942710758,176.47058823529412,1550.5,375.0,423.0,8000.0
8205,Warszawa,500.0,425.0,0.018671458194243318,0.029422693787881257,0.01014010381808878,0.09109376586617525,0.014344725514594758,0.026407745944611316,0.012063020430016558,45.97701149425287,25.074685534591197,216.6666666666664,1486.0,427.0,499.0,5000.0
8205,Warszawa,600.0,500.0,-0.009139140032089321,-0.01683402661397883,-0.06696700846319259,-0.004800522713729928,-0.015371412822712649,-0.007175803722150237,0.008195609100562412,-13.24561403508772,-100.0,-6.942367976850738,1399.0,502.0,597.525,1000.0
8205,Warszawa,700.0,600.0,,,0.13816911638001297,19999.0,0.2890887562651854,3.1155971378360787,2.8265083815708936,,26.13505681818182,1999.9,1318.0,600.0,694.025,2000.0
8229,Wavre,325.0,275.0,0.0,0.0,0.0,0.0,0.0,0.0,0.0,0.0,0.0,0.0,1642.0,277.0,324.0,2000.0
8229,Wavre,375.0,325.0,0.013959479790029095,0.019927273830561625,0.007731369217151451,0.07177346253629313,0.010720863771376044,0.019440643702144822,0.008719779930768778,20.0,11.11111111111111,100.0,1601.0,326.0,373.0,2000.0
8229,Wavre,425.0,375.0,0.0,0.0,0.0,0.0,0.0,0.0,0.0,0.0,0.0,0.0,1550.0,376.0,423.0,1000.0
8229,Wavre,500.0,425.0,0.0,0.0,0.0,0.0,0.0,0.0,0.0,0.0,0.0,0.0,1490.0,427.0,497.0,1000.0
8229,Wavre,600.0,500.0,0.0,0.0,0.0,0.0,0.0,0.0,0.0,0.0,0.0,0.0,1397.0,502.0,596.0,1000.0
8229,Wavre,700.0,600.0,,,0.130663397949639,9999.0,0.2915496650148839,2.72759372031494,2.436044055300056,,13.331999999999999,999.9,1321.0,600.0,695.0,1000.0
8242,Weert,325.0,275.0,0.0,0.0,0.0,0.0,0.0,0.0,0.0,0.0,0.0,0.0,1640.0,278.0,324.0,5000.0
8242,Weert,375.0,325.0,-0.003639790979274582,-0.004681140260770443,-0.012081199611125082,-0.0020574947512119086,-0.005233743970381899,-0.002889809404047816,0.0023439345663340827,-20.0,-66.66666666666667,-11.296603677221658,1602.0,326.475,373.0,5000.0
8242,Weert,425.0,375.0,0.002944998283070266,0.0039329023715360565,0.0016895883115120025,0.011863821081270114,0.0022816183987428573,0.0042743847046728956,0.0019927663059300382,16.129032258064516,9.25925925925926,64.68749999999991,1552.0,376.0,423.0,6000.0
8242,Weert,500.0,425.0,0.018248069912453424,0.03332446946288168,0.010505696885380722,0.08424444173470048,0.013850927025443438,0.02673537324768005,0.012884446222236612,44.943820224719104,25.974025974025974,201.0025062656637,1491.0,426.0,497.0,5000.0
8242,Weert,600.0,500.0,0.0,0.0,0.0,0.0,0.0,0.0,0.0,0.0,0.0,0.0,1401.5,502.0,596.525,1000.0
8242,Weert,700.0,600.0,,,0.11881531209735202,9999.0,0.2589254117941673,2.3036066752050197,2.0446812634108524,,12.188279785809907,999.9,1322.0,600.0,693.0,1000.0
8272,Weißenfels,325.0,275.0,0.002184678900587267,0.007954992627685138,0.0,0.04137974399241062,0.0,0.010727263318404345,0.010727263318404345,5.376344086021505,0.0,100.0,1641.0,277.975,324.0,3000.0
8272,Weißenfels,375.0,325.0,0.0,0.0,0.0,0.0,0.0,0.0,0.0,0.0,0.0,0.0,1600.0,326.0,373.0,2000.0
8272,Weißenfels,425.0,375.0,0.011152802576038123,0.015960523965298356,0.006124475687834807,0.052861593513143644,0.008285891695374081,0.01664043939193549,0.00835454769656141,16.001024065540193,8.808802980903586,74.31318681318669,1551.5,376.0,423.0,2000.0
8272,Weißenfels,500.0,425.0,0.0,0.0,0.0,0.0,0.0,0.0,0.0,0.0,0.0,0.0,1490.0,426.475,498.0,1000.0
8272,Weißenfels,600.0,500.0,-0.00932312146765335,-0.014057166349604133,-0.05192248566082858,-0.004672476753331822,-0.015037904114486772,-0.006977033367622565,0.008060870746864207,-13.513513513513514,-76.92307692307692,-6.756756756756757,1398.0,503.0,596.0,1000.0
8272,Weißenfels,700.0,600.0,,,0.1391803889186347,19999.0,0.31665822187606274,3.1155971378360787,2.798938915960016,,26.314473684210526,1999.9,1320.0,600.0,695.0,2000.0
8323,Werden,325.0,275.0,0.0,0.0,0.0,0.0,0.0,0.0,0.0,0.0,0.0,0.0,1641.0,277.0,324.0,2000.0
8323,Werden,375.0,325.0,0.0,0.0,0.0,0.0,0.0,0.0,0.0,0.0,0.0,0.0,1602.0,326.0,373.0,2000.0
8323,Werden,425.0,375.0,0.0,0.0,0.0,0.0,0.0,0.0,0.0,0.0,0.0,0.0,1552.0,376.0,423.0,2000.0
8323,Werden,500.0,425.0,0.00781857725471724,0.010679706884080887,0.00438209558808052,0.03715504444619189,0.006139363372389406,0.010889286051700475,0.004749922679311069,11.235955056179776,6.308215906376881,52.63157894736842,1491.0,427.0,497.525,2000.0
8323,Werden,600.0,500.0,-0.009261254101212035,-0.014950947001258427,-0.06106908933829369,-0.004641190733500444,-0.014639596005697975,-0.006772522985858731,0.007867073019839244,-13.423423423423424,-90.9090909090909,-6.7114093959731544,1398.0,503.0,597.0,1000.0
8323,Werden,700.0,600.0,,,0.14212948990541047,19999.0,0.3069051036156929,2.615265465395181,2.308360361779488,,26.83649594594595,1999.9,1317.0,600.0,693.025,2000.0
8345,Wesel,325.0,275.0,-0.0010118722687673665,-0.003450812188164563,-0.01806695543808734,0.0,-0.004664001321231903,0.0,0.004664001321231903,-5.555555555555555,-100.0,0.0,1643.0,277.0,324.0,5000.0
8345,Wesel,375.0,325.0,0.0,0.0,0.0,0.0,0.0,0.0,0.0,0.0,0.0,0.0,1600.0,326.0,373.0,6000.0
8345,Wesel,425.0,375.0,0.0,0.0,0.0,0.0,0.0,0.0,0.0,0.0,0.0,0.0,1551.0,376.0,423.0,6000.0
8345,Wesel,500.0,425.0,0.0,0.0,0.0,0.0,0.0,0.0,0.0,0.0,0.0,0.0,1489.0,427.0,496.525,6000.0
8345,Wesel,600.0,500.0,0.009042550492122992,0.013361529227593382,0.004646474178124293,0.054766076481646664,0.0068187028073551925,0.01403120658435364,0.007212503776998447,38.96103896103896,20.063758389261743,230.76923076923077,1401.5,504.0,596.0,6000.0
8345,Wesel,700.0,600.0,,,0.14029624193697868,29999.0,0.3025607302937148,2.627773439663084,2.325212709369369,,38.204666098669264,2999.9,1316.0,600.0,696.0,3000.0
8379,Wetzlar,325.0,275.0,0.0,0.0,0.0,0.0,0.0,0.0,0.0,0.0,0.0,0.0,1643.0,276.0,324.0,3000.0
8379,Wetzlar,375.0,325.0,0.0,0.0,0.0,0.0,0.0,0.0,0.0,0.0,0.0,0.0,1600.0,326.0,373.0,3000.0
8379,Wetzlar,425.0,375.0,0.006669109111452354,0.008904728930555513,0.0036928482612279545,0.02493969125857857,0.005145663408022028,0.009257705998790833,0.004112042590768805,16.39344262295082,9.090909090909092,60.753676470588154,1551.0,376.0,423.0,3000.0
8379,Wetzlar,500.0,425.0,-0.007845732808725137,-0.010872464292870605,-0.037776163105854854,-0.004490841596827999,-0.011117531586572915,-0.0060486530503927605,0.005068878536180155,-22.727272727272727,-111.11111111111111,-12.987012987012987,1490.0,426.475,497.0,2000.0
8379,Wetzlar,600.0,500.0,-0.005251940705303326,-0.008622198892753029,-0.03322429427293372,-0.002708044561115958,-0.007918776218757695,-0.0040064586638997035,0.003912317554857991,-25.974025974025974,-166.66666666666666,-13.375838926174499,1400.0,503.0,597.0,4000.0
8379,Wetzlar,700.0,600.0,,,0.15148517083450486,59999.0,0.3333281019169174,3.8149639044558894,3.481635802538972,,76.92179487179487,5999.9,1316.0,600.0,694.025,6000.0
8428,Wiesbaden,325.0,275.0,0.0,0.0,0.0,0.0,0.0,0.0,0.0,0.0,0.0,0.0,1643.0,277.0,324.0,1000.0
8428,Wiesbaden,375.0,325.0,0.0,0.0,0.0,0.0,0.0,0.0,0.0,0.0,0.0,0.0,1601.0,326.0,373.0,1000.0
8428,Wiesbaden,425.0,375.0,0.0,0.0,0.0,0.0,0.0,0.0,0.0,0.0,0.0,0.0,1550.0,376.0,424.0,1000.0
8428,Wiesbaden,500.0,425.0,0.0,0.0,0.0,0.0,0.0,0.0,0.0,0.0,0.0,0.0,1485.5,426.0,498.0,1000.0
8428,Wiesbaden,600.0,500.0,0.0,0.0,0.0,0.0,0.0,0.0,0.0,0.0,0.0,0.0,1400.0,502.0,597.0,1000.0
8428,Wiesbaden,700.0,600.0,,,0.12533558260076494,9999.0,0.2805561193218288,2.72759372031494,2.447037600993111,,12.819230769230769,999.9,1318.5,600.0,696.0,1000.0
8461,Vilnius,325.0,275.0,0.0,0.0,0.0,0.0,0.0,0.0,0.0,0.0,0.0,0.0,1642.0,276.0,324.0,40000.0
8461,Vilnius,375.0,325.0,0.007159002890112509,0.009833956275363594,0.003970918218966002,0.03163241423794276,0.00550238967339256,0.009430371093527734,0.003927981420135174,240.0,133.33333333333334,1047.7272727272707,1600.0,326.0,373.0,40000.0
8461,Vilnius,425.0,375.0,0.005313169884427982,0.00707610453499122,0.002982067957377099,0.025319991121284708,0.004111750102719469,0.0073414309731862915,0.0032296808704668223,125.9920634920635,70.79646017699115,594.5054945054935,1550.0,376.0,422.0,28000.0
8461,Vilnius,500.0,425.0,0.01242743523196177,0.016647575884387436,0.006817068239015717,0.05680879451511589,0.00941747983208141,0.0176510052265777,0.008233525394496288,152.94117647058823,84.12966066191873,684.2105263157895,1487.0,426.475,498.0,20000.0
8461,Vilnius,600.0,500.0,0.011595106707733782,0.01995439316854469,0.005719706820209425,0.08007132240229708,0.00866135855158845,0.017442161586303184,0.008780803034714735,54.42428730099963,26.92517006802721,363.6363636363636,1400.0,504.0,597.0,7000.0
8461,Vilnius,700.0,600.0,,,0.1393213083397099,29999.0,0.29195429623451224,2.627773439663084,2.335819143428572,,37.9554655448718,2999.9,1318.0,600.0,695.0,3000.0
8488,Winterswijk,325.0,275.0,0.0,0.0,0.0,0.0,0.0,0.0,0.0,0.0,0.0,0.0,1642.0,277.0,324.0,2000.0
8488,Winterswijk,375.0,325.0,0.014246386967327274,0.0181241771578411,0.007731369217151451,0.05723201086741209,0.010720863771376044,0.020001609421198996,0.009280745649822952,20.408163265306122,11.11111111111111,80.28846153846139,1600.0,326.0,372.525,2000.0
8488,Winterswijk,425.0,375.0,0.0,0.0,0.0,0.0,0.0,0.0,0.0,0.0,0.0,0.0,1549.0,376.0,424.0,1000.0
8488,Winterswijk,500.0,425.0,0.0,0.0,0.0,0.0,0.0,0.0,0.0,0.0,0.0,0.0,1490.0,427.0,497.0,1000.0
8488,Winterswijk,600.0,500.0,0.0,0.0,0.0,0.0,0.0,0.0,0.0,0.0,0.0,0.0,1401.0,503.0,596.0,1000.0
8488,Winterswijk,700.0,600.0,,,0.12279571857443747,9999.0,0.2826498305280605,2.72759372031494,2.444943889786879,,12.573900712025315,999.9,1319.0,600.0,696.0,1000.0
8505,Wismar,325.0,275.0,0.0016560818099657926,0.00616370758149523,0.0,0.03661464962807748,0.0,0.00802318328887508,0.00802318328887508,5.747126436781609,0.0,125.0,1641.0,277.0,324.0,4000.0
8505,Wismar,375.0,325.0,-0.009966193742124152,-0.013369740688298748,-0.04167547137285199,-0.0057880211223644285,-0.013352828924830251,-0.0077099071891783,0.005642921735651951,-39.21568627450981,-166.66666666666666,-22.727272727272727,1603.0,326.0,373.0,3000.0
8505,Wismar,425.0,375.0,-0.00974861556509099,-0.013112589669127046,-0.04111560784629609,-0.0052343480299810174,-0.0138974469335571,-0.007297895671091653,0.006599551262465447,-66.66666666666667,-285.7142857142857,-35.714285714285715,1550.0,375.0,423.0,5000.0
8505,Wismar,500.0,425.0,0.004618189163819064,0.006265432084152073,0.0025851985865397555,0.02015957105895569,0.00362678510604475,0.006162320179612157,0.0025355350735674076,34.09090909090909,19.10296981499513,147.66746411483206,1491.0,426.0,498.0,9000.0
8505,Wismar,600.0,500.0,-0.003828413831881594,-0.005469703694844217,-0.023688424222606752,-0.0018542920429410747,-0.005737120953595243,-0.0027891329506916085,0.0029479880029036343,-26.666666666666668,-166.66666666666666,-12.903225806451612,1400.0,502.475,595.525,6000.0
8505,Wismar,700.0,600.0,,,0.16015052777387684,79999.0,0.3654619899080637,3.100966752495598,2.735504762587534,,105.26184210526316,7999.9,1316.0,600.0,694.0,8000.0
8513,Lutherstadt Wittenberg,325.0,275.0,0.0016560818099657926,0.005867262130491656,0.0,0.0324810319761204,0.0,0.00802318328887508,0.00802318328887508,5.747126436781609,0.0,111.11111111111111,1642.0,277.0,324.0,4000.0
8513,Lutherstadt Wittenberg,375.0,325.0,0.008309128894722129,0.010535402310228207,0.004618189163819064,0.031681116530724474,0.00653507038525819,0.011018780911828951,0.004483710526570761,20.408163265306122,11.363636363636363,76.92307692307692,1602.0,326.0,372.0,3000.0
8513,Lutherstadt Wittenberg,425.0,375.0,0.0,0.0,0.0,0.0,0.0,0.0,0.0,0.0,0.0,0.0,1552.0,376.0,423.0,2000.0
8513,Lutherstadt Wittenberg,500.0,425.0,0.0,0.0,0.0,0.0,0.0,0.0,0.0,0.0,0.0,0.0,1489.0,426.0,496.0,2000.0
8513,Lutherstadt Wittenberg,600.0,500.0,-0.005695624104789576,-0.009697843649057217,-0.04200162095163448,-0.002801603150762883,-0.009607481546070051,-0.0040872315918704105,0.005520249954199641,-14.087301587301589,-105.83333333333331,-6.919300766283526,1399.0,501.0,596.0,2000.0
8513,Lutherstadt Wittenberg,700.0,600.0,,,0.1422291378635589,29999.0,0.2939813929797743,3.3610267508422353,3.067045357862461,,38.69751123876124,2999.9,1319.0,600.0,694.0,3000.0
8580,Wolfenbüttel,325.0,275.0,0.00211626341175708,0.008309078649803577,0.0,0.04137974399241062,0.0,0.011018780911828951,0.011018780911828951,10.416666666666666,0.0,200.0,1641.0,277.0,324.0,6000.0
8580,Wolfenbüttel,375.0,325.0,0.005888331169939143,0.007667663820257898,0.0032186963454341523,0.02543641050186509,0.004576823912877392,0.008314304104115877,0.0037374801912384847,20.408163265306122,11.170411985018728,87.31060606060589,1600.0,326.0,373.0,4000.0
8580,Wolfenbüttel,425.0,375.0,0.006406106356178665,0.009321455477970045,0.0036753501672155743,0.03436608313191658,0.0050182917336516475,0.009530683795142492,0.004512392061490844,15.749007936507937,9.047911547911548,83.33333333333333,1551.0,376.0,423.0,3000.0
8580,Wolfenbüttel,500.0,425.0,0.00781857725471724,0.012107760284278183,0.0043966444765612955,0.03825973977865888,0.0060987605963314095,0.012022509754104904,0.005923749157773495,11.235955056179776,6.329113924050633,54.1666666666666,1489.0,426.0,498.0,2000.0
8580,Wolfenbüttel,600.0,500.0,-0.00919938673477072,-0.013225113875104519,-0.04384659961520882,-0.004577632307887108,-0.014639596005697975,-0.006839347841746557,0.007800248163951418,-13.333333333333334,-64.6875,-6.61929201210686,1400.0,502.0,596.525,1000.0
8580,Wolfenbüttel,700.0,600.0,,,0.1391803889186347,19999.0,0.3046118173359727,3.1155971378360787,2.810985320500106,,26.314473684210526,1999.9,1317.0,600.0,695.0,2000.0
8597,Wolin,325.0,275.0,0.0,0.0,0.0,0.0,0.0,0.0,0.0,0.0,0.0,0.0,1641.5,277.0,324.0,1000.0
8597,Wolin,375.0,325.0,0.0,0.0,0.0,0.0,0.0,0.0,0.0,0.0,0.0,0.0,1600.0,326.0,373.0,1000.0
8597,Wolin,425.0,375.0,0.0,0.0,0.0,0.0,0.0,0.0,0.0,0.0,0.0,0.0,1551.0,376.0,424.0,1000.0
8597,Wolin,500.0,425.0,0.0,0.0,0.0,0.0,0.0,0.0,0.0,0.0,0.0,0.0,1483.0,428.0,497.0,1000.0
8597,Wolin,600.0,500.0,0.0,0.0,0.0,0.0,0.0,0.0,0.0,0.0,0.0,0.0,1401.0,503.0,596.0,1000.0
8597,Wolin,700.0,600.0,,,0.1269991794156289,9999.0,0.2742749857031337,2.72759372031494,2.4533187346118064,,12.979471153846154,999.9,1317.0,600.0,694.025,1000.0
8612,Warkum,325.0,275.0,0.0022084777773859754,0.00865931026810652,0.0,0.04608191864321465,0.0,0.011018780911828951,0.011018780911828951,5.434782608695652,0.0,111.11111111111111,1642.0,277.0,324.0,3000.0
8612,Warkum,375.0,325.0,0.0,0.0,0.0,0.0,0.0,0.0,0.0,0.0,0.0,0.0,1600.0,326.0,373.0,2000.0
8612,Warkum,425.0,375.0,0.0,0.0,0.0,0.0,0.0,0.0,0.0,0.0,0.0,0.0,1549.0,376.0,423.0,2000.0
8612,Warkum,500.0,425.0,0.011427873425220447,0.018141098713409198,0.005407743255259645,0.08005973889230611,0.008594091576999086,0.017479692102686295,0.00888560052568721,16.39344262295082,7.780704941860465,111.11111111111111,1488.0,427.0,497.0,2000.0
8612,Warkum,600.0,500.0,,,0.130663397949639,9999.0,0.2826498305280605,2.72759372031494,2.444943889786879,,13.331999999999999,999.9,1418.0,500.0,594.025,1000.0
8654,Würzburg,325.0,275.0,0.0010027710028261971,0.003900822602131788,0.0,0.01839937614702425,0.0,0.004809464228950455,0.004809464228950455,10.989010989010989,0.0,200.0,1641.0,277.0,324.0,12000.0
8654,Würzburg,375.0,325.0,0.004472844466388848,0.005652040623944438,0.0025389398366217897,0.016720951908251524,0.0035482412888032666,0.006049129325025104,0.0025008880362218378,40.0,22.727272727272727,148.62637362637338,1601.0,326.0,373.0,10000.0
8654,Würzburg,425.0,375.0,0.0022469042689885477,0.0033470159731263677,0.0012146588523718194,0.010324580024046348,0.0016864091295320516,0.0032038268440289785,0.001517417714496927,16.807909604519775,9.090909090909092,76.92307692307692,1550.0,376.0,423.525,8000.0
8654,Würzburg,500.0,425.0,0.0016953990812644815,0.002277436636775003,0.0010045903217458906,0.007367516138856001,0.0013297685300743822,0.002383649297701629,0.0010538807676272466,10.989010989010989,6.513666072489602,47.61904761904762,1491.0,426.0,498.0,7000.0
8654,Würzburg,600.0,500.0,-0.0021094251773191575,-0.003786045584252659,-0.013368654281567369,-0.0010373502997717916,-0.0034972947103260044,-0.0015558659576687672,0.0019414287526572371,-13.698630136986301,-87.31060606060605,-6.7329493923453665,1399.0,502.475,596.0,6000.0
8654,Würzburg,700.0,600.0,,,0.15060973253675722,69999.0,0.31272308589317976,3.922172875804719,3.6094497899115394,,88.02485007911392,6999.9,1318.5,600.0,695.025,7000.0
8704,Zamość,325.0,275.0,0.0,0.0,0.0,0.0,0.0,0.0,0.0,0.0,0.0,0.0,1641.0,278.0,324.0,5000.0
8704,Zamość,375.0,325.0,,,0.30199412479125054,49999.0,0.7673160060762079,13.953487812212206,13.186171806135999,,121.94878048780487,4999.9,1609.0,325.0,372.0,5000.0
8752,Zeitz,325.0,275.0,0.002309094581909532,0.009601171889137967,0.0,0.04608191864321465,0.0,0.011018780911828951,0.011018780911828951,5.681818181818182,0.0,111.11111111111111,1641.0,276.975,324.0,3000.0
8752,Zeitz,375.0,325.0,0.0,0.0,0.0,0.0,0.0,0.0,0.0,0.0,0.0,0.0,1600.0,326.0,373.0,2000.0
8752,Zeitz,425.0,375.0,0.0,0.0,0.0,0.0,0.0,0.0,0.0,0.0,0.0,0.0,1550.0,376.0,423.0,2000.0
8752,Zeitz,500.0,425.0,0.008188012619719132,0.012756603044374145,0.004511100233403731,0.03445403194506136,0.006264107164007271,0.011288858855190653,0.005024751691183382,11.764705882352942,6.4935064935064934,48.869047619047564,1487.0,427.0,497.0,2000.0
8752,Zeitz,600.0,500.0,-0.009450230099967927,-0.015441491547404998,-0.07412528771270954,-0.0047689178123264675,-0.014046278251899968,-0.007120376362407699,0.00692590188949227,-13.698630136986301,-111.11111111111111,-6.896551724137931,1402.0,505.0,597.0,1000.0
8752,Zeitz,700.0,600.0,,,0.13627045781138794,19999.0,0.2977319584968121,4.719454641384424,4.421722682887611,,25.797910839160842,1999.9,1322.0,600.0,694.025,2000.0
8754,Zele,325.0,275.0,0.0022084777773859754,0.008487639481557587,0.0,0.04608191864321465,0.0,0.011018780911828951,0.011018780911828951,5.434782608695652,0.0,111.11111111111111,1641.0,277.0,324.0,3000.0
8754,Zele,375.0,325.0,0.0,0.0,0.0,0.0,0.0,0.0,0.0,0.0,0.0,0.0,1601.5,325.0,373.0,2000.0
8754,Zele,425.0,375.0,0.011242520665180722,0.017949689999116572,0.006321233202251975,0.06504108943996267,0.008701983790398993,0.01664043939193549,0.007938455601536498,16.129032258064516,9.090909090909092,90.9090909090909,1550.0,376.0,423.0,2000.0
8754,Zele,500.0,425.0,0.0,0.0,0.0,0.0,0.0,0.0,0.0,0.0,0.0,0.0,1487.0,426.0,497.0,1000.0
8754,Zele,600.0,500.0,-0.00932312146765335,-0.014995434510158183,-0.06696700846319259,-0.004579858993598029,-0.015629910094144273,-0.006907504562964073,0.0087224055311802,-13.513513513513514,-100.0,-6.622516556291391,1400.0,502.475,596.525,1000.0
8754,Zele,700.0,600.0,,,0.13531322355959183,19999.0,0.3069051036156929,4.210007309586913,3.9031022059712197,,25.62752013808976,1999.9,1321.0,600.0,696.0,2000.0
8763,Zerbst,325.0,275.0,0.0,0.0,0.0,0.0,0.0,0.0,0.0,0.0,0.0,0.0,1639.0,278.0,324.0,7000.0
8763,Zerbst,375.0,325.0,0.0030877709707235468,0.004547855172530654,0.001773417542787481,0.012928752866029347,0.0024498321344310625,0.004682159937506647,0.0022323278030755844,20.0,11.494252873563218,83.33333333333333,1599.0,327.0,374.0,7000.0
8763,Zerbst,425.0,375.0,0.0,0.0,0.0,0.0,0.0,0.0,0.0,0.0,0.0,0.0,1553.0,376.0,423.0,6000.0
8763,Zerbst,500.0,425.0,0.002110057208492444,0.0027885086937871934,0.0011882872006739541,0.008719776580766725,0.001546292217765588,0.002944998283070266,0.001398706065304678,11.561079925153702,6.513666072489602,47.61904761904762,1490.0,426.475,498.0,6000.0
8763,Zerbst,600.0,500.0,-0.008019542628785459,-0.01293971564534429,-0.050023030572705116,-0.003833285321290232,-0.012696679320850723,-0.005846161458729432,0.0068505178621212914,-54.794520547945204,-349.2424242424242,-26.136363636363644,1400.0,501.0,597.0,5000.0
8763,Zerbst,700.0,600.0,,,0.15853175992722926,89999.0,0.3186140865640334,5.694329500821694,5.375715414257661,,116.09511363636364,8999.9,1319.0,600.0,694.0,9000.0
8807,Zittau,325.0,275.0,0.0008667654704699324,0.0031105109893449683,0.0,0.017275376039383783,0.0,0.004092358325359868,0.004092358325359868,5.617977528089888,0.0,111.11111111111111,1642.0,277.0,324.0,7000.0
8807,Zittau,375.0,325.0,0.0,0.0,0.0,0.0,0.0,0.0,0.0,0.0,0.0,0.0,1601.5,326.0,373.0,6000.0
8807,Zittau,425.0,375.0,0.0029215914441224067,0.0038919965812704463,0.001629196744128425,0.012228939874784794,0.002225907280969386,0.004249037875992734,0.002023130595023348,16.001024065540193,8.928571428571429,66.66666666666667,1552.0,376.0,423.0,6000.0
8807,Zittau,500.0,425.0,0.0,0.0,0.0,0.0,0.0,0.0,0.0,0.0,0.0,0.0,1489.0,426.0,497.0,5000.0
8807,Zittau,600.0,500.0,0.01245928534742391,0.022329969440929305,0.00592621682239542,0.10184607645018123,0.009205015266150252,0.018974999846571472,0.00976998458042122,40.54054054054054,19.34557262395404,317.4999999999992,1402.0,502.0,597.525,5000.0
8807,Zittau,700.0,600.0,,,0.13171790906420655,19999.0,0.28704932729203325,3.1155971378360787,2.8285478105440456,,24.987030004688236,1999.9,1318.0,600.0,695.0,2000.0
8819,Zoetermeer,325.0,275.0,0.0,0.0,0.0,0.0,0.0,0.0,0.0,0.0,0.0,0.0,1641.0,277.0,324.0,1000.0
8819,Zoetermeer,375.0,325.0,0.0,0.0,0.0,0.0,0.0,0.0,0.0,0.0,0.0,0.0,1599.0,325.0,373.0,1000.0
8819,Zoetermeer,600.0,500.0,0.0,0.0,0.0,0.0,0.0,0.0,0.0,0.0,0.0,0.0,1401.5,502.0,597.0,1000.0
8819,Zoetermeer,700.0,600.0,,,0.12201845430196334,9999.0,0.3010252169108314,2.9560924986393995,2.6550672817285683,,12.49875,999.9,1318.0,600.0,695.025,1000.0
8827,Zomergem,325.0,275.0,0.0,0.0,0.0,0.0,0.0,0.0,0.0,0.0,0.0,0.0,1641.0,276.975,324.0,3000.0
8827,Zomergem,375.0,325.0,0.008309128894722129,0.012219181976317509,0.004725842294654337,0.04384838568408263,0.006355503360101045,0.011996835977684972,0.005641332617583927,20.408163265306122,11.627906976744185,105.83333333333309,1600.0,327.0,373.0,3000.0
8827,Zomergem,425.0,375.0,0.011152802576038123,0.01541421110744669,0.006348867541023229,0.04729412282062673,0.008594091576999086,0.016250325193551962,0.007656233616552877,16.001024065540193,9.130525437864888,66.66666666666667,1552.0,376.0,423.525,2000.0
8827,Zomergem,500.0,425.0,0.0,0.0,0.0,0.0,0.0,0.0,0.0,0.0,0.0,0.0,1491.0,426.0,496.0,1000.0
8827,Zomergem,600.0,500.0,-0.009515541316570841,-0.015483594793778678,-0.06106908933829369,-0.0047028077427378285,-0.015037904114486772,-0.007102276299198407,0.007935627815288365,-13.793759512937594,-90.9090909090909,-6.800721954831546,1399.0,501.0,597.525,1000.0
8827,Zomergem,700.0,600.0,,,0.1243113373211209,19999.0,0.2790030740616436,2.615265465395181,2.3362623913335376,,23.6612818627451,1999.9,1322.0,600.0,696.0,2000.0
8844,Sulechów,325.0,275.0,0.0022084777773859754,0.008377631487448205,0.0,0.04608191864321465,0.0,0.011018780911828951,0.011018780911828951,5.434782608695652,0.0,111.11111111111111,1641.0,277.0,324.0,3000.0
8844,Sulechów,375.0,325.0,0.0,0.0,0.0,0.0,0.0,0.0,0.0,0.0,0.0,0.0,1600.0,326.0,373.0,2000.0
8844,Sulechów,425.0,375.0,0.011242520665180722,0.01580974783320392,0.006070834437363981,0.049111943632737826,0.008784960524431618,0.015878083105551388,0.007093122581119771,16.129032258064516,8.731884057971016,69.16666666666656,1551.0,376.0,424.0,2000.0
8844,Sulechów,500.0,425.0,0.0,0.0,0.0,0.0,0.0,0.0,0.0,0.0,0.0,0.0,1487.5,426.0,498.0,1000.0
8844,Sulechów,600.0,500.0,0.0,0.0,0.0,0.0,0.0,0.0,0.0,0.0,0.0,0.0,1402.0,503.0,595.525,1000.0
8844,Sulechów,700.0,600.0,,,0.11887221158742212,9999.0,0.2742749857031337,2.72759372031494,2.4533187346118064,,12.19390243902439,999.9,1320.0,600.0,693.025,1000.0
8853,Zutphen,325.0,275.0,0.0,0.0,0.0,0.0,0.0,0.0,0.0,0.0,0.0,0.0,1641.0,277.975,324.0,5000.0
8853,Zutphen,375.0,325.0,-0.003639790979274582,-0.005398332318896683,-0.01806695543808734,-0.002046459957481761,-0.005195643049064391,-0.002844720417797597,0.002350922631266794,-20.0,-100.0,-11.235955056179776,1601.0,326.0,373.0,5000.0
8853,Zutphen,425.0,375.0,0.010720863771376044,0.01572586569725544,0.00640755848559717,0.050756638653219444,0.008285891695374081,0.015522512504275054,0.007236620808900973,46.15384615384615,27.643985728848115,214.28571428571428,1553.0,376.0,423.0,6000.0
8853,Zutphen,500.0,425.0,-0.008121513564164573,-0.010902509633649247,-0.032468221476108394,-0.004534220280215427,-0.011298752709394733,-0.006225112392870269,0.005073640316524464,-35.294117647058826,-142.85714285714286,-19.669117647058826,1488.5,426.475,497.0,3000.0
8853,Zutphen,600.0,500.0,0.005211805067223407,0.009388218926797027,0.0027801952146909617,0.036036713279467766,0.004022574944135826,0.007981983761950362,0.003959408817814536,25.641025641025642,13.694581280788176,174.62121212121178,1403.0,502.475,596.525,6000.0
8853,Zutphen,700.0,600.0,,,0.14254097673097893,39999.0,0.31220454674316356,2.7606030930863934,2.44839854634323,,50.29937539556962,3999.9,1317.5,600.0,694.0,4000.0
8862,Zwickau,325.0,275.0,-0.000979263213246151,-0.004086171155141069,-0.020116095140649402,0.0,-0.004818705221227543,0.0,0.004818705221227543,-5.376344086021505,-111.45833333333331,0.0,1642.0,276.0,324.0,5000.0
8862,Zwickau,375.0,325.0,0.0036530874540363634,0.005141160315093508,0.0020739836075955864,0.02046453567684825,0.0028528359384403235,0.005261284588196413,0.0024084486497560897,20.0,11.363636363636363,111.11111111111111,1602.0,325.0,373.0,6000.0
8862,Zwickau,425.0,375.0,0.0034388771294375786,0.0044095435500261645,0.002012324276413402,0.01187819661178735,0.0026286671535680206,0.005084325888737418,0.002455658735169397,15.384615384615385,9.00900900900901,52.91666666666654,1551.0,375.0,423.0,5000.0
8862,Zwickau,500.0,425.0,0.007999031637823784,0.011442481238745649,0.004453137034247767,0.0392592260318434,0.006152897631075405,0.012022509754104904,0.0058696121230294995,22.988505747126435,12.820512820512821,111.11111111111111,1486.0,427.0,498.0,4000.0
8862,Zwickau,600.0,500.0,-0.005184782988968961,-0.008712894489910061,-0.034780968540392566,-0.002726253015257102,-0.00824065622001302,-0.0040872315918704105,0.00415342462814261,-12.820512820512821,-87.31060606060605,-6.7329493923453665,1402.0,502.0,597.525,2000.0
8862,Zwickau,700.0,600.0,,,0.14029624193697868,29999.0,0.311653070932316,4.574255561017864,4.262602490085548,,38.204666098669264,2999.9,1317.0,600.0,694.025,3000.0
8866,Zwolle,325.0,275.0,0.0011546109366176172,0.004542082346423915,0.0,0.022547174131222203,0.0,0.0052947758173909065,0.0052947758173909065,11.494252873563218,0.0,222.22222222222223,1640.0,277.0,324.0,11000.0
8866,Zwolle,375.0,325.0,0.005142041030799405,0.007008504019304878,0.002908849117399626,0.019519949838637807,0.003934507875198889,0.007418986145406592,0.0034844782702077026,40.816326530612244,23.115477145148354,153.84615384615384,1600.0,326.0,373.0,9000.0
8866,Zwolle,425.0,375.0,0.0,0.0,0.0,0.0,0.0,0.0,0.0,0.0,0.0,0.0,1551.0,375.475,423.0,7000.0
8866,Zwolle,500.0,425.0,0.00935444738602742,0.01319982319790639,0.005426618806320438,0.04449772275932512,0.007331033309338597,0.013380294606980814,0.006049261297642217,43.956043956043956,25.54920375663536,205.52631578947344,1488.5,426.0,497.0,7000.0
8866,Zwolle,600.0,500.0,0.0,0.0,0.0,0.0,0.0,0.0,0.0,0.0,0.0,0.0,1399.5,503.0,597.525,3000.0
8866,Zwolle,700.0,600.0,,,0.1422291378635589,29999.0,0.285873005998726,2.627773439663084,2.341900433664358,,38.69751123876124,2999.9,1320.0,600.0,695.0,3000.0
8876,Middelburg (Walcheren),325.0,275.0,0.0016700305430742413,0.006404756917086169,0.0,0.030465311786347593,0.0,0.007928756700619877,0.007928756700619877,38.888888888888886,0.0,700.0,1641.0,277.0,324.0,27000.0
8876,Middelburg (Walcheren),375.0,325.0,0.02079807470237771,0.032689855154346394,0.01186559846826607,0.11069085371075271,0.016538746271510085,0.028012059518328858,0.011473313246818773,254.90196078431373,146.06741573033707,1300.0,1600.0,326.0,373.0,20000.0
8876,Middelburg (Walcheren),425.0,375.0,0.0,0.0,0.0,0.0,0.0,0.0,0.0,0.0,0.0,0.0,1549.0,376.0,423.0,7000.0
8876,Middelburg (Walcheren),500.0,425.0,0.0039663420985991404,0.005666054442262555,0.0021592010361504155,0.019989654407636115,0.003035880390257706,0.005818105270291252,0.002782224880033546,23.529411764705884,12.820512820512821,117.6470588235294,1487.0,426.475,498.0,7000.0
8876,Middelburg (Walcheren),600.0,500.0,-0.0061651751129901955,-0.009305183943581822,-0.037031652569854634,-0.003106876053070238,-0.009219074372668584,-0.004724446941714089,0.004494627430954495,-39.473684210526315,-240.86538461538458,-19.861842105263165,1403.0,501.0,597.0,5000.0
8876,Middelburg (Walcheren),700.0,600.0,,,0.15254344538089207,79999.0,0.30839910321697106,5.5641978794547065,5.255798776237736,,100.60000830696202,7999.9,1320.5,600.0,696.0,8000.0
8901,Vlissingen,325.0,275.0,0.0009707366265609974,0.003796018137968083,0.0,0.018451005135269802,0.0,0.0050773338838054904,0.0050773338838054904,5.319148936170213,0.0,100.27777777777753,1640.0,278.0,324.0,6000.0
8901,Vlissingen,375.0,325.0,0.004384949630707791,0.00616427533271124,0.0024957146205644375,0.018769265121506118,0.0033360530458059756,0.00621768201324735,0.002881628967441374,19.607843137254903,11.170411985018728,83.33333333333333,1603.0,326.0,373.0,5000.0
8901,Vlissingen,425.0,375.0,0.0,0.0,0.0,0.0,0.0,0.0,0.0,0.0,0.0,0.0,1549.5,376.0,423.0,4000.0
8901,Vlissingen,500.0,425.0,0.021726906558436565,0.03885862915744852,0.010674824134168438,0.12246204830937302,0.01620325584086163,0.03715504444619189,0.020951788605330257,46.51442307692308,22.978329809725157,250.0,1490.0,426.0,497.0,4000.0
8901,Vlissingen,600.0,500.0,,,0.1235940902438941,9999.0,0.2915496650148839,3.6415888336127784,3.3500391685978945,,12.650978365384615,999.9,1419.0,500.0,594.0,1000.0
8902,Ribe,325.0,275.0,-0.002798871159516436,-0.010048143023172139,-0.06185729401471474,0.0,-0.012458761151827341,0.0,0.012458761151827341,-10.989010989010989,-250.0,0.0,1642.0,277.0,324.0,3000.0
8902,Ribe,375.0,325.0,0.004759023486429426,0.006324010508068981,0.0025103766455460974,0.022565182563572872,0.003605574037172765,0.006584629603877845,0.00297905556670508,21.27659574468085,11.235955056179776,100.0,1598.0,326.0,374.0,5000.0
8902,Ribe,425.0,375.0,0.004972357072164479,0.0066999677298362845,0.00261871442600925,0.020761297971865877,0.0036024993640531022,0.006873085131488876,0.003270585767435774,17.24137931034483,9.090909090909092,71.42857142857143,1551.0,375.0,423.0,4000.0
8902,Ribe,500.0,425.0,0.00451533139369209,0.00596000456190118,0.0026274181229947293,0.017430243628489724,0.0034940100388695106,0.006162320179612157,0.002668310140742647,11.11111111111111,6.471512358609132,42.617753623188364,1491.0,426.475,498.0,3000.0
8902,Ribe,600.0,500.0,0.0,0.0,0.0,0.0,0.0,0.0,0.0,0.0,0.0,0.0,1399.0,501.475,596.0,2000.0
8902,Ribe,700.0,600.0,,,0.13538044560631102,19999.0,0.2977319584968121,3.1155971378360787,2.8178651793392664,,25.639743589743592,1999.9,1319.0,600.0,695.0,2000.0
8950,Częstochowa,325.0,275.0,-0.002351806878910012,-0.008702685678029827,-0.04942017504585927,0.0,-0.010898690627577867,0.0,0.010898690627577867,-5.813953488372093,-125.0,0.0,1642.0,277.0,324.0,2000.0
8950,Częstochowa,375.0,325.0,0.0,0.0,0.0,0.0,0.0,0.0,0.0,0.0,0.0,0.0,1603.0,325.0,373.0,3000.0
8950,Częstochowa,425.0,375.0,0.006355503360101045,0.008299712609734297,0.00362678510604475,0.02938526445012246,0.005081179480498799,0.009311784042768834,0.004230604562270035,15.625,8.928571428571429,71.42857142857143,1550.0,376.0,423.0,3000.0
8950,Częstochowa,500.0,425.0,0.011619440301922523,0.019357121777098724,0.005126369216289778,0.08005973889230611,0.008701983790398993,0.019580885131908365,0.010878901341509373,16.666666666666668,7.376892907724153,111.11111111111111,1486.5,429.0,498.0,2000.0
8950,Częstochowa,600.0,500.0,,,0.130663397949639,9999.0,0.2645164830490942,2.72759372031494,2.463077237265846,,13.331999999999999,999.9,1418.0,500.0,596.0,1000.0
9340,Leszno,325.0,275.0,0.0015490724896881636,0.006618275387860241,0.0,0.03661464962807748,0.0,0.007805496438260562,0.007805496438260562,5.376344086021505,0.0,125.0,1640.0,277.0,324.0,4000.0
9340,Leszno,375.0,325.0,0.0,0.0,0.0,0.0,0.0,0.0,0.0,0.0,0.0,0.0,1600.0,325.0,373.525,3000.0
9340,Leszno,425.0,375.0,0.006456709352256285,0.010400818484225884,0.0037780920887743874,0.031681116530724474,0.0050182917336516475,0.009474018174702836,0.004455726441051189,15.873015873015873,9.30036344755971,76.92307692307692,1549.0,377.0,423.0,3000.0
9340,Leszno,500.0,425.0,0.011619440301922523,0.019875742581817093,0.00551448152593424,0.06504108943996267,0.008488842002541297,0.01793188433739057,0.009443042334849272,16.666666666666668,7.933858267716536,90.9090909090909,1488.0,427.0,498.0,2000.0
9340,Leszno,600.0,500.0,,,0.1211817897440687,9999.0,0.2589254117941673,2.1622776601683795,1.9033522483742122,,12.417739583333333,999.9,1417.0,500.0,594.0,1000.0
9364,Dinaburgas pils,425.0,375.0,-0.5,-0.5,-1.0,0.0,-1.0,0.0,1.0,-10.204081632653061,-1000.0,0.0,1540.5,377.0,424.0,1000.0
9364,Dinaburgas pils,500.0,425.0,0.0,0.0,0.0,0.0,0.0,0.0,0.0,0.0,0.0,0.0,1488.0,427.0,497.525,1000.0
9364,Dinaburgas pils,600.0,500.0,0.0,0.0,0.0,0.0,0.0,0.0,0.0,0.0,0.0,0.0,1403.5,503.0,596.525,1000.0
9364,Dinaburgas pils,700.0,600.0,,,0.13058300025439984,9999.0,0.28932470639317803,2.1622776601683795,1.8729529537752014,,13.323698630136988,999.9,1318.0,600.0,693.025,1000.0
9608,Randers,325.0,275.0,0.0,0.0,0.0,0.0,0.0,0.0,0.0,0.0,0.0,0.0,1641.0,277.0,324.0,2000.0
9608,Randers,375.0,325.0,0.014246386967327274,0.0190904270844966,0.007686595076144498,0.06239154177664555,0.010720863771376044,0.020001609421198996,0.009280745649822952,20.408163265306122,11.047008547008547,87.31060606060589,1600.0,326.0,374.0,2000.0
9608,Randers,425.0,375.0,0.0,0.0,0.0,0.0,0.0,0.0,0.0,0.0,0.0,0.0,1551.0,376.0,424.0,1000.0
9608,Randers,500.0,425.0,0.0,0.0,0.0,0.0,0.0,0.0,0.0,0.0,0.0,0.0,1488.0,426.0,497.525,1000.0
9608,Randers,600.0,500.0,-0.00932312146765335,-0.015553372609519651,-0.05612568731830647,-0.0047846107879033544,-0.016084872972755154,-0.006977033367622565,0.00910783960513259,-13.513513513513514,-83.33333333333333,-6.919300766283526,1399.0,503.0,598.0,1000.0
9608,Randers,700.0,600.0,,,0.13816911638001297,19999.0,0.3069051036156929,4.210007309586913,3.9031022059712197,,26.13505681818182,1999.9,1321.0,600.0,694.0,2000.0
10318,Schmalkalden,325.0,275.0,0.0,0.0,0.0,0.0,0.0,0.0,0.0,0.0,0.0,0.0,1641.0,276.0,324.0,2000.0
10318,Schmalkalden,375.0,325.0,0.014246386967327274,0.021805901135038937,0.007731369217151451,0.08005973889230611,0.011242520665180722,0.020001609421198996,0.008759088756018274,20.408163265306122,11.11111111111111,111.11111111111111,1602.0,326.0,373.0,2000.0
10318,Schmalkalden,425.0,375.0,0.0,0.0,0.0,0.0,0.0,0.0,0.0,0.0,0.0,0.0,1552.0,376.0,423.0,1000.0
10318,Schmalkalden,500.0,425.0,0.0,0.0,0.0,0.0,0.0,0.0,0.0,0.0,0.0,0.0,1489.0,426.475,498.0,1000.0
10318,Schmalkalden,600.0,500.0,-0.008961515535408249,-0.013452573302265286,-0.05192248566082858,-0.0046560515929203496,-0.013767295506640798,-0.006706991333789714,0.007060304172851084,-12.987012987012987,-76.92307692307692,-6.7329493923453665,1404.0,501.475,597.0,1000.0
10318,Schmalkalden,700.0,600.0,,,0.13538044560631102,19999.0,0.2809310403725769,2.4484882412482154,2.1675572008756383,,25.639743589743592,1999.9,1317.0,600.0,695.0,2000.0
10539,Odense,325.0,275.0,-0.0011608563195875665,-0.00481104533164864,-0.027507527533926934,0.0,-0.0061792613312130484,0.0,0.0061792613312130484,-5.208333333333333,-125.0,0.0,1640.0,276.0,324.0,4000.0
10539,Odense,375.0,325.0,0.004472844466388848,0.006312423194277849,0.0025103766455460974,0.02049293216846504,0.003492703312129475,0.006395896989544125,0.0029031936774146505,20.0,11.235955056179776,90.9090909090909,1601.0,327.0,373.0,5000.0
10539,Odense,425.0,375.0,0.004650815050990964,0.0059266384353276165,0.0025047148088113147,0.01878385121962848,0.0035038751704576376,0.006413413367788001,0.0029095381973303636,16.129032258064516,8.695652173913043,64.68749999999991,1550.5,376.0,423.0,4000.0
10539,Odense,500.0,425.0,0.004781573152468299,0.006869588253124669,0.002593802065528872,0.02493969125857857,0.00362678510604475,0.006780636928134465,0.003153851822089715,11.764705882352942,6.388820839457782,60.753676470588154,1487.0,426.0,498.0,3000.0
10539,Odense,600.0,500.0,-0.005119321104739449,-0.00803259070753473,-0.02433229713697675,-0.002821096026858897,-0.00824065622001302,-0.0040064586638997035,0.004234197556113317,-12.658227848101266,-60.75367647058823,-6.9675116550116565,1403.5,502.0,596.525,2000.0
10539,Odense,700.0,600.0,,,0.1462590056856541,29999.0,0.2939813929797743,2.627773439663084,2.3337920466833095,,39.7223600877193,2999.9,1316.0,600.0,694.0,3000.0
10545,Svendborg,325.0,275.0,0.0037405198422428843,0.017400988349791244,0.0,0.09050773266525769,0.0,0.019580885131908365,0.019580885131908365,5.376344086021505,0.0,125.0,1641.5,277.0,324.0,2000.0
10545,Svendborg,375.0,325.0,0.0,0.0,0.0,0.0,0.0,0.0,0.0,0.0,0.0,0.0,1603.0,325.475,373.0,1000.0
10545,Svendborg,425.0,375.0,0.0,0.0,0.0,0.0,0.0,0.0,0.0,0.0,0.0,0.0,1551.0,376.0,423.0,1000.0
10545,Svendborg,500.0,425.0,0.0,0.0,0.0,0.0,0.0,0.0,0.0,0.0,0.0,0.0,1487.5,426.475,497.0,1000.0
10545,Svendborg,600.0,500.0,0.0,0.0,0.0,0.0,0.0,0.0,0.0,0.0,0.0,0.0,1401.0,503.0,597.0,1000.0
10545,Svendborg,700.0,600.0,,,0.12365480013875096,9999.0,0.26638017346740317,2.1622776601683795,1.8958974867009764,,12.656962025316455,999.9,1319.0,600.0,694.0,1000.0
10547,Weimar,325.0,275.0,0.0011635577663601238,0.004522346821387567,0.0,0.025103648456901162,0.0,0.005738029305976777,0.005738029305976777,5.208333333333333,0.0,111.11111111111111,1642.0,277.0,324.0,5000.0
10547,Weimar,375.0,325.0,0.006011372725139186,0.008904579677509076,0.0032551169500924294,0.02543641050186509,0.004576823912877392,0.008824460064736916,0.004247636151859524,20.833333333333332,11.296603677221656,87.31060606060589,1601.0,326.0,373.0,4000.0
10547,Weimar,425.0,375.0,0.006355503360101045,0.009059391783335698,0.00365951855834723,0.02739965906371644,0.004838634138069731,0.009311784042768834,0.004473149904699103,15.625,9.00900900900901,66.66666666666667,1553.0,375.0,423.0,3000.0
10547,Weimar,500.0,425.0,0.007731369217151451,0.010918839193457786,0.004453137034247767,0.0392592260318434,0.005993295084069983,0.011063084486895525,0.005069789402825542,11.11111111111111,6.410256410256411,55.55555555555556,1489.0,427.0,497.0,2000.0
10547,Weimar,600.0,500.0,-0.009139140032089321,-0.014452228987149419,-0.0502041072918907,-0.004562969135440591,-0.014718561120305007,-0.006907504562964073,0.007811056557340934,-13.24561403508772,-74.3131868131868,-6.598039215686278,1399.5,502.475,598.0,1000.0
10547,Weimar,700.0,600.0,,,0.12916989847149196,19999.0,0.27321917512884375,3.1155971378360787,2.8423779627072348,,24.53204644685336,1999.9,1318.0,600.0,695.025,2000.0
10688,Lund,325.0,275.0,0.0,0.0,0.0,0.0,0.0,0.0,0.0,0.0,0.0,0.0,1641.0,277.0,324.0,1000.0
10688,Lund,375.0,325.0,0.0,0.0,0.0,0.0,0.0,0.0,0.0,0.0,0.0,0.0,1601.0,325.0,373.0,1000.0
10688,Lund,425.0,375.0,-0.010771986806024536,-0.014457016973617915,-0.04384659961520882,-0.0062815262102111635,-0.015285247065568774,-0.00831639669181139,0.006968850373757385,-15.625,-64.6875,-9.090909090909092,1552.0,376.0,423.0,1000.0
10688,Lund,500.0,425.0,0.007863176176991282,0.009654068756195898,0.004409975811877409,0.0270180507087725,0.0060987605963314095,0.010720863771376044,0.004622103175044634,11.29979570990807,6.348262517132952,38.46153846153846,1487.0,427.0,497.0,2000.0
10688,Lund,600.0,500.0,-0.00971513651191136,-0.015045190157860901,-0.05612568731830647,-0.005010212461114216,-0.015285247065568774,-0.007269732834996545,0.00801551423057223,-14.084507042253522,-83.33333333333333,-7.246376811594203,1399.0,505.0,596.0,1000.0
10688,Lund,700.0,600.0,,,0.12916989847149196,19999.0,0.2890887562651854,2.4484882412482154,2.1593994849830302,,24.53204644685336,1999.9,1321.0,600.0,694.0,2000.0
10698,Malmö,325.0,275.0,0.0,0.0,0.0,0.0,0.0,0.0,0.0,0.0,0.0,0.0,1644.0,276.0,324.0,5000.0
10698,Malmö,375.0,325.0,0.0,0.0,0.0,0.0,0.0,0.0,0.0,0.0,0.0,0.0,1601.0,326.0,373.0,5000.0
10698,Malmö,425.0,375.0,0.0,0.0,0.0,0.0,0.0,0.0,0.0,0.0,0.0,0.0,1551.0,376.0,423.0,5000.0
10698,Malmö,500.0,425.0,0.00585527381394535,0.007947460452309244,0.0032689046985681204,0.02151252950441762,0.004403928670476731,0.008141304877259836,0.003737376206783105,22.85788923719958,12.777641678915565,83.33333333333333,1487.0,427.0,497.0,5000.0
10698,Malmö,600.0,500.0,0.014956862924686787,0.030479302136247284,0.007300005166403634,0.12983096390975302,0.011130844207008939,0.02471405856165565,0.013583214354646711,27.027027027027028,13.241228070175438,222.22222222222223,1400.0,502.475,598.0,3000.0
10698,Malmö,700.0,600.0,,,0.12365480013875096,9999.0,0.2518750258625291,2.72759372031494,2.4757186944524108,,12.656962025316455,999.9,1317.0,600.0,695.0,1000.0
11709,Roskilde,325.0,275.0,-0.0037529487402787054,-0.014595027357770091,-0.08299595679532878,0.0,-0.018559322341406004,0.0,0.018559322341406004,-21.73913043478261,-500.0,0.0,1642.0,277.0,324.0,4000.0
11709,Roskilde,375.0,325.0,0.002701522080384988,0.004160904886498461,0.0015445124995980054,0.015936570566853256,0.002088606115234759,0.003716092966074891,0.001627486850840132,20.20408163265306,11.557738572574177,118.40277777777746,1601.0,326.0,373.0,8000.0
11709,Roskilde,425.0,375.0,0.002411507390084555,0.0037228574168124786,0.0013645987819458083,0.012928752866029347,0.0018589628393868018,0.00359133296863523,0.0017323701292484284,15.625,8.846334586466167,83.33333333333333,1552.0,376.0,423.525,7000.0
11709,Roskilde,500.0,425.0,0.0020739836075955864,0.0029793485050026193,0.00115459994164957,0.0114602687305434,0.0015866622603606384,0.003148421016122116,0.0015617587557614776,11.363636363636363,6.329113924050633,62.5,1488.0,427.0,498.525,6000.0
11709,Roskilde,600.0,500.0,-0.004332345769513968,-0.00739013850147932,-0.030125294240011424,-0.0023254445270960186,-0.006985326654284307,-0.0032933125283433062,0.003692014125941001,-25.807525807525806,-181.8181818181818,-13.838601532567052,1401.5,503.0,597.525,5000.0
11709,Roskilde,700.0,600.0,,,0.16030074506875633,69999.0,0.34924137894118384,5.419723747801424,5.07048236886024,,93.28636290896159,6999.9,1318.5,600.0,695.0,7000.0
11861,Edam,325.0,275.0,0.0,0.0,0.0,0.0,0.0,0.0,0.0,0.0,0.0,0.0,1642.0,277.0,324.0,5000.0
11861,Edam,375.0,325.0,0.004472844466388848,0.006283761110036462,0.0025969011577516576,0.02049293216846504,0.0034388771294375786,0.006784839234850848,0.0033459621054132693,20.0,11.622718052738337,90.9090909090909,1600.0,327.0,374.0,5000.0
11861,Edam,425.0,375.0,0.0,0.0,0.0,0.0,0.0,0.0,0.0,0.0,0.0,0.0,1551.0,376.0,423.0,4000.0
11861,Edam,500.0,425.0,0.015522512504275054,0.021737102697828276,0.008953581198342548,0.07569058622018243,0.012454548098765006,0.023774732471097737,0.011320184372332731,33.333333333333336,19.28970223325062,157.89473684210526,1487.0,427.0,498.0,4000.0
11861,Edam,600.0,500.0,-0.00971513651191136,-0.014766333324450381,-0.06106908933829369,-0.004610320896770936,-0.014955456464126105,-0.007120376362407699,0.007835080101718406,-14.084507042253522,-90.9090909090909,-6.666666666666667,1400.0,501.0,597.0,1000.0
11861,Edam,700.0,600.0,,,0.14116138283714363,19999.0,0.3046118173359727,4.210007309586913,3.90539549225094,,26.665333333333333,1999.9,1321.0,600.0,694.0,2000.0
11862,Alkmaar,325.0,275.0,0.0008667654704699324,0.00335423472302005,0.0,0.019455677126480886,0.0,0.003960403286399794,0.003960403286399794,11.235955056179776,0.0,250.0,1643.0,277.0,324.0,14000.0
11862,Alkmaar,375.0,325.0,0.008309128894722129,0.011939216205195396,0.004489223327311442,0.049183401747564984,0.006257421110539063,0.012362614549220163,0.0061051934386811,81.63265306122449,44.18803418803419,473.61111111110984,1599.0,326.0,373.0,12000.0
11862,Alkmaar,425.0,375.0,0.007488272998656731,0.010322966133902867,0.004321269776892844,0.03608973522866665,0.005748209493439127,0.01049925953902675,0.004751050045587624,47.61904761904762,27.522935779816514,226.24999999999886,1550.0,376.0,423.0,8000.0
11862,Alkmaar,500.0,425.0,0.010967934581242123,0.016137323389540117,0.0059459733729471664,0.05222297013984201,0.008052413009660586,0.01519808752924856,0.0071456745195879745,35.714285714285715,19.409879336349924,166.66666666666666,1488.0,427.0,498.0,5000.0
11862,Alkmaar,600.0,500.0,-0.005391614233396402,-0.008565929379616973,-0.036189388115712484,-0.0026808279732696847,-0.00824065622001302,-0.003967257676113167,0.004273398543899853,-13.333333333333334,-90.9090909090909,-6.620614035087721,1399.0,502.0,598.0,2000.0
11862,Alkmaar,700.0,600.0,,,0.13841511218016606,29999.0,0.34251068256867256,4.574255561017864,4.231744878449192,,37.72421716772152,2999.9,1318.0,600.0,694.0,3000.0
11875,Potsdam,325.0,275.0,0.0,0.0,0.0,0.0,0.0,0.0,0.0,0.0,0.0,0.0,1641.0,277.0,324.0,1000.0
11875,Potsdam,375.0,325.0,0.0,0.0,0.0,0.0,0.0,0.0,0.0,0.0,0.0,0.0,1600.0,325.0,374.0,1000.0
11875,Potsdam,425.0,375.0,0.0,0.0,0.0,0.0,0.0,0.0,0.0,0.0,0.0,0.0,1551.0,375.0,423.0,1000.0
11875,Potsdam,500.0,425.0,0.0,0.0,0.0,0.0,0.0,0.0,0.0,0.0,0.0,0.0,1486.0,426.0,497.0,1000.0
11875,Potsdam,600.0,500.0,0.0,0.0,0.0,0.0,0.0,0.0,0.0,0.0,0.0,0.0,1399.0,503.0,596.0,1000.0
11875,Potsdam,700.0,600.0,,,0.12201845430196334,9999.0,0.26638017346740317,2.72759372031494,2.461213546847537,,12.49875,999.9,1320.0,600.0,694.0,1000.0
11913,Goes,325.0,275.0,0.002184678900587267,0.009189474187215467,0.0,0.04608191864321465,0.0,0.011326585144617374,0.011326585144617374,5.376344086021505,0.0,111.11111111111111,1641.0,278.0,324.0,3000.0
11913,Goes,375.0,325.0,0.0,0.0,0.0,0.0,0.0,0.0,0.0,0.0,0.0,0.0,1602.0,326.0,373.0,2000.0
11913,Goes,425.0,375.0,0.0,0.0,0.0,0.0,0.0,0.0,0.0,0.0,0.0,0.0,1549.0,377.0,423.0,2000.0
11913,Goes,500.0,425.0,0.007999031637823784,0.010826928570581608,0.004570592257936212,0.03133723061766449,0.006194227700365373,0.011427873425220447,0.005233645724855074,11.494252873563218,6.578947368421052,44.515810276679794,1487.0,426.0,497.525,2000.0
11913,Goes,600.0,500.0,-0.00919938673477072,-0.01435266055547535,-0.0502041072918907,-0.004834003071959915,-0.013635953741067575,-0.007120376362407699,0.006515577378659876,-13.333333333333334,-74.3131868131868,-6.990903755868547,1401.0,503.0,597.0,1000.0
11913,Goes,700.0,600.0,,,0.12837014101262167,19999.0,0.2809310403725769,3.1155971378360787,2.8346660974635016,,24.389024390243904,1999.9,1318.0,600.0,695.0,2000.0
11915,Zierikzee,325.0,275.0,0.002545700948323182,0.009295205369986638,0.0,0.04636721674690446,0.0,0.011733925340092433,0.011733925340092433,22.471910112359552,0.0,401.1111111111101,1642.0,277.975,324.0,11000.0
11915,Zierikzee,375.0,325.0,0.007034464687967867,0.010126000273969937,0.0039663420985991404,0.04064630817502867,0.005441724243949064,0.009731230894589049,0.004289506650639985,41.666666666666664,23.529411764705884,236.80555555555492,1598.0,326.0,373.0,7000.0
11915,Zierikzee,425.0,375.0,0.0035482412888032666,0.004784702965593065,0.0019255027085649523,0.014144398182155554,0.002692093715716215,0.005084325888737418,0.0023922321730212026,15.873015873015873,8.620689655172415,62.94117647058806,1553.0,376.0,423.0,5000.0
11915,Zierikzee,500.0,425.0,0.015878083105551388,0.02121539655253982,0.008953581198342548,0.06212717686269098,0.012682424393701153,0.022611435601268326,0.009929011207567173,34.09090909090909,19.28970223325062,130.43478260869566,1488.0,427.0,497.0,4000.0
11915,Zierikzee,600.0,500.0,-0.009261254101212035,-0.01383745068875,-0.0451583960895835,-0.0047041874297582,-0.014639596005697975,-0.007047976109570531,0.007591619896127444,-13.423423423423424,-66.66666666666667,-6.802721088435374,1400.0,502.0,597.0,1000.0
11915,Zierikzee,700.0,600.0,,,0.1391803889186347,19999.0,0.2809310403725769,3.389199680773787,3.10826864040121,,26.314473684210526,1999.9,1319.0,600.0,693.0,2000.0
11918,Helmond,325.0,275.0,0.00211626341175708,0.008670356067820162,0.0,0.04608191864321465,0.0,0.011326585144617374,0.011326585144617374,5.208333333333333,0.0,111.11111111111111,1642.0,277.0,324.0,3000.0
11918,Helmond,375.0,325.0,0.0,0.0,0.0,0.0,0.0,0.0,0.0,0.0,0.0,0.0,1603.0,326.0,373.0,2000.0
11918,Helmond,425.0,375.0,0.0,0.0,0.0,0.0,0.0,0.0,0.0,0.0,0.0,0.0,1549.0,376.0,424.0,2000.0
11918,Helmond,500.0,425.0,0.0074810396844857685,0.010927395743710603,0.004453137034247767,0.03736193249137205,0.005993295084069983,0.010889286051700475,0.0048959909676304925,10.75268817204301,6.410256410256411,52.91666666666654,1492.0,427.0,497.0,2000.0
11918,Helmond,600.0,500.0,-0.009261254101212035,-0.014030134252629844,-0.046810282811976876,-0.004578545846258915,-0.014336801359812412,-0.006890465382659694,0.007446335977152718,-13.423423423423424,-69.16666666666666,-6.620614035087721,1399.0,502.0,598.0,1000.0
11918,Helmond,700.0,600.0,,,0.1381263907909565,19999.0,0.2955711579389054,3.1155971378360787,2.8200259798971734,,26.12689871794872,1999.9,1317.0,600.0,696.0,2000.0
12882,Bottrop,325.0,275.0,0.0,0.0,0.0,0.0,0.0,0.0,0.0,0.0,0.0,0.0,1641.0,277.0,324.0,1000.0
12882,Bottrop,375.0,325.0,0.0,0.0,0.0,0.0,0.0,0.0,0.0,0.0,0.0,0.0,1600.0,325.475,373.0,1000.0
12882,Bottrop,425.0,375.0,0.0,0.0,0.0,0.0,0.0,0.0,0.0,0.0,0.0,0.0,1552.0,376.0,423.525,1000.0
12882,Bottrop,500.0,425.0,0.0,0.0,0.0,0.0,0.0,0.0,0.0,0.0,0.0,0.0,1487.0,426.0,497.0,1000.0
12882,Bottrop,600.0,500.0,,,0.1244531718082076,9999.0,0.26638017346740317,2.72759372031494,2.461213546847537,,12.734039678675755,999.9,1419.0,500.0,594.0,1000.0
17567,Ieper,325.0,275.0,0.0027400598504682128,0.010959155687607702,0.0,0.05378278399797298,0.0,0.012445322993934305,0.012445322993934305,17.441860465116278,0.0,334.37499999999903,1642.0,277.0,324.0,8000.0
17567,Ieper,375.0,325.0,-0.006985326654284307,-0.009385809148293487,-0.03308745165425109,-0.0037937786442433018,-0.009115192391894844,-0.005500753449975804,0.0036144389419190404,-41.666666666666664,-200.0,-22.593207354443315,1600.0,326.0,374.0,5000.0
17567,Ieper,425.0,375.0,-0.00555754538676545,-0.007187172485771007,-0.020762311659783372,-0.0032668992261345453,-0.007894781082939617,-0.004237128219607644,0.0036576528633319727,-46.875,-176.47058823529412,-27.522935779816514,1552.0,376.0,422.525,7000.0
17567,Ieper,500.0,425.0,0.0,0.0,0.0,0.0,0.0,0.0,0.0,0.0,0.0,0.0,1486.0,428.0,497.0,10000.0
17567,Ieper,600.0,500.0,-0.0012451620365449556,-0.0020667428606393804,-0.009077902453326289,-0.0006592623885499167,-0.0021157626078908143,-0.000933977099118688,0.0011817855087721263,-13.072453861927546,-95.68181818181817,-6.919300766283526,1400.5,502.0,598.0,10000.0
17567,Ieper,700.0,600.0,,,0.15932154529211606,109999.0,0.31835739368901894,4.250479353294807,3.932121959605788,,140.0871717786433,10999.9,1318.0,600.0,695.0,11000.0
17568,Mons,325.0,275.0,-0.00038401032443774463,-0.0014245036415013418,-0.007145296902064335,0.0,-0.0017427639752338742,0.0,0.0017427639752338742,-5.9523809523809526,-111.11111111111111,0.0,1642.0,277.975,324.0,15000.0
17568,Mons,375.0,325.0,0.0012662622326555795,0.0017913245729140534,0.000709466070076159,0.0058843836515491965,0.001008923013520846,0.0018071731791390322,0.0007982501656181862,19.607843137254903,10.989010989010989,90.9090909090909,1601.0,325.475,373.0,16000.0
17568,Mons,425.0,375.0,0.0,0.0,0.0,0.0,0.0,0.0,0.0,0.0,0.0,0.0,1552.0,376.0,423.0,15000.0
17568,Mons,500.0,425.0,0.005957508621282193,0.0083155075958828,0.003376955788184477,0.030504580330727338,0.00460231869654365,0.008273157946163456,0.003670839249619806,69.76744186046511,39.59785639595678,352.94117647058823,1486.0,426.0,497.0,15000.0
17568,Mons,600.0,500.0,0.005349324025437641,0.008673275137577223,0.0027801952146909617,0.03754823579391897,0.004145969914096881,0.008142271612429308,0.003996301698332427,39.473684210526315,20.541871921182267,272.72727272727275,1400.0,503.0,595.0,9000.0
17568,Mons,700.0,600.0,,,0.15040676088227564,59999.0,0.3436684277973467,3.8149639044558894,3.471295476658543,,76.41060572865953,5999.9,1319.0,600.0,693.025,6000.0
17569,Kortrijk,325.0,275.0,0.0,0.0,0.0,0.0,0.0,0.0,0.0,0.0,0.0,0.0,1640.0,277.0,324.0,10000.0
17569,Kortrijk,375.0,325.0,0.0045643350154995765,0.006271825565466137,0.0024957146205644375,0.018769265121506118,0.003492703312129475,0.006784839234850848,0.003292135922721373,40.816326530612244,22.340823970037455,166.66666666666666,1599.0,326.0,373.0,10000.0
17569,Kortrijk,425.0,375.0,0.004576823912877392,0.006069263897248583,0.0025950918189878713,0.02160904874222824,0.0035038751704576376,0.006597915017086398,0.00309403984662876,31.746031746031747,18.01801801801802,148.62637362637338,1551.0,376.0,423.0,8000.0
17569,Kortrijk,500.0,425.0,0.004781573152468299,0.006867905991815672,0.00265361336149339,0.022781461820273075,0.00362678510604475,0.006895958340211061,0.0032691732341663116,23.529411764705884,13.071895424836601,111.11111111111111,1486.5,426.0,496.0,6000.0
17569,Kortrijk,600.0,500.0,-0.0029127831887553746,-0.004407504756928307,-0.017018411149872348,-0.0015114551902752572,-0.0045435965188124205,-0.0021852906437044295,0.002358305875107991,-13.072453861927546,-76.92307692307692,-6.778589814304101,1402.5,502.0,596.0,4000.0
17569,Kortrijk,700.0,600.0,,,0.14193320348642818,49999.0,0.3506006194265898,5.069622310029172,4.719021690602582,,61.33195611261668,4999.9,1318.0,600.0,696.0,5000.0
17570,Nieuwpoort (Vlaanderen),325.0,275.0,0.0,0.0,0.0,0.0,0.0,0.0,0.0,0.0,0.0,0.0,1642.0,277.0,324.0,5000.0
17570,Nieuwpoort (Vlaanderen),375.0,325.0,0.0,0.0,0.0,0.0,0.0,0.0,0.0,0.0,0.0,0.0,1600.0,326.0,373.0,5000.0
17570,Nieuwpoort (Vlaanderen),425.0,375.0,-0.002960383233224062,-0.0040447417766129486,-0.01392684669431532,-0.0016405825905392974,-0.004331580971738247,-0.00222096362187274,0.0021106173498655068,-16.261237440507667,-76.92307692307692,-9.005681818181822,1549.0,377.0,423.0,5000.0
17570,Nieuwpoort (Vlaanderen),500.0,425.0,0.008285891695374081,0.011613005615184845,0.0043677289546268485,0.044273782427413755,0.006045567912583927,0.012234716073474372,0.006189148160890445,35.714285714285715,18.862737341772153,187.5,1489.0,427.0,498.0,6000.0
17570,Nieuwpoort (Vlaanderen),600.0,500.0,-0.006569895074520049,-0.009978357053715073,-0.04018245167625841,-0.0032886510008522793,-0.010585772629053691,-0.004983479615822878,0.0056022930132308135,-25.807525807525806,-160.57692307692304,-12.897048415969367,1404.0,501.475,597.0,3000.0
17570,Nieuwpoort (Vlaanderen),700.0,600.0,,,0.15621163047685085,49999.0,0.3197340148878116,3.6911727854354144,3.371438770547603,,67.0723787851478,4999.9,1318.0,600.0,695.0,5000.0
17571,Lens,325.0,275.0,0.0,0.0,0.0,0.0,0.0,0.0,0.0,0.0,0.0,0.0,1642.0,278.0,324.0,1000.0
17571,Lens,375.0,325.0,0.0,0.0,0.0,0.0,0.0,0.0,0.0,0.0,0.0,0.0,1598.0,326.0,374.0,1000.0
17571,Lens,425.0,375.0,0.0,0.0,0.0,0.0,0.0,0.0,0.0,0.0,0.0,0.0,1551.0,376.0,424.0,1000.0
17571,Lens,500.0,425.0,0.0,0.0,0.0,0.0,0.0,0.0,0.0,0.0,0.0,0.0,1488.0,426.0,498.0,1000.0
17571,Lens,600.0,500.0,0.0,0.0,0.0,0.0,0.0,0.0,0.0,0.0,0.0,0.0,1396.0,501.0,597.0,1000.0
17571,Lens,700.0,600.0,,,0.13345930747668575,9999.0,0.2742749857031337,3.6415888336127784,3.367313847909645,,13.600083765272121,999.9,1319.5,600.0,694.0,1000.0
17573,Poperinge,325.0,275.0,0.0,0.0,0.0,0.0,0.0,0.0,0.0,0.0,0.0,0.0,1640.0,277.0,324.0,3000.0
17573,Poperinge,375.0,325.0,-0.0055170722947754935,-0.007289045320799058,-0.022832430155091114,-0.003156349677238879,-0.0077450425363290165,-0.004416098272852609,0.0033289442634764077,-19.23076923076923,-80.28846153846152,-10.989010989010989,1602.0,325.0,373.0,3000.0
17573,Poperinge,425.0,375.0,0.0,0.0,0.0,0.0,0.0,0.0,0.0,0.0,0.0,0.0,1549.0,376.0,423.0,4000.0
17573,Poperinge,500.0,425.0,0.016062047782790634,0.024723250784091703,0.009042550492122992,0.09682497969462589,0.012207958234244143,0.02298634314146386,0.010778384907219718,34.48275862068966,19.48051948051948,200.0,1489.5,427.0,497.0,4000.0
17573,Poperinge,600.0,500.0,-0.008847134054860262,-0.01384269099316721,-0.05612568731830647,-0.004475664667534269,-0.014718561120305007,-0.006642715706043023,0.008075845414261984,-12.820512820512821,-83.33333333333333,-6.471512358609133,1404.0,501.0,595.525,1000.0
17573,Poperinge,700.0,600.0,,,0.1317822407038276,19999.0,0.31665822187606274,4.210007309586913,3.89334908771085,,24.99875,1999.9,1321.0,600.0,695.0,2000.0
17574,Oostende,325.0,275.0,0.0009918605142267278,0.0036842814238163602,0.0,0.01839937614702425,0.0,0.004685856160555835,0.004685856160555835,5.434782608695652,0.0,100.0,1642.0,277.0,324.0,6000.0
17574,Oostende,375.0,325.0,0.004472844466388848,0.006619996992608705,0.0025389398366217897,0.023897877157570167,0.003386684800456674,0.006784839234850848,0.003398154434394174,20.0,11.363636363636363,105.83333333333309,1598.5,326.0,373.0,5000.0
17574,Oostende,425.0,375.0,0.004650815050990964,0.007352679389719867,0.002526713725541585,0.022376061343984732,0.003514479307390461,0.006712710675904177,0.0031982313685137154,16.129032258064516,8.771929824561404,76.92307692307692,1549.0,376.0,424.0,4000.0
17574,Oostende,500.0,425.0,0.004592185136823357,0.006400400736219726,0.0026274181229947293,0.02048015364945277,0.0035630440784122364,0.006588170325057208,0.0030251262466449713,11.29979570990807,6.471512358609132,50.0,1488.0,427.0,498.0,3000.0
17574,Oostende,600.0,500.0,0.008926104497941179,0.013954593826095757,0.004774497754914541,0.05946309435929531,0.006886446645750555,0.013959479790029095,0.00707303314427854,12.820512820512821,6.871752479924421,83.33333333333333,1400.0,503.0,597.0,2000.0
17574,Oostende,700.0,600.0,,,0.1269991794156289,9999.0,0.2826498305280605,2.72759372031494,2.444943889786879,,12.979471153846154,999.9,1314.0,600.0,694.0,1000.0
17578,Geraardsbergen ,325.0,275.0,0.0,0.0,0.0,0.0,0.0,0.0,0.0,0.0,0.0,0.0,1641.0,277.0,324.0,4000.0
17578,Geraardsbergen ,375.0,325.0,-0.004452927215533697,-0.0059942306585875505,-0.017018411149872348,-0.002504090435398676,-0.006739115420140052,-0.0034805467948112456,0.003258568625328806,-20.0,-76.92307692307692,-11.235955056179776,1598.5,326.0,373.0,4000.0
17578,Geraardsbergen ,425.0,375.0,0.0,0.0,0.0,0.0,0.0,0.0,0.0,0.0,0.0,0.0,1550.0,376.0,423.0,5000.0
17578,Geraardsbergen ,500.0,425.0,0.005629253429177972,0.007542632842267457,0.0032383055874694033,0.019162065803589517,0.004490980887532636,0.008045517713967165,0.003554536826434529,21.978021978021978,12.658227848101266,74.31318681318669,1491.0,427.0,497.0,5000.0
17578,Geraardsbergen ,600.0,500.0,-0.0040156375394676536,-0.0062295629965462085,-0.02714972742440661,-0.001961461713486296,-0.006234442804639584,-0.0028944178141124266,0.0033400249905271573,-13.986697965571206,-95.68181818181817,-6.8248532289628185,1398.0,501.0,597.0,3000.0
17578,Geraardsbergen ,700.0,600.0,,,0.1475378336353277,39999.0,0.34225490524505475,4.848035476425731,4.505780571180677,,51.94675324675325,3999.9,1319.0,600.0,695.0,4000.0
17582,Valenciennes,325.0,275.0,0.0006806974014234024,0.002839152598069498,0.0,0.01804126125684169,0.0,0.0032991973306357725,0.0032991973306357725,10.869565217391305,0.0,285.7142857142857,1641.0,277.0,324.0,17000.0
17582,Valenciennes,375.0,325.0,0.0,0.0,0.0,0.0,0.0,0.0,0.0,0.0,0.0,0.0,1600.0,326.0,373.0,15000.0
17582,Valenciennes,425.0,375.0,0.0,0.0,0.0,0.0,0.0,0.0,0.0,0.0,0.0,0.0,1549.0,375.0,423.0,15000.0
17582,Valenciennes,500.0,425.0,0.008600141920948712,0.012211924752048981,0.004944382207826503,0.03904272730309072,0.006425091161478269,0.012783351520793351,0.006358260359315082,89.88764044943821,51.77209886887306,402.0050125313274,1487.0,427.0,498.0,15000.0
17582,Valenciennes,600.0,500.0,-0.004841187851660433,-0.007338165934555375,-0.028230099752447536,-0.0023284936269918344,-0.007560106137249667,-0.003596294996679794,0.003963811140569873,-40.818215475749724,-240.86538461538458,-19.607843137254903,1397.0,502.0,596.525,7000.0
17582,Valenciennes,700.0,600.0,,,0.1567899737837325,99999.0,0.3433993325989002,4.179474679231211,3.8360753466323105,,126.50186147186147,9999.9,1316.0,600.0,696.0,10000.0
17588,Lille,325.0,275.0,0.0017260553633351439,0.006951497172944879,0.0,0.0353183859051983,0.0,0.008476506824642627,0.008476506824642627,66.66666666666667,0.0,1342.857142857134,1641.0,277.0,324.0,45000.0
17588,Lille,375.0,325.0,0.0025367755461929153,0.0036045395508135752,0.0014367169957243409,0.011815782349407389,0.002020972722470926,0.00369858671004919,0.0016776139875782636,78.43137254901961,44.44444444444444,363.6363636363636,1599.0,326.0,373.0,33000.0
17588,Lille,425.0,375.0,0.0017488280155473213,0.002444993516720456,0.0009842614728066135,0.007830448276523239,0.0013285693333542348,0.002484884310213431,0.0011563149768591963,48.003072196620586,27.027027027027028,214.28571428571428,1550.0,375.0,423.0,29000.0
17588,Lille,500.0,425.0,0.001944377211179793,0.00256705679426163,0.0010509176227450512,0.00819720837651696,0.001492667247763757,0.0025059237592688355,0.0010132565115050784,46.51162790697674,25.150316455696203,195.47619047619025,1487.0,426.0,497.0,26000.0
17588,Lille,600.0,500.0,-0.004298442474514053,-0.006895269830027026,-0.030990175987392555,-0.0021220939920016946,-0.007024189886717935,-0.003127975722010068,0.0038962141647078674,-111.11111111111111,-812.1212121212119,-54.794520547945204,1400.0,503.0,597.0,22000.0
17588,Lille,700.0,600.0,,,0.17666521344623698,299999.0,0.39063697771407857,5.059627021136009,4.668990043421931,,386.98672202797206,29999.9,1318.0,600.0,695.0,30000.0
17589,Torhout,325.0,275.0,0.0,0.0,0.0,0.0,0.0,0.0,0.0,0.0,0.0,0.0,1641.0,277.0,324.0,1000.0
17589,Torhout,375.0,325.0,0.0,0.0,0.0,0.0,0.0,0.0,0.0,0.0,0.0,0.0,1599.0,326.475,373.0,1000.0
17589,Torhout,425.0,375.0,0.0,0.0,0.0,0.0,0.0,0.0,0.0,0.0,0.0,0.0,1550.0,376.0,423.0,1000.0
17589,Torhout,500.0,425.0,0.0,0.0,0.0,0.0,0.0,0.0,0.0,0.0,0.0,0.0,1488.5,426.0,497.0,1000.0
17589,Torhout,600.0,500.0,-0.009078893329407922,-0.014048874546364727,-0.05192248566082858,-0.004564076442251783,-0.014955456464126105,-0.006839347841746557,0.008116108622379548,-13.157894736842104,-76.92307692307692,-6.599642732659464,1403.5,502.0,596.0,1000.0
17589,Torhout,700.0,600.0,,,0.1344232113545149,19999.0,0.31665822187606274,2.615265465395181,2.2986072435191183,,25.46935288867251,1999.9,1317.0,600.0,694.0,2000.0
17592,Sint-Niklaas,325.0,275.0,0.002309094581909532,0.008059665309399697,0.0,0.03754823579391897,0.0,0.010727263318404345,0.010727263318404345,5.681818181818182,0.0,90.9090909090909,1642.0,277.0,324.0,3000.0
17592,Sint-Niklaas,375.0,325.0,0.0,0.0,0.0,0.0,0.0,0.0,0.0,0.0,0.0,0.0,1599.5,326.0,373.0,2000.0
17592,Sint-Niklaas,425.0,375.0,0.011242520665180722,0.01577547786892399,0.006264107164007271,0.050756638653219444,0.008701983790398993,0.01664043939193549,0.007938455601536498,16.129032258064516,9.00900900900901,71.42857142857143,1549.0,376.0,423.0,2000.0
17592,Sint-Niklaas,500.0,425.0,0.0,0.0,0.0,0.0,0.0,0.0,0.0,0.0,0.0,0.0,1488.0,426.0,496.525,1000.0
17592,Sint-Niklaas,700.0,600.0,,,0.12201845430196334,9999.0,0.2742749857031337,3.6415888336127784,3.367313847909645,,12.49875,999.9,1319.0,600.0,695.0,1000.0
17594,Roeselare,325.0,275.0,0.0,0.0,0.0,0.0,0.0,0.0,0.0,0.0,0.0,0.0,1642.0,277.0,324.0,4000.0
17594,Roeselare,375.0,325.0,0.0057702254348444,0.007719645307451911,0.0032186963454341523,0.02426318074098921,0.00441884821337607,0.00802318328887508,0.00360433507549901,20.0,11.170411985018728,83.33333333333333,1602.0,326.0,373.0,4000.0
17594,Roeselare,425.0,375.0,0.0,0.0,0.0,0.0,0.0,0.0,0.0,0.0,0.0,0.0,1551.0,376.0,423.0,3000.0
17594,Roeselare,500.0,425.0,0.0045661811098276495,0.005781140604007076,0.0025373706154292464,0.0160497875164145,0.003384590736839277,0.006561190729592159,0.003176599992752882,11.235955056179776,6.25,39.26923076923073,1489.0,427.0,497.0,3000.0
17594,Roeselare,600.0,500.0,-0.0056156328884413576,-0.009739732639491915,-0.039735499207781966,-0.0026808279732696847,-0.00902059498754268,-0.0041288518186768375,0.004891743168865842,-13.88888888888889,-100.0,-6.620614035087721,1396.0,502.0,598.0,2000.0
17594,Roeselare,700.0,600.0,,,0.147272248490798,29999.0,0.3025607302937148,3.3610267508422353,3.0584660205485203,,39.9791082859175,2999.9,1319.0,600.0,695.0,3000.0
17596,Soignies,325.0,275.0,0.0022328008717216186,0.007987443749565518,0.0,0.04137974399241062,0.0,0.010450773046505324,0.010450773046505324,5.4945054945054945,0.0,100.0,1643.0,276.0,324.0,3000.0
17596,Soignies,375.0,325.0,0.0,0.0,0.0,0.0,0.0,0.0,0.0,0.0,0.0,0.0,1598.0,326.0,373.0,2000.0
17596,Soignies,425.0,375.0,0.011920024437113041,0.014987652978933404,0.006234653207721019,0.044273782427413755,0.008285891695374081,0.016347853743147844,0.008061962047773763,17.095265926358856,8.96677927927928,62.5,1551.0,376.0,423.0,2000.0
17596,Soignies,500.0,425.0,0.0,0.0,0.0,0.0,0.0,0.0,0.0,0.0,0.0,0.0,1492.0,428.0,498.0,1000.0
17596,Soignies,600.0,500.0,-0.009078893329407922,-0.014388696126618234,-0.05192248566082858,-0.004564076442251783,-0.013767295506640798,-0.0068226416277746005,0.006944653878866197,-13.157894736842104,-76.92307692307692,-6.599642732659464,1403.0,502.0,597.0,1000.0
17596,Soignies,700.0,600.0,,,0.12916989847149196,19999.0,0.27321917512884375,2.615265465395181,2.342046290266337,,24.53204644685336,1999.9,1318.0,600.0,694.0,2000.0
17598,Enghien,325.0,275.0,0.0,0.0,0.0,0.0,0.0,0.0,0.0,0.0,0.0,0.0,1642.0,276.975,324.0,5000.0
17598,Enghien,375.0,325.0,0.0,0.0,0.0,0.0,0.0,0.0,0.0,0.0,0.0,0.0,1602.0,326.0,373.0,5000.0
17598,Enghien,425.0,375.0,0.0,0.0,0.0,0.0,0.0,0.0,0.0,0.0,0.0,0.0,1552.0,376.0,423.0,5000.0
17598,Enghien,500.0,425.0,0.018781032159179367,0.025391006321192778,0.010469928013997399,0.07965322389736285,0.014738814485114604,0.027186966202466856,0.012448151717352252,46.24431970061481,25.88604943443653,190.47619047619048,1489.0,427.0,498.0,5000.0
17598,Enghien,600.0,500.0,-0.00932312146765335,-0.015601575761454496,-0.06696700846319259,-0.004641190733500444,-0.014412500021283803,-0.007047976109570531,0.007364523911713272,-13.513513513513514,-100.0,-6.7114093959731544,1400.0,502.0,596.0,1000.0
17598,Enghien,700.0,600.0,,,0.13005384092603278,19999.0,0.2809310403725769,3.1155971378360787,2.8346660974635016,,24.690123456790126,1999.9,1321.0,600.0,695.0,2000.0
17605,Arras,325.0,275.0,-0.0009550803611600989,-0.0033879747705102127,-0.01612054345947367,0.0,-0.004382771004116881,0.0,0.004382771004116881,-17.647058823529413,-300.0,0.0,1641.0,278.0,324.0,17000.0
17605,Arras,375.0,325.0,0.0057702254348444,0.008165177540731419,0.003350741603306062,0.022376061343984732,0.004505150194401342,0.00802318328887508,0.003518033094473738,100.0,58.13953488372093,384.61538461538464,1601.0,326.475,373.0,20000.0
17605,Arras,425.0,375.0,0.00509745506270054,0.006915631505651927,0.0028484416712625696,0.020892245301048717,0.0038364134554951246,0.007411974854322656,0.0035755613988275314,65.57377049180327,36.68350168350169,266.6666666666667,1552.0,376.0,423.0,15000.0
17605,Arras,500.0,425.0,0.0010595629384364535,0.0017702698683760305,0.0006130228197450405,0.005028928076856287,0.0008219771192561343,0.0015384431559237743,0.0007164660366676401,11.11111111111111,6.429900744416874,52.63157894736842,1490.0,426.0,498.0,11000.0
17605,Arras,600.0,500.0,-0.015463129667247,-0.02237809757556303,-0.07839340821131202,-0.007625371777214783,-0.02425333540705249,-0.01100831011317882,0.013245025293873669,-283.70221327967806,-1486.2637362637363,-139.3502331002331,1399.0,501.0,596.0,10000.0
17605,Arras,700.0,600.0,,,0.17916958296946486,299999.0,0.3601547523892661,5.059627021136009,4.699472268746743,,392.0441477272728,29999.9,1321.0,600.0,693.0,30000.0
17606,Bailleul,325.0,275.0,0.0,0.0,0.0,0.0,0.0,0.0,0.0,0.0,0.0,0.0,1642.0,277.0,324.0,2000.0
17606,Bailleul,375.0,325.0,0.013164143024914754,0.01812663686105627,0.0075198103064705426,0.054766076481646664,0.010096237848608247,0.018408093274101978,0.00831185542549373,18.867924528301888,10.808204768583451,76.92307692307692,1602.0,326.0,373.0,2000.0
17606,Bailleul,425.0,375.0,0.0,0.0,0.0,0.0,0.0,0.0,0.0,0.0,0.0,0.0,1548.0,376.0,424.0,1000.0
17606,Bailleul,500.0,425.0,0.0,0.0,0.0,0.0,0.0,0.0,0.0,0.0,0.0,0.0,1487.0,426.0,498.0,1000.0
17606,Bailleul,600.0,500.0,-0.008847134054860262,-0.014640263719128424,-0.06416549687886561,-0.00467111416422288,-0.013767295506640798,-0.0068226416277746005,0.006944653878866197,-12.820512820512821,-95.68181818181817,-6.75478244989271,1404.0,501.475,598.0,1000.0
17606,Bailleul,700.0,600.0,,,0.13531322355959183,19999.0,0.3069051036156929,2.4484882412482154,2.1415831376325225,,25.62752013808976,1999.9,1317.0,600.0,695.0,2000.0
17608,Hondschoote,325.0,275.0,0.0,0.0,0.0,0.0,0.0,0.0,0.0,0.0,0.0,0.0,1643.0,276.975,324.0,4000.0
17608,Hondschoote,375.0,325.0,-0.011355761391242392,-0.015459370131645162,-0.04960174128880712,-0.006130753806744771,-0.015861876640005712,-0.008572518273712082,0.00728935836629363,-61.224489795918366,-272.72727272727275,-32.967032967032964,1600.0,325.0,373.0,4000.0
17608,Hondschoote,425.0,375.0,-0.008322212048361644,-0.01097953213040097,-0.028773267744166955,-0.0048879829281438525,-0.011973488589733905,-0.006551572306913389,0.005421916282820516,-77.52403846153845,-270.8333333333333,-45.45454545454545,1550.0,375.0,424.0,7000.0
17608,Hondschoote,500.0,425.0,0.01569828465972245,0.02309174672053279,0.009223029776485703,0.07569058622018243,0.012234716073474372,0.023373891996774976,0.011139175923300604,101.12359550561797,59.602649006622514,473.6842105263158,1486.0,426.475,498.0,12000.0
17608,Hondschoote,600.0,500.0,0.005494296807211585,0.008836761401514973,0.0027901411264628475,0.0256653964664324,0.004104005613266182,0.008664236282960536,0.004560230669694354,13.513513513513514,6.871752479924421,62.5,1398.0,502.0,596.0,3000.0
17608,Hondschoote,700.0,600.0,,,0.13538044560631102,19999.0,0.2977319584968121,4.210007309586913,3.9122753510901003,,25.639743589743592,1999.9,1318.0,600.0,694.0,2000.0
17610,Condé-sur-l&#39;Escaut,325.0,275.0,0.0,0.0,0.0,0.0,0.0,0.0,0.0,0.0,0.0,0.0,1641.0,277.0,324.0,2000.0
17610,Condé-sur-l&#39;Escaut,375.0,325.0,0.013959479790029095,0.020509635737955254,0.007999031637823784,0.06504108943996267,0.010720863771376044,0.020001609421198996,0.009280745649822952,20.0,11.494252873563218,90.9090909090909,1601.0,326.0,374.0,2000.0
17610,Condé-sur-l&#39;Escaut,425.0,375.0,0.0,0.0,0.0,0.0,0.0,0.0,0.0,0.0,0.0,0.0,1551.0,376.0,423.0,1000.0
17610,Condé-sur-l&#39;Escaut,500.0,425.0,0.0,0.0,0.0,0.0,0.0,0.0,0.0,0.0,0.0,0.0,1486.0,427.0,497.0,1000.0
17610,Condé-sur-l&#39;Escaut,600.0,500.0,-0.009078893329407922,-0.013551867984558345,-0.05192248566082858,-0.004564076442251783,-0.014046278251899968,-0.006977033367622565,0.007069244884277404,-13.157894736842104,-76.92307692307692,-6.599642732659464,1404.0,503.0,596.525,1000.0
17610,Condé-sur-l&#39;Escaut,700.0,600.0,,,0.1391803889186347,19999.0,0.3069051036156929,3.1155971378360787,2.808692034220386,,26.314473684210526,1999.9,1320.0,600.0,694.0,2000.0
17611,Douai,325.0,275.0,0.0005181932018420987,0.002077893258371171,0.0,0.01256026735575568,0.0,0.002354426156039535,0.002354426156039535,5.9523809523809526,0.0,143.45238095238042,1641.0,277.0,324.0,12000.0
17611,Douai,375.0,325.0,0.0,0.0,0.0,0.0,0.0,0.0,0.0,0.0,0.0,0.0,1602.0,325.0,373.0,11000.0
17611,Douai,425.0,375.0,0.0015384431559237743,0.0022711646346461455,0.0008668316616335936,0.006614090243996041,0.0011773614329133597,0.002085643455476738,0.0009082820225633781,16.129032258064516,9.090909090909092,69.16666666666656,1552.0,376.0,423.0,11000.0
17611,Douai,500.0,425.0,0.004015624741283252,0.005548590601683962,0.002380662246462828,0.020012900396002786,0.0031544584069729265,0.005588604308860656,0.00243414590188773,33.70786516853933,20.0,166.66666666666666,1488.0,426.475,498.0,10000.0
17611,Douai,600.0,500.0,-0.004808334444273865,-0.007989830250514956,-0.03704263357383926,-0.002431293714465305,-0.007894781082939617,-0.0036237676082331305,0.0042710134747064865,-40.54054054054054,-317.49999999999994,-20.474559686888455,1402.0,502.0,597.0,7000.0
17611,Douai,700.0,600.0,,,0.15905104831448225,99999.0,0.3153690504363762,4.179474679231211,3.8641056287948343,,128.20384615384614,9999.9,1319.0,600.0,693.025,10000.0
17612,Veurne,325.0,275.0,0.0,0.0,0.0,0.0,0.0,0.0,0.0,0.0,0.0,0.0,1642.0,277.0,324.0,2000.0
17612,Veurne,375.0,325.0,0.0,0.0,0.0,0.0,0.0,0.0,0.0,0.0,0.0,0.0,1601.5,325.475,373.0,2000.0
17612,Veurne,425.0,375.0,0.0,0.0,0.0,0.0,0.0,0.0,0.0,0.0,0.0,0.0,1552.0,375.0,422.525,2000.0
17612,Veurne,500.0,425.0,0.007999031637823784,0.010818085458508658,0.004600930607017606,0.04049653795668208,0.005941918454964945,0.011063084486895525,0.00512116603193058,11.494252873563218,6.622516556291391,57.271241830065286,1488.0,426.0,496.0,2000.0
17612,Veurne,600.0,500.0,-0.009647994522542558,-0.016605050313963556,-0.07072510506918898,-0.00497425756449954,-0.015629910094144273,-0.007047976109570531,0.008581933984573742,-13.986697965571206,-105.83333333333331,-7.194244604316546,1396.0,502.0,597.525,1000.0
17612,Veurne,700.0,600.0,,,0.13627045781138794,19999.0,0.2809310403725769,4.210007309586913,3.9290762692143355,,25.797910839160842,1999.9,1320.0,600.0,694.025,2000.0
17620,Tielt,325.0,275.0,0.0,0.0,0.0,0.0,0.0,0.0,0.0,0.0,0.0,0.0,1641.0,277.0,324.0,2000.0
17620,Tielt,375.0,325.0,0.013959479790029095,0.017919846921016,0.00781857725471724,0.05946309435929531,0.010399179810881787,0.019440643702144822,0.009041463891263035,20.0,11.235955056179776,83.33333333333333,1601.0,325.475,373.0,2000.0
17620,Tielt,425.0,375.0,0.0,0.0,0.0,0.0,0.0,0.0,0.0,0.0,0.0,0.0,1551.0,376.0,423.0,1000.0
17620,Tielt,500.0,425.0,0.0,0.0,0.0,0.0,0.0,0.0,0.0,0.0,0.0,0.0,1487.0,426.0,497.0,1000.0
17620,Tielt,600.0,500.0,0.0,0.0,0.0,0.0,0.0,0.0,0.0,0.0,0.0,0.0,1400.0,503.0,596.525,1000.0
17620,Tielt,700.0,600.0,,,0.13155540862114612,9999.0,0.26638017346740317,3.6415888336127784,3.3752086601453755,,13.417577027027026,999.9,1319.0,600.0,694.025,1000.0
17622,Dunkerque,325.0,275.0,0.0005544361247115104,0.0019376039220890867,0.0,0.00872406714130696,0.0,0.0026510127308128073,0.0026510127308128073,5.813953488372093,0.0,91.13636363636343,1641.0,276.0,324.0,11000.0
17622,Dunkerque,375.0,325.0,0.0045643350154995765,0.0061362189345739926,0.0025103766455460974,0.021580863625896604,0.0034388771294375786,0.00621768201324735,0.002778804883809771,40.816326530612244,22.471910112359552,191.36363636363595,1601.0,326.0,373.0,10000.0
17622,Dunkerque,425.0,375.0,0.002088606115234759,0.002938546261241301,0.0012146588523718194,0.008675264436963035,0.0016297582321411763,0.0029070737287466564,0.00127731549660548,15.625,9.090909090909092,64.68749999999991,1551.0,376.0,423.0,8000.0
17622,Dunkerque,500.0,425.0,0.009674886800466354,0.014510047172965078,0.005481406041985215,0.05282567637202713,0.0075769839716012255,0.01428250793585889,0.006705523964257665,45.45454545454545,25.806451612903224,243.01470588235262,1486.0,426.0,496.0,7000.0
17622,Dunkerque,600.0,500.0,-0.003933095347375626,-0.006265475034464012,-0.02188633144888963,-0.001961461713486296,-0.006268968006330644,-0.002931226892379235,0.003337741113951409,-13.698630136986301,-76.92307692307692,-6.8248532289628185,1400.0,501.0,598.0,3000.0
17622,Dunkerque,700.0,600.0,,,0.14647583028385455,39999.0,0.3192666837609942,3.5439876423907704,3.224720958629776,,51.59711163836164,3999.9,1322.0,600.0,695.0,4000.0
17625,Saint-Omer,325.0,275.0,0.0016967753748435843,0.008004772031090162,0.0,0.040609621968775045,0.0,0.008885177898233287,0.008885177898233287,15.957446808510639,0.0,375.0,1640.0,277.0,324.0,11000.0
17625,Saint-Omer,375.0,325.0,-0.0023528883217950325,-0.0029410793540963825,-0.008377783106175651,-0.0013078444212641926,-0.0031782638801926,-0.0018316021153744477,0.0013466617648181523,-20.0,-71.42857142857143,-11.11111111111111,1602.0,326.0,373.0,8000.0
17625,Saint-Omer,425.0,375.0,-0.003231391898942615,-0.004436102022167804,-0.01480168918220896,-0.0018062109374297197,-0.004655887953005422,-0.002386085612029798,0.002269802340975624,-32.25806451612903,-148.6263736263736,-18.01801801801802,1551.0,376.0,423.0,9000.0
17625,Saint-Omer,500.0,425.0,0.005149407446998211,0.006842645982913761,0.0029104466771746997,0.022856553967679494,0.003972651932228288,0.007316719983607056,0.003344068051378768,45.45454545454545,25.719602977667495,200.0,1486.0,426.0,497.0,11000.0
17625,Saint-Omer,600.0,500.0,-0.005968934417403371,-0.009993389067536301,-0.03302988213329672,-0.0031886221291653532,-0.010456231475934996,-0.004648801168647965,0.0058074303072870315,-52.98245614035088,-297.2527472527472,-28.26390969933074,1401.0,503.0,597.0,7000.0
17625,Saint-Omer,700.0,600.0,,,0.14910627988525602,109999.0,0.33670267490522554,3.267505462020959,2.9308027871157334,,131.70060993975903,10999.9,1321.0,600.0,694.0,11000.0
17627,Menen,325.0,275.0,0.002184678900587267,0.008750130632369074,0.0,0.05198950550864412,0.0,0.010800142716760497,0.010800142716760497,5.376344086021505,0.0,125.0,1641.0,278.0,324.0,3000.0
17627,Menen,375.0,325.0,0.0,0.0,0.0,0.0,0.0,0.0,0.0,0.0,0.0,0.0,1600.0,326.0,373.525,2000.0
17627,Menen,425.0,375.0,0.0,0.0,0.0,0.0,0.0,0.0,0.0,0.0,0.0,0.0,1549.0,376.0,423.0,2000.0
17627,Menen,500.0,425.0,0.007999031637823784,0.01062747100533046,0.004631674402053809,0.03445403194506136,0.006208004390128696,0.011288858855190653,0.005080854465061957,11.494252873563218,6.666666666666667,48.869047619047564,1486.0,427.0,498.0,2000.0
17627,Menen,600.0,500.0,-0.00932312146765335,-0.014867346891764652,-0.06106908933829369,-0.00467111416422288,-0.014639596005697975,-0.007120376362407699,0.007519219643290276,-13.513513513513514,-90.9090909090909,-6.75478244989271,1399.0,504.0,596.0,1000.0
17627,Menen,700.0,600.0,,,0.13725415551173614,19999.0,0.2890887562651854,4.210007309586913,3.9209185533217275,,25.972727272727273,1999.9,1320.0,600.0,694.0,2000.0
17630,Comines,325.0,275.0,0.0,0.0,0.0,0.0,0.0,0.0,0.0,0.0,0.0,0.0,1641.0,278.0,324.0,2000.0
17630,Comines,375.0,325.0,0.013959479790029095,0.023650001743968543,0.008092418974347648,0.07612375762319976,0.010557571994472825,0.020001609421198996,0.00944403742672617,20.0,11.627906976744185,105.83333333333309,1600.0,326.0,373.0,2000.0
17630,Comines,425.0,375.0,0.0,0.0,0.0,0.0,0.0,0.0,0.0,0.0,0.0,0.0,1549.0,375.475,423.0,1000.0
17630,Comines,500.0,425.0,0.0,0.0,0.0,0.0,0.0,0.0,0.0,0.0,0.0,0.0,1485.0,427.0,498.0,1000.0
17630,Comines,600.0,500.0,0.0,0.0,0.0,0.0,0.0,0.0,0.0,0.0,0.0,0.0,1403.0,502.0,596.0,1000.0
17630,Comines,700.0,600.0,,,0.13155540862114612,9999.0,0.2742749857031337,2.72759372031494,2.4533187346118064,,13.417577027027026,999.9,1317.0,600.0,693.0,1000.0
17632,Tournai,325.0,275.0,0.0010139241923130538,0.004005382601991877,0.0,0.023051875220462925,0.0,0.00484204074110256,0.00484204074110256,22.22222222222222,0.0,500.0,1641.0,278.0,324.0,24000.0
17632,Tournai,375.0,325.0,-0.005233542336135377,-0.007553471277292412,-0.024790325655360605,-0.0029435722546393706,-0.007686899521103241,-0.004155852578857866,0.003531046942245375,-120.0,-574.090909090909,-67.41573033707866,1600.5,326.0,373.0,20000.0
17632,Tournai,425.0,375.0,-0.004670475174716471,-0.006294365474037626,-0.01962170670101293,-0.0026495415964499984,-0.006621102320364641,-0.0036184561310884655,0.0030026461892761758,-141.74107142857144,-600.0,-80.32767280554894,1552.0,375.0,423.0,26000.0
17632,Tournai,500.0,425.0,-0.0015336663233427306,-0.002074202921693046,-0.0063384643880467495,-0.0008637767836004341,-0.00215141452218226,-0.0012356377537902086,0.0009157767683920515,-57.47126436781609,-238.0952380952381,-32.35756179304567,1489.0,427.0,498.0,35000.0
17632,Tournai,600.0,500.0,0.009673533228510944,0.014386428268431905,0.004438213075232811,0.050756638653219444,0.006955550056718884,0.014857097917020168,0.007901547860301283,277.77777777777777,127.77641678915565,1428.5714285714287,1402.0,501.475,596.0,40000.0
17632,Tournai,700.0,600.0,,,0.16708273783332905,199999.0,0.37879845902598386,4.718603679678212,4.339805220652228,,253.16329113924053,19999.9,1320.0,600.0,695.0,20000.0
17633,Oudenaarde,325.0,275.0,-0.0017493920360669435,-0.006614302394527635,-0.03308745165425109,0.0,-0.009052620287559043,0.0,0.009052620287559043,-10.416666666666666,-200.0,0.0,1643.0,276.975,324.0,5000.0
17633,Oudenaarde,375.0,325.0,0.0,0.0,0.0,0.0,0.0,0.0,0.0,0.0,0.0,0.0,1602.0,326.0,373.0,7000.0
17633,Oudenaarde,425.0,375.0,0.0,0.0,0.0,0.0,0.0,0.0,0.0,0.0,0.0,0.0,1551.0,376.0,423.0,7000.0
17633,Oudenaarde,500.0,425.0,0.009674886800466354,0.012912566321064698,0.005427912403353491,0.04026636125949767,0.007443849007841674,0.013759902434282045,0.006316053426440371,45.45454545454545,25.55528335783113,186.36363636363618,1490.0,426.475,497.0,7000.0
17633,Oudenaarde,600.0,500.0,-0.003729160158135958,-0.005780524307453502,-0.01899606168258583,-0.0018721103476303266,-0.005737120953595243,-0.0028726866410665464,0.0028644343125286964,-12.987012987012987,-66.66666666666667,-6.5136660724896025,1403.0,503.0,597.525,3000.0
17633,Oudenaarde,700.0,600.0,,,0.1406516751619222,39999.0,0.31220454674316356,4.848035476425731,4.535830929682568,,49.67468402777778,3999.9,1319.0,600.0,694.0,4000.0
17634,Bergues,325.0,275.0,0.0,0.0,0.0,0.0,0.0,0.0,0.0,0.0,0.0,0.0,1641.0,277.0,324.0,2000.0
17634,Bergues,375.0,325.0,0.014246386967327274,0.020801313960768605,0.008137825955899103,0.06504108943996267,0.011063084486895525,0.020001609421198996,0.008938524934303471,20.408163265306122,11.692886456908345,90.9090909090909,1601.0,326.0,373.0,2000.0
17634,Bergues,425.0,375.0,0.0,0.0,0.0,0.0,0.0,0.0,0.0,0.0,0.0,0.0,1551.0,376.0,422.525,1000.0
17634,Bergues,500.0,425.0,0.0,0.0,0.0,0.0,0.0,0.0,0.0,0.0,0.0,0.0,1489.0,427.0,497.525,1000.0
17634,Bergues,600.0,500.0,-0.009450230099967927,-0.014046488613397183,-0.05612568731830647,-0.004503668479782002,-0.014718561120305007,-0.006907504562964073,0.007811056557340934,-13.698630136986301,-83.33333333333333,-6.512096774193551,1402.0,502.0,595.525,1000.0
17634,Bergues,700.0,600.0,,,0.1344232113545149,19999.0,0.3470355879583048,3.1155971378360787,2.768561549877774,,25.46935288867251,1999.9,1321.5,600.0,695.0,2000.0
17635,Tourcoing,325.0,275.0,0.001413874089962408,0.005493834970457683,0.0,0.025449899701238676,0.0,0.00668044191490097,0.00668044191490097,11.235955056179776,0.0,200.0,1642.0,276.0,324.0,9000.0
17635,Tourcoing,375.0,325.0,0.0068904107325968855,0.009589986481177093,0.0038749853897723785,0.03809344426552097,0.005189917151443568,0.009659850528855207,0.004469933377411639,40.816326530612244,22.988505747126435,222.22222222222223,1600.0,326.0,373.525,7000.0
17635,Tourcoing,425.0,375.0,0.0035482412888032666,0.004779373806502351,0.0020028821065711357,0.012861784899410766,0.0027502347805676286,0.005084325888737418,0.002334091108169789,15.873015873015873,8.96677927927928,57.271241830065286,1550.0,376.0,423.525,5000.0
17635,Tourcoing,500.0,425.0,0.008188012619719132,0.01215140907360342,0.004525137031312121,0.04089238188633321,0.006364866368732902,0.011619440301922523,0.005254573933189621,23.529411764705884,13.027332144979203,115.62499999999955,1489.0,426.475,497.525,4000.0
17635,Tourcoing,600.0,500.0,-0.005152052046854205,-0.008277519423431785,-0.029681378307778835,-0.00276341452902523,-0.00824065622001302,-0.003967257676113167,0.004273398543899853,-12.739370334307043,-74.3131868131868,-6.8248532289628185,1402.0,501.475,597.0,2000.0
17635,Tourcoing,700.0,600.0,,,0.13224710763624015,29999.0,0.311653070932316,3.3610267508422353,3.0493736799099196,,36.14337349397591,2999.9,1316.0,600.0,694.0,3000.0
17670,Ath,325.0,275.0,-0.0016318883615727975,-0.005541125693282567,-0.02835834213692645,0.0,-0.007349324061850182,0.0,0.007349324061850182,-5.681818181818182,-100.0,0.0,1641.0,277.0,324.0,3000.0
17670,Ath,375.0,325.0,0.0,0.0,0.0,0.0,0.0,0.0,0.0,0.0,0.0,0.0,1599.0,327.0,372.525,4000.0
17670,Ath,425.0,375.0,-0.0035926205776924958,-0.00511629280632523,-0.018423470126248342,-0.002016946297777223,-0.005298852985094027,-0.002717563541566048,0.0025812894435279787,-16.129032258064516,-83.33333333333333,-9.04791154791155,1550.0,376.0,423.0,4000.0
17670,Ath,500.0,425.0,0.005629253429177972,0.008113347710215407,0.003411309475866764,0.030705124989418457,0.004413379570041176,0.008141304877259836,0.0037279253072186602,21.978021978021978,13.333333333333334,118.40277777777746,1488.0,427.0,497.0,5000.0
17670,Ath,600.0,500.0,-0.004043662465665454,-0.006254836199898961,-0.024804293813786873,-0.002002420643805386,-0.006667950652373467,-0.0029016615384610533,0.0037662891139124133,-14.084507042253522,-87.31060606060605,-6.9675116550116565,1397.5,502.0,596.0,3000.0
17670,Ath,700.0,600.0,,,0.14254097673097893,39999.0,0.32911947047020557,3.5439876423907704,3.214868171920565,,50.29937539556962,3999.9,1319.0,600.0,695.0,4000.0
17672,Cambrai,325.0,275.0,0.0,0.0,0.0,0.0,0.0,0.0,0.0,0.0,0.0,0.0,1640.0,277.0,324.0,12000.0
17672,Cambrai,375.0,325.0,0.0018143810216006973,0.0027464384693581378,0.0009721247357481977,0.00873910263040134,0.0013766847226767687,0.0026401875663844,0.0012635028437076312,20.833333333333332,11.166958041958042,100.0,1599.0,326.0,373.0,12000.0
17672,Cambrai,425.0,375.0,0.0,0.0,0.0,0.0,0.0,0.0,0.0,0.0,0.0,0.0,1552.0,375.0,424.0,11000.0
17672,Cambrai,500.0,425.0,0.0010836569574104171,0.00141601583151211,0.0006272372876963139,0.00454889494402444,0.0008438087250635107,0.001520114499147962,0.0006763057740844514,11.363636363636363,6.578947368421052,47.61904761904762,1487.0,426.0,496.525,11000.0
17672,Cambrai,600.0,500.0,0.0028835410820081675,0.004957041864830509,0.0015611925445628838,0.017485463910767152,0.002211784486823909,0.004472844466388848,0.002261059979564939,25.807525807525806,13.98180751173709,155.35714285714232,1402.0,503.475,597.0,10000.0
17672,Cambrai,700.0,600.0,,,0.1589766144723298,79999.0,0.35680034578611486,4.016969106227038,3.660168760440923,,104.54414772727273,7999.9,1317.0,600.0,694.025,8000.0
17673,Le Cateau-Cambrésis,325.0,275.0,0.0,0.0,0.0,0.0,0.0,0.0,0.0,0.0,0.0,0.0,1642.0,277.0,324.0,2000.0
17673,Le Cateau-Cambrésis,375.0,325.0,0.01439586095242551,0.020233396683542182,0.007907775099265324,0.06504108943996267,0.010889286051700475,0.02059590957958668,0.009706623527886205,20.62074829931973,11.363636363636363,90.9090909090909,1600.0,326.0,373.0,2000.0
17673,Le Cateau-Cambrésis,425.0,375.0,0.0,0.0,0.0,0.0,0.0,0.0,0.0,0.0,0.0,0.0,1552.0,377.0,423.0,1000.0
17673,Le Cateau-Cambrésis,500.0,425.0,0.0,0.0,0.0,0.0,0.0,0.0,0.0,0.0,0.0,0.0,1488.0,426.0,498.0,1000.0
17673,Le Cateau-Cambrésis,600.0,500.0,-0.009450230099967927,-0.015435374435191954,-0.07412528771270954,-0.004686382582326356,-0.014955456464126105,-0.007047976109570531,0.007907480354555574,-13.698630136986301,-111.11111111111111,-6.776914590420156,1398.0,502.0,598.0,1000.0
17673,Le Cateau-Cambrésis,700.0,600.0,,,0.1344232113545149,19999.0,0.2955711579389054,4.210007309586913,3.9144361516480073,,25.46935288867251,1999.9,1320.0,600.0,694.0,2000.0
17674,Béthune,325.0,275.0,0.001675370801653031,0.005600173044760904,0.0,0.026565106716781594,0.0,0.007805496438260562,0.007805496438260562,5.813953488372093,0.0,91.13636363636343,1644.0,276.975,324.0,4000.0
17674,Béthune,375.0,325.0,0.0,0.0,0.0,0.0,0.0,0.0,0.0,0.0,0.0,0.0,1601.0,326.0,373.0,3000.0
17674,Béthune,425.0,375.0,0.0,0.0,0.0,0.0,0.0,0.0,0.0,0.0,0.0,0.0,1550.0,375.0,423.0,3000.0
17674,Béthune,500.0,425.0,0.004618189163819064,0.006419265760671001,0.0026619169685144104,0.022781461820273075,0.003586735054310952,0.006895958340211061,0.003309223285900109,11.363636363636363,6.556372549019607,55.55555555555556,1489.0,426.0,497.0,3000.0
17674,Béthune,600.0,500.0,-0.005251940705303326,-0.00836636284461636,-0.031002304154479684,-0.002726253015257102,-0.008283395287843137,-0.0040064586638997035,0.004276936623943434,-12.987012987012987,-77.67857142857142,-6.7329493923453665,1403.0,502.0,597.0,2000.0
17674,Béthune,700.0,600.0,,,0.13224710763624015,29999.0,0.28395424820149207,3.3610267508422353,3.0770725026407435,,36.14337349397591,2999.9,1318.0,600.0,695.0,3000.0
17677,Armentières,325.0,275.0,0.00209440063333155,0.008898915368205354,0.0,0.05198950550864412,0.0,0.010450773046505324,0.010450773046505324,5.154639175257732,0.0,125.0,1642.0,277.0,324.0,3000.0
17677,Armentières,375.0,325.0,0.0,0.0,0.0,0.0,0.0,0.0,0.0,0.0,0.0,0.0,1599.0,326.0,373.0,2000.0
17677,Armentières,425.0,375.0,0.0,0.0,0.0,0.0,0.0,0.0,0.0,0.0,0.0,0.0,1549.0,376.0,423.525,2000.0
17677,Armentières,500.0,425.0,0.007907775099265324,0.011191327095953454,0.004495786510653338,0.03526492384137758,0.0060987605963314095,0.011427873425220447,0.005329112828889038,11.363636363636363,6.471512358609132,50.0,1487.0,427.475,498.0,2000.0
17677,Armentières,600.0,500.0,-0.009995322693322817,-0.01583027954572512,-0.06106908933829369,-0.004801955655646228,-0.014955456464126105,-0.007327522433059119,0.007627934031066985,-14.492753623188406,-90.9090909090909,-6.944444444444445,1398.0,502.475,597.0,1000.0
17677,Armentières,700.0,600.0,,,0.14212948990541047,19999.0,0.2977319584968121,3.1155971378360787,2.8178651793392664,,26.83649594594595,1999.9,1320.0,600.0,693.0,2000.0
17683,Bourbourg,325.0,275.0,0.0,0.0,0.0,0.0,0.0,0.0,0.0,0.0,0.0,0.0,1642.0,276.0,324.0,2000.0
17683,Bourbourg,375.0,325.0,0.013683900322685627,0.019949212078577687,0.00786094623087758,0.06504108943996267,0.010720863771376044,0.019042874229474205,0.008322010458098161,19.607843137254903,11.296603677221656,90.9090909090909,1602.0,326.0,373.0,2000.0
17683,Bourbourg,425.0,375.0,0.0,0.0,0.0,0.0,0.0,0.0,0.0,0.0,0.0,0.0,1550.0,376.0,423.0,1000.0
17683,Bourbourg,500.0,425.0,0.0,0.0,0.0,0.0,0.0,0.0,0.0,0.0,0.0,0.0,1490.0,427.0,498.0,1000.0
17683,Bourbourg,600.0,500.0,-0.00919938673477072,-0.01520338248590376,-0.06416549687886561,-0.004403996668282985,-0.015629910094144273,-0.006839347841746557,0.008790562252397716,-13.333333333333334,-95.68181818181817,-6.367656604998379,1397.5,501.475,597.525,1000.0
17683,Bourbourg,700.0,600.0,,,0.13622818442786866,19999.0,0.32704781514661274,3.1155971378360787,2.788549322689466,,25.789849683544304,1999.9,1319.0,600.0,696.0,2000.0
17685,Binche,325.0,275.0,0.0,0.0,0.0,0.0,0.0,0.0,0.0,0.0,0.0,0.0,1643.0,278.0,324.0,2000.0
17685,Binche,375.0,325.0,0.0,0.0,0.0,0.0,0.0,0.0,0.0,0.0,0.0,0.0,1601.0,326.0,374.0,2000.0
17685,Binche,425.0,375.0,0.011242520665180722,0.015649217051509307,0.006234653207721019,0.041616010650583846,0.008386139151709715,0.01664043939193549,0.008254300240225776,16.129032258064516,8.96677927927928,58.8235294117647,1552.0,376.0,423.0,2000.0
17685,Binche,500.0,425.0,0.0,0.0,0.0,0.0,0.0,0.0,0.0,0.0,0.0,0.0,1490.0,426.0,498.0,1000.0
17685,Binche,600.0,500.0,0.0,0.0,0.0,0.0,0.0,0.0,0.0,0.0,0.0,0.0,1402.0,501.0,598.0,1000.0
17685,Binche,700.0,600.0,,,0.12201845430196334,9999.0,0.26638017346740317,2.72759372031494,2.461213546847537,,12.49875,999.9,1320.0,600.0,696.0,1000.0
17705,Temse,325.0,275.0,0.00211626341175708,0.00947514245527904,0.0,0.04608191864321465,0.0,0.011018780911828951,0.011018780911828951,5.208333333333333,0.0,111.11111111111111,1640.5,277.0,324.0,3000.0
17705,Temse,375.0,325.0,0.0,0.0,0.0,0.0,0.0,0.0,0.0,0.0,0.0,0.0,1601.0,325.0,373.0,2000.0
17705,Temse,425.0,375.0,0.0,0.0,0.0,0.0,0.0,0.0,0.0,0.0,0.0,0.0,1551.0,376.0,423.0,2000.0
17705,Temse,500.0,425.0,0.007999031637823784,0.011380757212637864,0.004453137034247767,0.032150719835893966,0.0058914151736861875,0.011288858855190653,0.005397443681504466,11.494252873563218,6.410256410256411,45.652173913043384,1489.0,426.0,497.0,2000.0
17705,Temse,600.0,500.0,-0.00932312146765335,-0.013664956926701662,-0.046810282811976876,-0.004719455847861676,-0.014955456464126105,-0.006977033367622565,0.00797842309650354,-13.513513513513514,-69.16666666666666,-6.8248532289628185,1399.0,501.0,596.0,1000.0
17705,Temse,700.0,600.0,,,0.13816911638001297,19999.0,0.2955711579389054,2.4484882412482154,2.15291708330931,,26.13505681818182,1999.9,1317.0,601.0,696.0,2000.0
17715,Arlon,325.0,275.0,0.0,0.0,0.0,0.0,0.0,0.0,0.0,0.0,0.0,0.0,1641.0,277.0,324.0,2000.0
17715,Arlon,375.0,325.0,0.0,0.0,0.0,0.0,0.0,0.0,0.0,0.0,0.0,0.0,1600.0,326.0,373.0,2000.0
17715,Arlon,425.0,375.0,0.0,0.0,0.0,0.0,0.0,0.0,0.0,0.0,0.0,0.0,1552.0,376.0,423.525,2000.0
17715,Arlon,500.0,425.0,0.007562662046558977,0.012156387867212445,0.00442471044564785,0.033046968773927606,0.005941918454964945,0.010762969341457151,0.004821050886492206,10.869565217391305,6.369426751592357,46.90217391304333,1489.0,426.475,498.0,2000.0
17715,Arlon,600.0,500.0,0.0,0.0,0.0,0.0,0.0,0.0,0.0,0.0,0.0,0.0,1395.0,503.0,598.0,1000.0
17715,Arlon,700.0,600.0,,,0.1354190550832535,9999.0,0.26638017346740317,2.72759372031494,2.461213546847537,,13.787624143835616,999.9,1320.0,600.0,694.0,1000.0
17734,Eupen,325.0,275.0,0.0,0.0,0.0,0.0,0.0,0.0,0.0,0.0,0.0,0.0,1643.0,277.0,324.0,3000.0
17734,Eupen,375.0,325.0,0.008062127687189835,0.01075345238520846,0.0046434622169012115,0.03309072399635027,0.006257421110539063,0.010727263318404345,0.004469842207865282,19.80392156862745,11.425679205851619,80.28846153846139,1601.5,326.0,373.525,3000.0
17734,Eupen,425.0,375.0,0.0,0.0,0.0,0.0,0.0,0.0,0.0,0.0,0.0,0.0,1549.0,375.475,423.0,2000.0
17734,Eupen,500.0,425.0,0.007999031637823784,0.01206643870986454,0.00464533392711764,0.044273782427413755,0.006085462425394539,0.011619440301922523,0.0055339778765279846,11.494252873563218,6.6862806515124396,62.5,1488.0,426.475,497.0,2000.0
17734,Eupen,600.0,500.0,0.0,0.0,0.0,0.0,0.0,0.0,0.0,0.0,0.0,0.0,1402.0,502.0,597.0,1000.0
17734,Eupen,700.0,600.0,,,0.13254131515281187,9999.0,0.28932470639317803,2.72759372031494,2.438269013921762,,13.512162162162161,999.9,1319.0,600.0,695.0,1000.0
18118,Turku,325.0,275.0,0.0,0.0,0.0,0.0,0.0,0.0,0.0,0.0,0.0,0.0,1641.0,277.0,324.0,4000.0
18118,Turku,375.0,325.0,0.005888331169939143,0.008940964016710334,0.0032744638420139083,0.029186008964760646,0.004435686701232955,0.008497134868602707,0.004061448167369752,20.408163265306122,11.363636363636363,100.0,1601.0,325.475,373.0,4000.0
18118,Turku,425.0,375.0,0.006669109111452354,0.009183476960898404,0.00365951855834723,0.02657588433000648,0.004956941626377054,0.009257705998790833,0.004300764372413779,16.39344262295082,9.00900900900901,64.68749999999991,1551.0,376.0,423.0,3000.0
18118,Turku,500.0,425.0,0.007907775099265324,0.010476111770423216,0.004511100233403731,0.03355778300702772,0.006306951692690799,0.011427873425220447,0.0051209217325296486,11.363636363636363,6.4935064935064934,47.61904761904762,1487.0,426.0,497.0,2000.0
18118,Turku,600.0,500.0,0.0,0.0,0.0,0.0,0.0,0.0,0.0,0.0,0.0,0.0,1402.0,502.0,597.0,1000.0
18118,Turku,700.0,600.0,,,0.1305970178320474,9999.0,0.2915496650148839,2.72759372031494,2.436044055300056,,13.325480974395449,999.9,1319.0,600.0,695.0,1000.0
18124,Helsinki,325.0,275.0,0.0,0.0,0.0,0.0,0.0,0.0,0.0,0.0,0.0,0.0,1640.0,277.0,324.0,1000.0
18124,Helsinki,375.0,325.0,0.0,0.0,0.0,0.0,0.0,0.0,0.0,0.0,0.0,0.0,1601.0,326.0,373.0,1000.0
18124,Helsinki,425.0,375.0,,,0.2742749857031337,9999.0,0.6681005372000588,20.544346900318832,19.876246363118774,,26.313157894736843,999.9,1561.0,375.0,422.0,1000.0
18125,Pori,325.0,275.0,0.0,0.0,0.0,0.0,0.0,0.0,0.0,0.0,0.0,0.0,1641.0,277.0,324.0,1000.0
18125,Pori,375.0,325.0,,,0.26638017346740317,9999.0,0.7634776079938357,9.0,8.236522392006165,,25.638461538461538,999.9,1609.0,325.0,372.0,1000.0
18126,Oulu,325.0,275.0,0.0,0.0,0.0,0.0,0.0,0.0,0.0,0.0,0.0,0.0,1642.0,277.0,324.0,1000.0
18126,Oulu,375.0,325.0,,,0.2589254117941673,9999.0,0.6237767391887217,20.544346900318832,19.92057016113011,,24.9975,999.9,1610.0,325.0,372.0,1000.0
18426,Oppenheim,325.0,275.0,-0.004749644549120524,-0.01849149580147627,-0.09708446838579736,0.0,-0.02382452034011151,0.0,0.02382452034011151,-15.625,-334.37499999999994,0.0,1644.0,277.0,324.0,2000.0
18426,Oppenheim,375.0,325.0,0.004472844466388848,0.005678987900470873,0.0025103766455460974,0.015553959392029068,0.0034258290471923525,0.006395896989544125,0.002970067942351773,20.0,11.235955056179776,69.16666666666656,1600.0,326.0,374.0,5000.0
18426,Oppenheim,425.0,375.0,0.0,0.0,0.0,0.0,0.0,0.0,0.0,0.0,0.0,0.0,1550.0,375.475,423.0,4000.0
18426,Oppenheim,500.0,425.0,0.007953403368544554,0.012066151158640317,0.004453137034247767,0.041616010650583846,0.006045567912583927,0.011817539120121179,0.005771971207537252,22.85788923719958,12.820512820512821,117.6470588235294,1488.5,427.0,497.0,4000.0
18426,Oppenheim,600.0,500.0,-0.005538919852493551,-0.009808318268974365,-0.03664267686372904,-0.00276341452902523,-0.008283395287843137,-0.0040872315918704105,0.004196163695972727,-13.698630136986301,-92.08333333333331,-6.8248532289628185,1399.0,502.0,598.0,2000.0
18426,Oppenheim,700.0,600.0,,,0.14836068041756945,29999.0,0.311653070932316,3.3610267508422353,3.0493736799099196,,40.25541486486486,2999.9,1319.0,600.0,694.0,3000.0
18436,Worms,325.0,275.0,-0.006431252924180397,-0.02556619537408268,-0.13971934550852227,0.0,-0.032890631414986826,0.0,0.032890631414986826,-37.634408602150536,-875.0,0.0,1641.0,278.0,324.0,3000.0
18436,Worms,375.0,325.0,0.004300442618710099,0.006149597802697301,0.0025239441613070512,0.022565182563572872,0.003386684800456674,0.00621768201324735,0.0028309972127906757,38.46153846153846,22.59320735444331,200.0,1602.0,325.0,373.0,10000.0
18436,Worms,425.0,375.0,0.004576823912877392,0.0068695592177007965,0.0026427710473571064,0.029186008964760646,0.003514479307390461,0.006712710675904177,0.0031982313685137154,31.746031746031747,18.34862385321101,200.0,1550.0,376.0,424.0,8000.0
18436,Worms,500.0,425.0,-0.005922226903447569,-0.007406986877260692,-0.02248309140108443,-0.0033003560924062653,-0.007949881578672824,-0.0045505577634271654,0.0033993238152456584,-46.51162790697674,-178.06324110671935,-25.886049434436533,1487.5,426.0,497.525,6000.0
18436,Worms,600.0,500.0,-0.007242525736563699,-0.010820814999263238,-0.03999574071415901,-0.003507927174406844,-0.01099387596549517,-0.005345542789010671,0.005648333176484499,-95.89041095890411,-538.4615384615385,-46.35761589403973,1399.0,503.475,597.0,10000.0
18436,Worms,700.0,600.0,,,0.1657151493532768,169999.0,0.3729141865025616,6.442888052869304,6.069973866366743,,216.431356737013,16999.9,1319.0,600.0,695.0,17000.0
18508,Bad Kreuznach,325.0,275.0,-0.0016506147039926367,-0.005943861600073747,-0.031555758684587244,0.0,-0.007349324061850182,0.0,0.007349324061850182,-5.747126436781609,-111.45833333333331,0.0,1642.0,277.0,324.0,3000.0
18508,Bad Kreuznach,375.0,325.0,0.0057702254348444,0.008505800419687818,0.0032376126193063293,0.02543641050186509,0.004505150194401342,0.008497134868602707,0.003991984674201365,20.0,11.235955056179776,87.31060606060589,1600.0,326.0,373.0,4000.0
18508,Bad Kreuznach,425.0,375.0,0.0,0.0,0.0,0.0,0.0,0.0,0.0,0.0,0.0,0.0,1551.0,376.0,423.0,3000.0
18508,Bad Kreuznach,500.0,425.0,0.004725842294654337,0.006231123112474777,0.0025449604799066606,0.021220613101750926,0.0035630440784122364,0.006355503360101045,0.0027924592816888083,11.627906976744185,6.268671383647799,51.78571428571411,1489.0,427.0,498.525,3000.0
18508,Bad Kreuznach,600.0,500.0,-0.005694500684926274,-0.008302401918954577,-0.029681378307778835,-0.0027915759047723123,-0.008636290445255879,-0.004171328400973451,0.004464962044282428,-14.084507042253522,-74.3131868131868,-6.894501522070017,1401.0,502.0,597.0,2000.0
18508,Bad Kreuznach,700.0,600.0,,,0.1297178097167101,29999.0,0.311653070932316,4.574255561017864,4.262602490085548,,35.4925143557423,2999.9,1319.0,600.0,696.0,3000.0
18662,Heidelberg,325.0,275.0,-0.0037529487402787054,-0.014838622172626374,-0.08299595679532878,0.0,-0.01807536035472912,0.0,0.01807536035472912,-16.304347826086957,-375.0,0.0,1642.0,277.0,324.0,3000.0
18662,Heidelberg,375.0,325.0,-0.0030179990067961127,-0.0042420051207971154,-0.012763733707280012,-0.001750178918285994,-0.004660339482685738,-0.00244384512411433,0.002216494358571408,-19.607843137254903,-83.33333333333333,-11.363636363636363,1599.0,326.0,373.0,6000.0
18662,Heidelberg,425.0,375.0,-0.0021173012633932675,-0.0028597271501098415,-0.009492614579133418,-0.0012022622221279367,-0.0030302040139357223,-0.0016271064420227965,0.0014030975719129257,-15.873015873015873,-71.42857142857143,-9.00900900900901,1553.0,377.0,423.0,7000.0
18662,Heidelberg,500.0,425.0,0.005386099077724804,0.008135847909665718,0.0030862717038071695,0.03182963934979388,0.004167986146503377,0.007897610716818715,0.0037296245703153375,34.28683385579937,19.669117647058826,200.0,1488.0,426.0,498.0,8000.0
18662,Heidelberg,600.0,500.0,-0.009139140032089321,-0.0135519876915896,-0.05612568731830647,-0.004518845409075732,-0.014336801359812412,-0.006772522985858731,0.007564278373953681,-66.2280701754386,-416.6666666666667,-32.670454545454554,1400.0,501.0,595.0,5000.0
18662,Heidelberg,700.0,600.0,,,0.15688752831628228,99999.0,0.35387618002254406,3.2169650342858223,2.863088854263278,,126.58101265822785,9999.9,1319.0,600.0,695.0,10000.0
18686,Darmstadt,325.0,275.0,0.0,0.0,0.0,0.0,0.0,0.0,0.0,0.0,0.0,0.0,1642.0,277.0,324.0,2000.0
18686,Darmstadt,375.0,325.0,0.013959479790029095,0.019345954772789963,0.00786094623087758,0.06239154177664555,0.010517973948575066,0.019440643702144822,0.008922669753569756,20.0,11.296603677221656,87.31060606060589,1601.0,325.0,372.525,2000.0
18686,Darmstadt,425.0,375.0,0.0,0.0,0.0,0.0,0.0,0.0,0.0,0.0,0.0,0.0,1551.0,376.475,423.0,1000.0
18686,Darmstadt,500.0,425.0,0.0,0.0,0.0,0.0,0.0,0.0,0.0,0.0,0.0,0.0,1490.0,427.0,497.0,1000.0
18686,Darmstadt,600.0,500.0,-0.008735635603671077,-0.014335081909207794,-0.07072510506918898,-0.004719455847861676,-0.014046278251899968,-0.006642715706043023,0.007403562545856945,-12.658227848101266,-105.83333333333331,-6.8248532289628185,1405.0,502.0,596.525,1000.0
18686,Darmstadt,700.0,600.0,,,0.14319950298086326,19999.0,0.31665822187606274,3.1155971378360787,2.798938915960016,,27.02567567567568,1999.9,1319.0,600.0,693.0,2000.0
18726,Mannheim,325.0,275.0,0.007849142329861225,0.036539650855092136,0.0,0.18920711500272103,0.0,0.03741082525134115,0.03741082525134115,16.853932584269664,0.0,375.0,1640.0,277.0,324.0,4000.0
18726,Mannheim,375.0,325.0,0.0,0.0,0.0,0.0,0.0,0.0,0.0,0.0,0.0,0.0,1599.0,326.0,374.0,1000.0
18726,Mannheim,425.0,375.0,0.0,0.0,0.0,0.0,0.0,0.0,0.0,0.0,0.0,0.0,1550.0,376.0,424.0,1000.0
18726,Mannheim,500.0,425.0,0.0,0.0,0.0,0.0,0.0,0.0,0.0,0.0,0.0,0.0,1489.0,426.0,497.0,1000.0
18726,Mannheim,600.0,500.0,0.0,0.0,0.0,0.0,0.0,0.0,0.0,0.0,0.0,0.0,1398.0,503.0,597.0,1000.0
18726,Mannheim,700.0,600.0,,,0.1269991794156289,9999.0,0.26638017346740317,2.3036066752050197,2.0372265017376163,,12.979471153846154,999.9,1320.0,600.0,695.025,1000.0
19197,Ronse,325.0,275.0,0.0,0.0,0.0,0.0,0.0,0.0,0.0,0.0,0.0,0.0,1641.0,277.0,324.0,4000.0
19197,Ronse,375.0,325.0,0.005888331169939143,0.007821946762336758,0.0032744638420139083,0.02426318074098921,0.004505150194401342,0.008755747830623717,0.004250597636222375,20.408163265306122,11.363636363636363,83.33333333333333,1601.0,326.0,373.0,4000.0
19197,Ronse,425.0,375.0,0.006406106356178665,0.008795119576898046,0.0037267906557580943,0.030590586792438465,0.0050182917336516475,0.008664236282960536,0.0036459445493088882,15.749007936507937,9.174311926605505,74.31318681318669,1553.0,376.0,423.0,3000.0
19197,Ronse,500.0,425.0,0.0076460851390429685,0.010633740651884927,0.004495786510653338,0.03133723061766449,0.006208004390128696,0.011063084486895525,0.004855080096766828,10.989010989010989,6.471512358609132,44.515810276679794,1489.0,426.0,497.0,2000.0
19197,Ronse,600.0,500.0,-0.00919938673477072,-0.014684152778391052,-0.05612568731830647,-0.004817867581472802,-0.014955456464126105,-0.007047976109570531,0.007907480354555574,-13.333333333333334,-83.33333333333333,-6.9675116550116565,1399.0,504.0,596.0,1000.0
19197,Ronse,700.0,600.0,,,0.12746886980735694,19999.0,0.27321917512884375,3.1155971378360787,2.8423779627072348,,24.227183641975312,1999.9,1317.0,600.0,695.0,2000.0
